time_stamp,sensor_index,humidity,temperature,pm2.5,sensor_name,latitude,longitude,datetime
1661299200,18319,17.6,100.0,4.778,Carl Sandburg Elementary powered by UTOPIA Fiber,40.686424,-112.01881,2022-08-24 00:00:00
1661299800,18319,17.6,99.8,4.642,Carl Sandburg Elementary powered by UTOPIA Fiber,40.686424,-112.01881,2022-08-24 00:10:00
1661300400,18319,18.4,99.0,4.438,Carl Sandburg Elementary powered by UTOPIA Fiber,40.686424,-112.01881,2022-08-24 00:20:00
1661301000,18319,18.2,98.2,4.234,Carl Sandburg Elementary powered by UTOPIA Fiber,40.686424,-112.01881,2022-08-24 00:30:00
1661301600,18319,18.2,97.2,5.278,Carl Sandburg Elementary powered by UTOPIA Fiber,40.686424,-112.01881,2022-08-24 00:40:00
1661302200,18319,17.8,96.8,5.52,Carl Sandburg Elementary powered by UTOPIA Fiber,40.686424,-112.01881,2022-08-24 00:50:00
1661302800,18319,18.4,95.8,5.026,Carl Sandburg Elementary powered by UTOPIA Fiber,40.686424,-112.01881,2022-08-24 01:00:00
1661303400,18319,19.2,95.0,4.778,Carl Sandburg Elementary powered by UTOPIA Fiber,40.686424,-112.01881,2022-08-24 01:10:00
1661304000,18319,19.0,94.0,4.458,Carl Sandburg Elementary powered by UTOPIA Fiber,40.686424,-112.01881,2022-08-24 01:20:00
1661304600,18319,20.4,93.4,4.362,Carl Sandburg Elementary powered by UTOPIA Fiber,40.686424,-112.01881,2022-08-24 01:30:00
1661305200,18319,20.0,92.8,4.672,Carl Sandburg Elementary powered by UTOPIA Fiber,40.686424,-112.01881,2022-08-24 01:40:00
1661305800,18319,20.0,92.0,4.488,Carl Sandburg Elementary powered by UTOPIA Fiber,40.686424,-112.01881,2022-08-24 01:50:00
1661306400,18319,20.0,91.2,4.554,Carl Sandburg Elementary powered by UTOPIA Fiber,40.686424,-112.01881,2022-08-24 02:00:00
1661307000,18319,20.4,90.6,4.596,Carl Sandburg Elementary powered by UTOPIA Fiber,40.686424,-112.01881,2022-08-24 02:10:00
1661307600,18319,21.4,90.0,5.494,Carl Sandburg Elementary powered by UTOPIA Fiber,40.686424,-112.01881,2022-08-24 02:20:00
1661308200,18319,22.0,89.0,6.318,Carl Sandburg Elementary powered by UTOPIA Fiber,40.686424,-112.01881,2022-08-24 02:30:00
1661308800,18319,22.4,88.4,6.064,Carl Sandburg Elementary powered by UTOPIA Fiber,40.686424,-112.01881,2022-08-24 02:40:00
1661309400,18319,23.2,87.8,5.856,Carl Sandburg Elementary powered by UTOPIA Fiber,40.686424,-112.01881,2022-08-24 02:50:00
1661310000,18319,23.0,87.0,6.154,Carl Sandburg Elementary powered by UTOPIA Fiber,40.686424,-112.01881,2022-08-24 03:00:00
1661310600,18319,23.0,86.8,5.326,Carl Sandburg Elementary powered by UTOPIA Fiber,40.686424,-112.01881,2022-08-24 03:10:00
1661311200,18319,23.2,86.0,5.66,Carl Sandburg Elementary powered by UTOPIA Fiber,40.686424,-112.01881,2022-08-24 03:20:00
1661311800,18319,23.0,86.0,5.528,Carl Sandburg Elementary powered by UTOPIA Fiber,40.686424,-112.01881,2022-08-24 03:30:00
1661312400,18319,23.0,85.8,5.916,Carl Sandburg Elementary powered by UTOPIA Fiber,40.686424,-112.01881,2022-08-24 03:40:00
1661313000,18319,23.6,85.0,5.804,Carl Sandburg Elementary powered by UTOPIA Fiber,40.686424,-112.01881,2022-08-24 03:50:00
1661313600,18319,24.0,85.0,5.638,Carl Sandburg Elementary powered by UTOPIA Fiber,40.686424,-112.01881,2022-08-24 04:00:00
1661314200,18319,24.2,84.8,5.758,Carl Sandburg Elementary powered by UTOPIA Fiber,40.686424,-112.01881,2022-08-24 04:10:00
1661314800,18319,25.2,84.0,7.28,Carl Sandburg Elementary powered by UTOPIA Fiber,40.686424,-112.01881,2022-08-24 04:20:00
1661315400,18319,26.4,83.2,7.714,Carl Sandburg Elementary powered by UTOPIA Fiber,40.686424,-112.01881,2022-08-24 04:30:00
1661316000,18319,27.0,83.0,10.044,Carl Sandburg Elementary powered by UTOPIA Fiber,40.686424,-112.01881,2022-08-24 04:40:00
1661316600,18319,27.4,82.2,9.162,Carl Sandburg Elementary powered by UTOPIA Fiber,40.686424,-112.01881,2022-08-24 04:50:00
1661317200,18319,28.0,82.0,8.374,Carl Sandburg Elementary powered by UTOPIA Fiber,40.686424,-112.01881,2022-08-24 05:00:00
1661317800,18319,29.2,81.6,7.642,Carl Sandburg Elementary powered by UTOPIA Fiber,40.686424,-112.01881,2022-08-24 05:10:00
1661318400,18319,30.0,81.0,7.078,Carl Sandburg Elementary powered by UTOPIA Fiber,40.686424,-112.01881,2022-08-24 05:20:00
1661319000,18319,30.2,81.0,7.634,Carl Sandburg Elementary powered by UTOPIA Fiber,40.686424,-112.01881,2022-08-24 05:30:00
1661319600,18319,31.0,80.0,8.712,Carl Sandburg Elementary powered by UTOPIA Fiber,40.686424,-112.01881,2022-08-24 05:40:00
1661320200,18319,31.0,80.0,9.474,Carl Sandburg Elementary powered by UTOPIA Fiber,40.686424,-112.01881,2022-08-24 05:50:00
1661320800,18319,31.0,80.0,9.348,Carl Sandburg Elementary powered by UTOPIA Fiber,40.686424,-112.01881,2022-08-24 06:00:00
1661321400,18319,31.0,80.0,8.256,Carl Sandburg Elementary powered by UTOPIA Fiber,40.686424,-112.01881,2022-08-24 06:10:00
1661322000,18319,31.0,79.4,7.724,Carl Sandburg Elementary powered by UTOPIA Fiber,40.686424,-112.01881,2022-08-24 06:20:00
1661322600,18319,31.0,79.0,7.028,Carl Sandburg Elementary powered by UTOPIA Fiber,40.686424,-112.01881,2022-08-24 06:30:00
1661323200,18319,31.0,79.0,7.17,Carl Sandburg Elementary powered by UTOPIA Fiber,40.686424,-112.01881,2022-08-24 06:40:00
1661323800,18319,31.6,79.0,7.43,Carl Sandburg Elementary powered by UTOPIA Fiber,40.686424,-112.01881,2022-08-24 06:50:00
1661324400,18319,32.0,78.0,7.732,Carl Sandburg Elementary powered by UTOPIA Fiber,40.686424,-112.01881,2022-08-24 07:00:00
1661325000,18319,32.0,78.0,7.282,Carl Sandburg Elementary powered by UTOPIA Fiber,40.686424,-112.01881,2022-08-24 07:10:00
1661325600,18319,32.4,78.0,7.046,Carl Sandburg Elementary powered by UTOPIA Fiber,40.686424,-112.01881,2022-08-24 07:20:00
1661326200,18319,32.2,78.0,7.168,Carl Sandburg Elementary powered by UTOPIA Fiber,40.686424,-112.01881,2022-08-24 07:30:00
1661326800,18319,31.2,78.0,6.826,Carl Sandburg Elementary powered by UTOPIA Fiber,40.686424,-112.01881,2022-08-24 07:40:00
1661327400,18319,30.0,78.0,6.158,Carl Sandburg Elementary powered by UTOPIA Fiber,40.686424,-112.01881,2022-08-24 07:50:00
1661328000,18319,30.2,78.0,6.488,Carl Sandburg Elementary powered by UTOPIA Fiber,40.686424,-112.01881,2022-08-24 08:00:00
1661328600,18319,31.0,78.0,6.578,Carl Sandburg Elementary powered by UTOPIA Fiber,40.686424,-112.01881,2022-08-24 08:10:00
1661329200,18319,31.0,78.0,6.708,Carl Sandburg Elementary powered by UTOPIA Fiber,40.686424,-112.01881,2022-08-24 08:20:00
1661329800,18319,31.8,77.0,7.174,Carl Sandburg Elementary powered by UTOPIA Fiber,40.686424,-112.01881,2022-08-24 08:30:00
1661330400,18319,32.4,77.0,7.0,Carl Sandburg Elementary powered by UTOPIA Fiber,40.686424,-112.01881,2022-08-24 08:40:00
1661331000,18319,32.2,77.0,7.26,Carl Sandburg Elementary powered by UTOPIA Fiber,40.686424,-112.01881,2022-08-24 08:50:00
1661331600,18319,32.2,77.0,7.306,Carl Sandburg Elementary powered by UTOPIA Fiber,40.686424,-112.01881,2022-08-24 09:00:00
1661332200,18319,32.0,77.0,7.328,Carl Sandburg Elementary powered by UTOPIA Fiber,40.686424,-112.01881,2022-08-24 09:10:00
1661332800,18319,32.0,77.0,7.606,Carl Sandburg Elementary powered by UTOPIA Fiber,40.686424,-112.01881,2022-08-24 09:20:00
1661333400,18319,32.0,77.0,7.39,Carl Sandburg Elementary powered by UTOPIA Fiber,40.686424,-112.01881,2022-08-24 09:30:00
1661334000,18319,31.0,77.6,7.278,Carl Sandburg Elementary powered by UTOPIA Fiber,40.686424,-112.01881,2022-08-24 09:40:00
1661334600,18319,30.2,78.0,6.868,Carl Sandburg Elementary powered by UTOPIA Fiber,40.686424,-112.01881,2022-08-24 09:50:00
1661335200,18319,30.0,78.8,7.126,Carl Sandburg Elementary powered by UTOPIA Fiber,40.686424,-112.01881,2022-08-24 10:00:00
1661335800,18319,30.0,79.0,6.94,Carl Sandburg Elementary powered by UTOPIA Fiber,40.686424,-112.01881,2022-08-24 10:10:00
1661336400,18319,30.8,79.0,7.0,Carl Sandburg Elementary powered by UTOPIA Fiber,40.686424,-112.01881,2022-08-24 10:20:00
1661337000,18319,31.0,78.2,7.27,Carl Sandburg Elementary powered by UTOPIA Fiber,40.686424,-112.01881,2022-08-24 10:30:00
1661337600,18319,31.0,78.0,6.712,Carl Sandburg Elementary powered by UTOPIA Fiber,40.686424,-112.01881,2022-08-24 10:40:00
1661338200,18319,31.0,78.0,6.888,Carl Sandburg Elementary powered by UTOPIA Fiber,40.686424,-112.01881,2022-08-24 10:50:00
1661338800,18319,31.6,78.0,7.066,Carl Sandburg Elementary powered by UTOPIA Fiber,40.686424,-112.01881,2022-08-24 11:00:00
1661339400,18319,32.0,77.2,7.284,Carl Sandburg Elementary powered by UTOPIA Fiber,40.686424,-112.01881,2022-08-24 11:10:00
1661340000,18319,31.0,77.4,7.372,Carl Sandburg Elementary powered by UTOPIA Fiber,40.686424,-112.01881,2022-08-24 11:20:00
1661340600,18319,31.0,78.0,6.912,Carl Sandburg Elementary powered by UTOPIA Fiber,40.686424,-112.01881,2022-08-24 11:30:00
1661341200,18319,31.0,78.0,7.14,Carl Sandburg Elementary powered by UTOPIA Fiber,40.686424,-112.01881,2022-08-24 11:40:00
1661341800,18319,32.0,77.4,7.398,Carl Sandburg Elementary powered by UTOPIA Fiber,40.686424,-112.01881,2022-08-24 11:50:00
1661342400,18319,33.0,77.0,7.5,Carl Sandburg Elementary powered by UTOPIA Fiber,40.686424,-112.01881,2022-08-24 12:00:00
1661343000,18319,33.2,76.6,7.57,Carl Sandburg Elementary powered by UTOPIA Fiber,40.686424,-112.01881,2022-08-24 12:10:00
1661343600,18319,34.0,76.0,7.966,Carl Sandburg Elementary powered by UTOPIA Fiber,40.686424,-112.01881,2022-08-24 12:20:00
1661344200,18319,33.4,75.8,8.248,Carl Sandburg Elementary powered by UTOPIA Fiber,40.686424,-112.01881,2022-08-24 12:30:00
1661344800,18319,32.0,76.0,7.9,Carl Sandburg Elementary powered by UTOPIA Fiber,40.686424,-112.01881,2022-08-24 12:40:00
1661345400,18319,31.4,76.6,7.79,Carl Sandburg Elementary powered by UTOPIA Fiber,40.686424,-112.01881,2022-08-24 12:50:00
1661346000,18319,31.0,77.0,7.402,Carl Sandburg Elementary powered by UTOPIA Fiber,40.686424,-112.01881,2022-08-24 13:00:00
1661346600,18319,31.0,77.6,7.572,Carl Sandburg Elementary powered by UTOPIA Fiber,40.686424,-112.01881,2022-08-24 13:10:00
1661347200,18319,31.6,78.0,7.744,Carl Sandburg Elementary powered by UTOPIA Fiber,40.686424,-112.01881,2022-08-24 13:20:00
1661347800,18319,32.2,78.0,7.628,Carl Sandburg Elementary powered by UTOPIA Fiber,40.686424,-112.01881,2022-08-24 13:30:00
1661348400,18319,33.0,78.0,8.098,Carl Sandburg Elementary powered by UTOPIA Fiber,40.686424,-112.01881,2022-08-24 13:40:00
1661349000,18319,32.8,78.6,7.654,Carl Sandburg Elementary powered by UTOPIA Fiber,40.686424,-112.01881,2022-08-24 13:50:00
1661349600,18319,32.2,79.8,7.398,Carl Sandburg Elementary powered by UTOPIA Fiber,40.686424,-112.01881,2022-08-24 14:00:00
1661350200,18319,29.4,81.4,7.246,Carl Sandburg Elementary powered by UTOPIA Fiber,40.686424,-112.01881,2022-08-24 14:10:00
1661350800,18319,28.4,82.6,6.598,Carl Sandburg Elementary powered by UTOPIA Fiber,40.686424,-112.01881,2022-08-24 14:20:00
1661351400,18319,27.6,83.2,6.668,Carl Sandburg Elementary powered by UTOPIA Fiber,40.686424,-112.01881,2022-08-24 14:30:00
1661352000,18319,26.2,84.8,6.544,Carl Sandburg Elementary powered by UTOPIA Fiber,40.686424,-112.01881,2022-08-24 14:40:00
1661352600,18319,25.8,87.2,6.876,Carl Sandburg Elementary powered by UTOPIA Fiber,40.686424,-112.01881,2022-08-24 14:50:00
1661353200,18319,24.2,88.6,6.786,Carl Sandburg Elementary powered by UTOPIA Fiber,40.686424,-112.01881,2022-08-24 15:00:00
1661353800,18319,23.0,89.8,6.356,Carl Sandburg Elementary powered by UTOPIA Fiber,40.686424,-112.01881,2022-08-24 15:10:00
1661354400,18319,21.6,91.8,6.078,Carl Sandburg Elementary powered by UTOPIA Fiber,40.686424,-112.01881,2022-08-24 15:20:00
1661355000,18319,20.4,93.8,6.292,Carl Sandburg Elementary powered by UTOPIA Fiber,40.686424,-112.01881,2022-08-24 15:30:00
1661355600,18319,18.8,95.6,6.082,Carl Sandburg Elementary powered by UTOPIA Fiber,40.686424,-112.01881,2022-08-24 15:40:00
1661356200,18319,18.0,96.4,5.968,Carl Sandburg Elementary powered by UTOPIA Fiber,40.686424,-112.01881,2022-08-24 15:50:00
1661356800,18319,17.2,98.4,5.908,Carl Sandburg Elementary powered by UTOPIA Fiber,40.686424,-112.01881,2022-08-24 16:00:00
1661357400,18319,16.8,99.8,5.878,Carl Sandburg Elementary powered by UTOPIA Fiber,40.686424,-112.01881,2022-08-24 16:10:00
1661358000,18319,15.2,100.8,5.374,Carl Sandburg Elementary powered by UTOPIA Fiber,40.686424,-112.01881,2022-08-24 16:20:00
1661358600,18319,14.2,102.4,5.008,Carl Sandburg Elementary powered by UTOPIA Fiber,40.686424,-112.01881,2022-08-24 16:30:00
1661359200,18319,13.6,103.0,4.918,Carl Sandburg Elementary powered by UTOPIA Fiber,40.686424,-112.01881,2022-08-24 16:40:00
1661359800,18319,13.4,103.8,4.838,Carl Sandburg Elementary powered by UTOPIA Fiber,40.686424,-112.01881,2022-08-24 16:50:00
1661360400,18319,11.8,105.8,4.834,Carl Sandburg Elementary powered by UTOPIA Fiber,40.686424,-112.01881,2022-08-24 17:00:00
1661361000,18319,11.6,106.4,4.932,Carl Sandburg Elementary powered by UTOPIA Fiber,40.686424,-112.01881,2022-08-24 17:10:00
1661361600,18319,11.2,107.0,4.948,Carl Sandburg Elementary powered by UTOPIA Fiber,40.686424,-112.01881,2022-08-24 17:20:00
1661362200,18319,11.0,108.8,4.804,Carl Sandburg Elementary powered by UTOPIA Fiber,40.686424,-112.01881,2022-08-24 17:30:00
1661362800,18319,10.4,111.0,4.87,Carl Sandburg Elementary powered by UTOPIA Fiber,40.686424,-112.01881,2022-08-24 17:40:00
1661363400,18319,10.0,112.6,4.75,Carl Sandburg Elementary powered by UTOPIA Fiber,40.686424,-112.01881,2022-08-24 17:50:00
1661364000,18319,9.2,113.2,4.292,Carl Sandburg Elementary powered by UTOPIA Fiber,40.686424,-112.01881,2022-08-24 18:00:00
1661364600,18319,9.4,113.0,4.39,Carl Sandburg Elementary powered by UTOPIA Fiber,40.686424,-112.01881,2022-08-24 18:10:00
1661365200,18319,9.2,112.8,4.638,Carl Sandburg Elementary powered by UTOPIA Fiber,40.686424,-112.01881,2022-08-24 18:20:00
1661365800,18319,8.6,114.8,5.16,Carl Sandburg Elementary powered by UTOPIA Fiber,40.686424,-112.01881,2022-08-24 18:30:00
1661366400,18319,8.6,115.6,6.65,Carl Sandburg Elementary powered by UTOPIA Fiber,40.686424,-112.01881,2022-08-24 18:40:00
1661367000,18319,8.2,116.0,4.486,Carl Sandburg Elementary powered by UTOPIA Fiber,40.686424,-112.01881,2022-08-24 18:50:00
1661367600,18319,8.0,117.8,4.352,Carl Sandburg Elementary powered by UTOPIA Fiber,40.686424,-112.01881,2022-08-24 19:00:00
1661368200,18319,7.2,119.8,4.382,Carl Sandburg Elementary powered by UTOPIA Fiber,40.686424,-112.01881,2022-08-24 19:10:00
1661368800,18319,7.6,120.8,4.816,Carl Sandburg Elementary powered by UTOPIA Fiber,40.686424,-112.01881,2022-08-24 19:20:00
1661369400,18319,7.2,121.6,4.546,Carl Sandburg Elementary powered by UTOPIA Fiber,40.686424,-112.01881,2022-08-24 19:30:00
1661370000,18319,9.2,117.4,5.324,Carl Sandburg Elementary powered by UTOPIA Fiber,40.686424,-112.01881,2022-08-24 19:40:00
1661370600,18319,12.4,109.2,4.198,Carl Sandburg Elementary powered by UTOPIA Fiber,40.686424,-112.01881,2022-08-24 19:50:00
1661371200,18319,14.8,104.2,4.0,Carl Sandburg Elementary powered by UTOPIA Fiber,40.686424,-112.01881,2022-08-24 20:00:00
1661371800,18319,16.6,101.2,3.646,Carl Sandburg Elementary powered by UTOPIA Fiber,40.686424,-112.01881,2022-08-24 20:10:00
1661372400,18319,18.4,98.6,3.466,Carl Sandburg Elementary powered by UTOPIA Fiber,40.686424,-112.01881,2022-08-24 20:20:00
1661373000,18319,20.2,97.4,3.19,Carl Sandburg Elementary powered by UTOPIA Fiber,40.686424,-112.01881,2022-08-24 20:30:00
1661373600,18319,22.0,96.4,3.116,Carl Sandburg Elementary powered by UTOPIA Fiber,40.686424,-112.01881,2022-08-24 20:40:00
1661374200,18319,24.6,95.8,6.704,Carl Sandburg Elementary powered by UTOPIA Fiber,40.686424,-112.01881,2022-08-24 20:50:00
1661374800,18319,26.0,95.0,3.678,Carl Sandburg Elementary powered by UTOPIA Fiber,40.686424,-112.01881,2022-08-24 21:00:00
1661375400,18319,24.4,95.0,3.344,Carl Sandburg Elementary powered by UTOPIA Fiber,40.686424,-112.01881,2022-08-24 21:10:00
1661376000,18319,22.6,95.2,2.964,Carl Sandburg Elementary powered by UTOPIA Fiber,40.686424,-112.01881,2022-08-24 21:20:00
1661376600,18319,21.2,96.0,2.82,Carl Sandburg Elementary powered by UTOPIA Fiber,40.686424,-112.01881,2022-08-24 21:30:00
1661377200,18319,21.0,96.0,3.354,Carl Sandburg Elementary powered by UTOPIA Fiber,40.686424,-112.01881,2022-08-24 21:40:00
1661377800,18319,20.8,96.0,3.53,Carl Sandburg Elementary powered by UTOPIA Fiber,40.686424,-112.01881,2022-08-24 21:50:00
1661378400,18319,20.2,96.2,7.526,Carl Sandburg Elementary powered by UTOPIA Fiber,40.686424,-112.01881,2022-08-24 22:00:00
1661379000,18319,19.2,97.8,9.986,Carl Sandburg Elementary powered by UTOPIA Fiber,40.686424,-112.01881,2022-08-24 22:10:00
1661379600,18319,17.8,99.0,2.818,Carl Sandburg Elementary powered by UTOPIA Fiber,40.686424,-112.01881,2022-08-24 22:20:00
1661380200,18319,17.6,99.0,3.452,Carl Sandburg Elementary powered by UTOPIA Fiber,40.686424,-112.01881,2022-08-24 22:30:00
1661380800,18319,17.2,98.6,2.882,Carl Sandburg Elementary powered by UTOPIA Fiber,40.686424,-112.01881,2022-08-24 22:40:00
1661381400,18319,16.8,98.8,2.814,Carl Sandburg Elementary powered by UTOPIA Fiber,40.686424,-112.01881,2022-08-24 22:50:00
1661382000,18319,17.6,97.6,2.446,Carl Sandburg Elementary powered by UTOPIA Fiber,40.686424,-112.01881,2022-08-24 23:00:00
1661382600,18319,19.0,97.0,4.06,Carl Sandburg Elementary powered by UTOPIA Fiber,40.686424,-112.01881,2022-08-24 23:10:00
1661383200,18319,19.2,97.0,14.768,Carl Sandburg Elementary powered by UTOPIA Fiber,40.686424,-112.01881,2022-08-24 23:20:00
1661383800,18319,19.8,97.0,12.146,Carl Sandburg Elementary powered by UTOPIA Fiber,40.686424,-112.01881,2022-08-24 23:30:00
1661384400,18319,19.4,96.0,20.744,Carl Sandburg Elementary powered by UTOPIA Fiber,40.686424,-112.01881,2022-08-24 23:40:00
1661385000,18319,17.2,96.0,2.3,Carl Sandburg Elementary powered by UTOPIA Fiber,40.686424,-112.01881,2022-08-24 23:50:00
1661385600,18319,21.0,92.0,4.368,Carl Sandburg Elementary powered by UTOPIA Fiber,40.686424,-112.01881,2022-08-25 00:00:00
1661386200,18319,26.4,88.2,4.412,Carl Sandburg Elementary powered by UTOPIA Fiber,40.686424,-112.01881,2022-08-25 00:10:00
1661386800,18319,28.8,86.0,4.496,Carl Sandburg Elementary powered by UTOPIA Fiber,40.686424,-112.01881,2022-08-25 00:20:00
1661387400,18319,30.6,84.4,4.604,Carl Sandburg Elementary powered by UTOPIA Fiber,40.686424,-112.01881,2022-08-25 00:30:00
1661388000,18319,29.2,84.2,4.114,Carl Sandburg Elementary powered by UTOPIA Fiber,40.686424,-112.01881,2022-08-25 00:40:00
1661388600,18319,28.8,84.2,3.306,Carl Sandburg Elementary powered by UTOPIA Fiber,40.686424,-112.01881,2022-08-25 00:50:00
1661389200,18319,30.4,84.0,2.518,Carl Sandburg Elementary powered by UTOPIA Fiber,40.686424,-112.01881,2022-08-25 01:00:00
1661389800,18319,33.4,83.2,3.45,Carl Sandburg Elementary powered by UTOPIA Fiber,40.686424,-112.01881,2022-08-25 01:10:00
1661390400,18319,36.0,82.2,3.278,Carl Sandburg Elementary powered by UTOPIA Fiber,40.686424,-112.01881,2022-08-25 01:20:00
1661391000,18319,38.2,81.4,3.138,Carl Sandburg Elementary powered by UTOPIA Fiber,40.686424,-112.01881,2022-08-25 01:30:00
1661391600,18319,38.6,81.0,3.466,Carl Sandburg Elementary powered by UTOPIA Fiber,40.686424,-112.01881,2022-08-25 01:40:00
1661392200,18319,39.2,81.0,3.312,Carl Sandburg Elementary powered by UTOPIA Fiber,40.686424,-112.01881,2022-08-25 01:50:00
1661392800,18319,37.0,81.0,2.714,Carl Sandburg Elementary powered by UTOPIA Fiber,40.686424,-112.01881,2022-08-25 02:00:00
1661393400,18319,37.0,81.0,2.986,Carl Sandburg Elementary powered by UTOPIA Fiber,40.686424,-112.01881,2022-08-25 02:10:00
1661394000,18319,37.2,81.0,2.956,Carl Sandburg Elementary powered by UTOPIA Fiber,40.686424,-112.01881,2022-08-25 02:20:00
1661394600,18319,37.8,81.0,3.108,Carl Sandburg Elementary powered by UTOPIA Fiber,40.686424,-112.01881,2022-08-25 02:30:00
1661395200,18319,37.2,81.0,3.196,Carl Sandburg Elementary powered by UTOPIA Fiber,40.686424,-112.01881,2022-08-25 02:40:00
1661395800,18319,36.4,81.0,3.28,Carl Sandburg Elementary powered by UTOPIA Fiber,40.686424,-112.01881,2022-08-25 02:50:00
1661396400,18319,36.2,81.0,3.696,Carl Sandburg Elementary powered by UTOPIA Fiber,40.686424,-112.01881,2022-08-25 03:00:00
1661397000,18319,37.2,81.0,3.562,Carl Sandburg Elementary powered by UTOPIA Fiber,40.686424,-112.01881,2022-08-25 03:10:00
1661397600,18319,37.8,81.0,3.434,Carl Sandburg Elementary powered by UTOPIA Fiber,40.686424,-112.01881,2022-08-25 03:20:00
1661398200,18319,39.4,80.8,3.222,Carl Sandburg Elementary powered by UTOPIA Fiber,40.686424,-112.01881,2022-08-25 03:30:00
1661398800,18319,40.4,80.0,3.38,Carl Sandburg Elementary powered by UTOPIA Fiber,40.686424,-112.01881,2022-08-25 03:40:00
1661399400,18319,40.0,80.0,3.57,Carl Sandburg Elementary powered by UTOPIA Fiber,40.686424,-112.01881,2022-08-25 03:50:00
1661400000,18319,39.4,79.2,3.75,Carl Sandburg Elementary powered by UTOPIA Fiber,40.686424,-112.01881,2022-08-25 04:00:00
1661400600,18319,40.0,79.8,3.822,Carl Sandburg Elementary powered by UTOPIA Fiber,40.686424,-112.01881,2022-08-25 04:10:00
1661401200,18319,40.0,79.0,3.996,Carl Sandburg Elementary powered by UTOPIA Fiber,40.686424,-112.01881,2022-08-25 04:20:00
1661401800,18319,39.0,79.0,3.46,Carl Sandburg Elementary powered by UTOPIA Fiber,40.686424,-112.01881,2022-08-25 04:30:00
1661402400,18319,38.0,79.0,3.252,Carl Sandburg Elementary powered by UTOPIA Fiber,40.686424,-112.01881,2022-08-25 04:40:00
1661403000,18319,37.0,79.0,2.862,Carl Sandburg Elementary powered by UTOPIA Fiber,40.686424,-112.01881,2022-08-25 04:50:00
1661403600,18319,36.0,80.0,2.792,Carl Sandburg Elementary powered by UTOPIA Fiber,40.686424,-112.01881,2022-08-25 05:00:00
1661404200,18319,35.4,80.0,2.418,Carl Sandburg Elementary powered by UTOPIA Fiber,40.686424,-112.01881,2022-08-25 05:10:00
1661404800,18319,36.0,80.0,2.698,Carl Sandburg Elementary powered by UTOPIA Fiber,40.686424,-112.01881,2022-08-25 05:20:00
1661405400,18319,36.2,80.0,2.566,Carl Sandburg Elementary powered by UTOPIA Fiber,40.686424,-112.01881,2022-08-25 05:30:00
1661406000,18319,36.4,79.2,3.082,Carl Sandburg Elementary powered by UTOPIA Fiber,40.686424,-112.01881,2022-08-25 05:40:00
1661406600,18319,36.0,79.0,3.762,Carl Sandburg Elementary powered by UTOPIA Fiber,40.686424,-112.01881,2022-08-25 05:50:00
1661407200,18319,34.8,79.0,2.944,Carl Sandburg Elementary powered by UTOPIA Fiber,40.686424,-112.01881,2022-08-25 06:00:00
1661407800,18319,35.0,79.0,2.598,Carl Sandburg Elementary powered by UTOPIA Fiber,40.686424,-112.01881,2022-08-25 06:10:00
1661408400,18319,35.8,79.0,3.166,Carl Sandburg Elementary powered by UTOPIA Fiber,40.686424,-112.01881,2022-08-25 06:20:00
1661409000,18319,36.2,78.4,3.948,Carl Sandburg Elementary powered by UTOPIA Fiber,40.686424,-112.01881,2022-08-25 06:30:00
1661409600,18319,37.0,78.0,3.638,Carl Sandburg Elementary powered by UTOPIA Fiber,40.686424,-112.01881,2022-08-25 06:40:00
1661410200,18319,37.4,78.0,3.976,Carl Sandburg Elementary powered by UTOPIA Fiber,40.686424,-112.01881,2022-08-25 06:50:00
1661410800,18319,39.0,77.0,4.058,Carl Sandburg Elementary powered by UTOPIA Fiber,40.686424,-112.01881,2022-08-25 07:00:00
1661411400,18319,39.4,76.8,4.168,Carl Sandburg Elementary powered by UTOPIA Fiber,40.686424,-112.01881,2022-08-25 07:10:00
1661412000,18319,40.4,76.0,4.054,Carl Sandburg Elementary powered by UTOPIA Fiber,40.686424,-112.01881,2022-08-25 07:20:00
1661412600,18319,41.4,76.0,4.656,Carl Sandburg Elementary powered by UTOPIA Fiber,40.686424,-112.01881,2022-08-25 07:30:00
1661413200,18319,41.8,76.0,4.41,Carl Sandburg Elementary powered by UTOPIA Fiber,40.686424,-112.01881,2022-08-25 07:40:00
1661413800,18319,42.0,75.2,4.958,Carl Sandburg Elementary powered by UTOPIA Fiber,40.686424,-112.01881,2022-08-25 07:50:00
1661414400,18319,42.2,75.0,4.256,Carl Sandburg Elementary powered by UTOPIA Fiber,40.686424,-112.01881,2022-08-25 08:00:00
1661415000,18319,43.4,75.0,4.04,Carl Sandburg Elementary powered by UTOPIA Fiber,40.686424,-112.01881,2022-08-25 08:10:00
1661415600,18319,44.6,75.0,4.042,Carl Sandburg Elementary powered by UTOPIA Fiber,40.686424,-112.01881,2022-08-25 08:20:00
1661416200,18319,45.6,75.0,4.026,Carl Sandburg Elementary powered by UTOPIA Fiber,40.686424,-112.01881,2022-08-25 08:30:00
1661416800,18319,45.6,74.4,3.794,Carl Sandburg Elementary powered by UTOPIA Fiber,40.686424,-112.01881,2022-08-25 08:40:00
1661417400,18319,44.8,74.0,3.362,Carl Sandburg Elementary powered by UTOPIA Fiber,40.686424,-112.01881,2022-08-25 08:50:00
1661418000,18319,46.4,73.6,3.762,Carl Sandburg Elementary powered by UTOPIA Fiber,40.686424,-112.01881,2022-08-25 09:00:00
1661418600,18319,48.0,73.0,4.22,Carl Sandburg Elementary powered by UTOPIA Fiber,40.686424,-112.01881,2022-08-25 09:10:00
1661419200,18319,48.6,73.0,3.826,Carl Sandburg Elementary powered by UTOPIA Fiber,40.686424,-112.01881,2022-08-25 09:20:00
1661419800,18319,49.0,73.0,3.596,Carl Sandburg Elementary powered by UTOPIA Fiber,40.686424,-112.01881,2022-08-25 09:30:00
1661420400,18319,52.2,73.0,3.688,Carl Sandburg Elementary powered by UTOPIA Fiber,40.686424,-112.01881,2022-08-25 09:40:00
1661421000,18319,52.8,73.0,3.548,Carl Sandburg Elementary powered by UTOPIA Fiber,40.686424,-112.01881,2022-08-25 09:50:00
1661421600,18319,52.0,73.0,3.728,Carl Sandburg Elementary powered by UTOPIA Fiber,40.686424,-112.01881,2022-08-25 10:00:00
1661422200,18319,51.4,73.0,3.906,Carl Sandburg Elementary powered by UTOPIA Fiber,40.686424,-112.01881,2022-08-25 10:10:00
1661422800,18319,50.8,72.6,3.828,Carl Sandburg Elementary powered by UTOPIA Fiber,40.686424,-112.01881,2022-08-25 10:20:00
1661423400,18319,51.6,72.8,3.738,Carl Sandburg Elementary powered by UTOPIA Fiber,40.686424,-112.01881,2022-08-25 10:30:00
1661424000,18319,52.0,72.0,3.926,Carl Sandburg Elementary powered by UTOPIA Fiber,40.686424,-112.01881,2022-08-25 10:40:00
1661424600,18319,52.4,71.8,3.644,Carl Sandburg Elementary powered by UTOPIA Fiber,40.686424,-112.01881,2022-08-25 10:50:00
1661425200,18319,51.6,72.0,3.566,Carl Sandburg Elementary powered by UTOPIA Fiber,40.686424,-112.01881,2022-08-25 11:00:00
1661425800,18319,52.4,72.0,3.66,Carl Sandburg Elementary powered by UTOPIA Fiber,40.686424,-112.01881,2022-08-25 11:10:00
1661426400,18319,53.8,72.0,3.836,Carl Sandburg Elementary powered by UTOPIA Fiber,40.686424,-112.01881,2022-08-25 11:20:00
1661427000,18319,55.0,71.2,3.798,Carl Sandburg Elementary powered by UTOPIA Fiber,40.686424,-112.01881,2022-08-25 11:30:00
1661427600,18319,57.2,71.0,4.446,Carl Sandburg Elementary powered by UTOPIA Fiber,40.686424,-112.01881,2022-08-25 11:40:00
1661428200,18319,56.4,71.0,4.556,Carl Sandburg Elementary powered by UTOPIA Fiber,40.686424,-112.01881,2022-08-25 11:50:00
1661428800,18319,54.2,71.0,4.128,Carl Sandburg Elementary powered by UTOPIA Fiber,40.686424,-112.01881,2022-08-25 12:00:00
1661429400,18319,54.4,71.0,3.748,Carl Sandburg Elementary powered by UTOPIA Fiber,40.686424,-112.01881,2022-08-25 12:10:00
1661430000,18319,53.6,71.0,3.658,Carl Sandburg Elementary powered by UTOPIA Fiber,40.686424,-112.01881,2022-08-25 12:20:00
1661430600,18319,52.2,71.0,4.032,Carl Sandburg Elementary powered by UTOPIA Fiber,40.686424,-112.01881,2022-08-25 12:30:00
1661431200,18319,52.2,71.0,5.392,Carl Sandburg Elementary powered by UTOPIA Fiber,40.686424,-112.01881,2022-08-25 12:40:00
1661431800,18319,50.2,71.0,5.952,Carl Sandburg Elementary powered by UTOPIA Fiber,40.686424,-112.01881,2022-08-25 12:50:00
1661432400,18319,48.4,71.0,5.402,Carl Sandburg Elementary powered by UTOPIA Fiber,40.686424,-112.01881,2022-08-25 13:00:00
1661433000,18319,47.4,71.0,5.372,Carl Sandburg Elementary powered by UTOPIA Fiber,40.686424,-112.01881,2022-08-25 13:10:00
1661433600,18319,45.6,72.0,4.18,Carl Sandburg Elementary powered by UTOPIA Fiber,40.686424,-112.01881,2022-08-25 13:20:00
1661434200,18319,44.4,72.8,3.876,Carl Sandburg Elementary powered by UTOPIA Fiber,40.686424,-112.01881,2022-08-25 13:30:00
1661434800,18319,43.6,73.8,3.79,Carl Sandburg Elementary powered by UTOPIA Fiber,40.686424,-112.01881,2022-08-25 13:40:00
1661435400,18319,43.4,75.0,3.954,Carl Sandburg Elementary powered by UTOPIA Fiber,40.686424,-112.01881,2022-08-25 13:50:00
1661436000,18319,43.0,76.0,3.99,Carl Sandburg Elementary powered by UTOPIA Fiber,40.686424,-112.01881,2022-08-25 14:00:00
1661436600,18319,42.0,77.0,4.026,Carl Sandburg Elementary powered by UTOPIA Fiber,40.686424,-112.01881,2022-08-25 14:10:00
1661437200,18319,43.4,78.0,3.954,Carl Sandburg Elementary powered by UTOPIA Fiber,40.686424,-112.01881,2022-08-25 14:20:00
1661437800,18319,39.2,79.2,3.996,Carl Sandburg Elementary powered by UTOPIA Fiber,40.686424,-112.01881,2022-08-25 14:30:00
1661438400,18319,38.2,80.8,3.914,Carl Sandburg Elementary powered by UTOPIA Fiber,40.686424,-112.01881,2022-08-25 14:40:00
1661439000,18319,36.8,82.8,3.218,Carl Sandburg Elementary powered by UTOPIA Fiber,40.686424,-112.01881,2022-08-25 14:50:00
1661439600,18319,34.8,85.0,2.84,Carl Sandburg Elementary powered by UTOPIA Fiber,40.686424,-112.01881,2022-08-25 15:00:00
1661440200,18319,31.8,87.0,2.724,Carl Sandburg Elementary powered by UTOPIA Fiber,40.686424,-112.01881,2022-08-25 15:10:00
1661440800,18319,29.0,88.8,2.672,Carl Sandburg Elementary powered by UTOPIA Fiber,40.686424,-112.01881,2022-08-25 15:20:00
1661441400,18319,27.8,89.6,2.932,Carl Sandburg Elementary powered by UTOPIA Fiber,40.686424,-112.01881,2022-08-25 15:30:00
1661442000,18319,26.4,91.8,2.856,Carl Sandburg Elementary powered by UTOPIA Fiber,40.686424,-112.01881,2022-08-25 15:40:00
1661442600,18319,25.2,93.0,3.082,Carl Sandburg Elementary powered by UTOPIA Fiber,40.686424,-112.01881,2022-08-25 15:50:00
1661443200,18319,25.0,93.4,2.766,Carl Sandburg Elementary powered by UTOPIA Fiber,40.686424,-112.01881,2022-08-25 16:00:00
1661443800,18319,23.4,94.8,2.932,Carl Sandburg Elementary powered by UTOPIA Fiber,40.686424,-112.01881,2022-08-25 16:10:00
1661444400,18319,22.2,95.6,2.358,Carl Sandburg Elementary powered by UTOPIA Fiber,40.686424,-112.01881,2022-08-25 16:20:00
1661445000,18319,20.6,97.6,2.992,Carl Sandburg Elementary powered by UTOPIA Fiber,40.686424,-112.01881,2022-08-25 16:30:00
1661445600,18319,19.8,98.4,2.394,Carl Sandburg Elementary powered by UTOPIA Fiber,40.686424,-112.01881,2022-08-25 16:40:00
1661446200,18319,19.2,99.8,2.416,Carl Sandburg Elementary powered by UTOPIA Fiber,40.686424,-112.01881,2022-08-25 16:50:00
1661446800,18319,18.8,100.6,2.544,Carl Sandburg Elementary powered by UTOPIA Fiber,40.686424,-112.01881,2022-08-25 17:00:00
1661447400,18319,18.2,102.0,2.856,Carl Sandburg Elementary powered by UTOPIA Fiber,40.686424,-112.01881,2022-08-25 17:10:00
1661448000,18319,16.8,102.8,2.382,Carl Sandburg Elementary powered by UTOPIA Fiber,40.686424,-112.01881,2022-08-25 17:20:00
1661448600,18319,16.0,103.4,2.0,Carl Sandburg Elementary powered by UTOPIA Fiber,40.686424,-112.01881,2022-08-25 17:30:00
1661449200,18319,15.0,105.0,2.15,Carl Sandburg Elementary powered by UTOPIA Fiber,40.686424,-112.01881,2022-08-25 17:40:00
1661449800,18319,15.4,106.0,2.51,Carl Sandburg Elementary powered by UTOPIA Fiber,40.686424,-112.01881,2022-08-25 17:50:00
1661450400,18319,15.4,107.0,2.36,Carl Sandburg Elementary powered by UTOPIA Fiber,40.686424,-112.01881,2022-08-25 18:00:00
1661451000,18319,15.0,107.8,2.552,Carl Sandburg Elementary powered by UTOPIA Fiber,40.686424,-112.01881,2022-08-25 18:10:00
1661451600,18319,14.6,108.2,2.418,Carl Sandburg Elementary powered by UTOPIA Fiber,40.686424,-112.01881,2022-08-25 18:20:00
1661452200,18319,14.4,109.2,2.348,Carl Sandburg Elementary powered by UTOPIA Fiber,40.686424,-112.01881,2022-08-25 18:30:00
1661452800,18319,13.6,110.4,2.288,Carl Sandburg Elementary powered by UTOPIA Fiber,40.686424,-112.01881,2022-08-25 18:40:00
1661453400,18319,12.8,112.4,2.4,Carl Sandburg Elementary powered by UTOPIA Fiber,40.686424,-112.01881,2022-08-25 18:50:00
1661454000,18319,12.0,113.4,2.25,Carl Sandburg Elementary powered by UTOPIA Fiber,40.686424,-112.01881,2022-08-25 19:00:00
1661454600,18319,13.0,114.6,3.358,Carl Sandburg Elementary powered by UTOPIA Fiber,40.686424,-112.01881,2022-08-25 19:10:00
1661455200,18319,13.2,115.2,3.658,Carl Sandburg Elementary powered by UTOPIA Fiber,40.686424,-112.01881,2022-08-25 19:20:00
1661455800,18319,12.8,116.8,3.22,Carl Sandburg Elementary powered by UTOPIA Fiber,40.686424,-112.01881,2022-08-25 19:30:00
1661456400,18319,12.2,117.0,3.628,Carl Sandburg Elementary powered by UTOPIA Fiber,40.686424,-112.01881,2022-08-25 19:40:00
1661457000,18319,12.8,117.2,3.728,Carl Sandburg Elementary powered by UTOPIA Fiber,40.686424,-112.01881,2022-08-25 19:50:00
1661457600,18319,12.2,117.8,3.39,Carl Sandburg Elementary powered by UTOPIA Fiber,40.686424,-112.01881,2022-08-25 20:00:00
1661458200,18319,12.0,116.8,3.692,Carl Sandburg Elementary powered by UTOPIA Fiber,40.686424,-112.01881,2022-08-25 20:10:00
1661458800,18319,12.0,117.8,3.364,Carl Sandburg Elementary powered by UTOPIA Fiber,40.686424,-112.01881,2022-08-25 20:20:00
1661459400,18319,12.2,118.2,3.162,Carl Sandburg Elementary powered by UTOPIA Fiber,40.686424,-112.01881,2022-08-25 20:30:00
1661460000,18319,11.4,118.0,3.248,Carl Sandburg Elementary powered by UTOPIA Fiber,40.686424,-112.01881,2022-08-25 20:40:00
1661460600,18319,13.2,118.0,3.12,Carl Sandburg Elementary powered by UTOPIA Fiber,40.686424,-112.01881,2022-08-25 20:50:00
1661461200,18319,12.2,117.6,3.144,Carl Sandburg Elementary powered by UTOPIA Fiber,40.686424,-112.01881,2022-08-25 21:00:00
1661461800,18319,12.0,117.0,2.964,Carl Sandburg Elementary powered by UTOPIA Fiber,40.686424,-112.01881,2022-08-25 21:10:00
1661462400,18319,12.6,116.6,3.002,Carl Sandburg Elementary powered by UTOPIA Fiber,40.686424,-112.01881,2022-08-25 21:20:00
1661463000,18319,12.4,115.4,2.78,Carl Sandburg Elementary powered by UTOPIA Fiber,40.686424,-112.01881,2022-08-25 21:30:00
1661463600,18319,12.8,114.4,2.822,Carl Sandburg Elementary powered by UTOPIA Fiber,40.686424,-112.01881,2022-08-25 21:40:00
1661464200,18319,13.4,112.2,2.992,Carl Sandburg Elementary powered by UTOPIA Fiber,40.686424,-112.01881,2022-08-25 21:50:00
1661464800,18319,14.2,109.6,2.786,Carl Sandburg Elementary powered by UTOPIA Fiber,40.686424,-112.01881,2022-08-25 22:00:00
1661465400,18319,15.6,107.6,2.884,Carl Sandburg Elementary powered by UTOPIA Fiber,40.686424,-112.01881,2022-08-25 22:10:00
1661466000,18319,16.4,106.4,2.678,Carl Sandburg Elementary powered by UTOPIA Fiber,40.686424,-112.01881,2022-08-25 22:20:00
1661466600,18319,17.0,105.2,2.83,Carl Sandburg Elementary powered by UTOPIA Fiber,40.686424,-112.01881,2022-08-25 22:30:00
1661467200,18319,17.0,104.6,2.726,Carl Sandburg Elementary powered by UTOPIA Fiber,40.686424,-112.01881,2022-08-25 22:40:00
1661467800,18319,17.2,103.6,2.96,Carl Sandburg Elementary powered by UTOPIA Fiber,40.686424,-112.01881,2022-08-25 22:50:00
1661468400,18319,17.0,103.0,3.092,Carl Sandburg Elementary powered by UTOPIA Fiber,40.686424,-112.01881,2022-08-25 23:00:00
1661469000,18319,18.4,102.4,2.894,Carl Sandburg Elementary powered by UTOPIA Fiber,40.686424,-112.01881,2022-08-25 23:10:00
1661469600,18319,19.4,101.0,2.988,Carl Sandburg Elementary powered by UTOPIA Fiber,40.686424,-112.01881,2022-08-25 23:20:00
1661470200,18319,19.6,99.8,2.468,Carl Sandburg Elementary powered by UTOPIA Fiber,40.686424,-112.01881,2022-08-25 23:30:00
1661470800,18319,20.8,98.8,2.188,Carl Sandburg Elementary powered by UTOPIA Fiber,40.686424,-112.01881,2022-08-25 23:40:00
1661471400,18319,20.4,98.0,2.078,Carl Sandburg Elementary powered by UTOPIA Fiber,40.686424,-112.01881,2022-08-25 23:50:00
