time_stamp,sensor_index,humidity,temperature,pm2.5,sensor_name,latitude,longitude,datetime
1655769600,18319,20.8,79.4,0.0,Carl Sandburg Elementary powered by UTOPIA Fiber,40.686424,-112.01881,2022-06-21 00:00:00
1655770200,18319,22.0,78.6,0.224,Carl Sandburg Elementary powered by UTOPIA Fiber,40.686424,-112.01881,2022-06-21 00:10:00
1655770800,18319,22.0,78.0,0.008,Carl Sandburg Elementary powered by UTOPIA Fiber,40.686424,-112.01881,2022-06-21 00:20:00
1655771400,18319,22.8,77.0,0.01,Carl Sandburg Elementary powered by UTOPIA Fiber,40.686424,-112.01881,2022-06-21 00:30:00
1655772000,18319,22.0,77.0,0.062,Carl Sandburg Elementary powered by UTOPIA Fiber,40.686424,-112.01881,2022-06-21 00:40:00
1655772600,18319,22.0,76.0,0.086,Carl Sandburg Elementary powered by UTOPIA Fiber,40.686424,-112.01881,2022-06-21 00:50:00
1655773200,18319,24.2,75.2,0.03,Carl Sandburg Elementary powered by UTOPIA Fiber,40.686424,-112.01881,2022-06-21 01:00:00
1655773800,18319,24.2,75.0,0.096,Carl Sandburg Elementary powered by UTOPIA Fiber,40.686424,-112.01881,2022-06-21 01:10:00
1655774400,18319,24.8,74.2,0.248,Carl Sandburg Elementary powered by UTOPIA Fiber,40.686424,-112.01881,2022-06-21 01:20:00
1655775000,18319,25.2,73.6,0.034,Carl Sandburg Elementary powered by UTOPIA Fiber,40.686424,-112.01881,2022-06-21 01:30:00
1655775600,18319,24.0,73.0,0.028,Carl Sandburg Elementary powered by UTOPIA Fiber,40.686424,-112.01881,2022-06-21 01:40:00
1655776200,18319,24.2,73.0,0.024,Carl Sandburg Elementary powered by UTOPIA Fiber,40.686424,-112.01881,2022-06-21 01:50:00
1655776800,18319,25.2,73.0,0.05,Carl Sandburg Elementary powered by UTOPIA Fiber,40.686424,-112.01881,2022-06-21 02:00:00
1655777400,18319,25.0,73.0,0.058,Carl Sandburg Elementary powered by UTOPIA Fiber,40.686424,-112.01881,2022-06-21 02:10:00
1655778000,18319,25.2,73.0,0.0,Carl Sandburg Elementary powered by UTOPIA Fiber,40.686424,-112.01881,2022-06-21 02:20:00
1655778600,18319,26.6,72.4,0.104,Carl Sandburg Elementary powered by UTOPIA Fiber,40.686424,-112.01881,2022-06-21 02:30:00
1655779200,18319,27.8,72.0,0.212,Carl Sandburg Elementary powered by UTOPIA Fiber,40.686424,-112.01881,2022-06-21 02:40:00
1655779800,18319,27.2,71.2,0.63,Carl Sandburg Elementary powered by UTOPIA Fiber,40.686424,-112.01881,2022-06-21 02:50:00
1655780400,18319,27.4,71.0,0.786,Carl Sandburg Elementary powered by UTOPIA Fiber,40.686424,-112.01881,2022-06-21 03:00:00
1655781000,18319,27.0,71.0,0.774,Carl Sandburg Elementary powered by UTOPIA Fiber,40.686424,-112.01881,2022-06-21 03:10:00
1655781600,18319,31.8,70.2,0.802,Carl Sandburg Elementary powered by UTOPIA Fiber,40.686424,-112.01881,2022-06-21 03:20:00
1655782200,18319,64.2,65.0,2.46,Carl Sandburg Elementary powered by UTOPIA Fiber,40.686424,-112.01881,2022-06-21 03:30:00
1655782800,18319,74.6,61.8,2.046,Carl Sandburg Elementary powered by UTOPIA Fiber,40.686424,-112.01881,2022-06-21 03:40:00
1655783400,18319,75.4,60.4,1.808,Carl Sandburg Elementary powered by UTOPIA Fiber,40.686424,-112.01881,2022-06-21 03:50:00
1655784000,18319,90.8,59.0,1.146,Carl Sandburg Elementary powered by UTOPIA Fiber,40.686424,-112.01881,2022-06-21 04:00:00
1655784600,18319,83.75,58.25,1.535,Carl Sandburg Elementary powered by UTOPIA Fiber,40.686424,-112.01881,2022-06-21 04:10:00
1655785200,18319,73.6,58.4,0.708,Carl Sandburg Elementary powered by UTOPIA Fiber,40.686424,-112.01881,2022-06-21 04:20:00
1655785800,18319,62.4,59.6,0.428,Carl Sandburg Elementary powered by UTOPIA Fiber,40.686424,-112.01881,2022-06-21 04:30:00
1655786400,18319,57.2,61.0,1.236,Carl Sandburg Elementary powered by UTOPIA Fiber,40.686424,-112.01881,2022-06-21 04:40:00
1655787000,18319,54.6,61.0,1.056,Carl Sandburg Elementary powered by UTOPIA Fiber,40.686424,-112.01881,2022-06-21 04:50:00
1655787600,18319,52.8,60.8,0.534,Carl Sandburg Elementary powered by UTOPIA Fiber,40.686424,-112.01881,2022-06-21 05:00:00
1655788200,18319,49.0,60.0,0.212,Carl Sandburg Elementary powered by UTOPIA Fiber,40.686424,-112.01881,2022-06-21 05:10:00
1655788800,18319,45.4,61.0,0.374,Carl Sandburg Elementary powered by UTOPIA Fiber,40.686424,-112.01881,2022-06-21 05:20:00
1655789400,18319,43.8,61.0,0.636,Carl Sandburg Elementary powered by UTOPIA Fiber,40.686424,-112.01881,2022-06-21 05:30:00
1655790000,18319,42.4,61.0,0.788,Carl Sandburg Elementary powered by UTOPIA Fiber,40.686424,-112.01881,2022-06-21 05:40:00
1655790600,18319,43.25,61.0,1.198,Carl Sandburg Elementary powered by UTOPIA Fiber,40.686424,-112.01881,2022-06-21 05:50:00
1655791200,18319,42.0,61.0,1.026,Carl Sandburg Elementary powered by UTOPIA Fiber,40.686424,-112.01881,2022-06-21 06:00:00
1655791800,18319,42.0,61.0,0.658,Carl Sandburg Elementary powered by UTOPIA Fiber,40.686424,-112.01881,2022-06-21 06:10:00
1655792400,18319,40.6,61.0,0.418,Carl Sandburg Elementary powered by UTOPIA Fiber,40.686424,-112.01881,2022-06-21 06:20:00
1655793000,18319,40.0,61.0,0.818,Carl Sandburg Elementary powered by UTOPIA Fiber,40.686424,-112.01881,2022-06-21 06:30:00
1655793600,18319,38.4,60.8,0.482,Carl Sandburg Elementary powered by UTOPIA Fiber,40.686424,-112.01881,2022-06-21 06:40:00
1655794200,18319,36.6,61.6,0.482,Carl Sandburg Elementary powered by UTOPIA Fiber,40.686424,-112.01881,2022-06-21 06:50:00
1655794800,18319,35.8,62.0,0.65,Carl Sandburg Elementary powered by UTOPIA Fiber,40.686424,-112.01881,2022-06-21 07:00:00
1655795400,18319,36.0,62.0,0.582,Carl Sandburg Elementary powered by UTOPIA Fiber,40.686424,-112.01881,2022-06-21 07:10:00
1655796000,18319,37.2,61.2,0.626,Carl Sandburg Elementary powered by UTOPIA Fiber,40.686424,-112.01881,2022-06-21 07:20:00
1655796600,18319,38.0,61.0,0.706,Carl Sandburg Elementary powered by UTOPIA Fiber,40.686424,-112.01881,2022-06-21 07:30:00
1655797200,18319,37.6,61.0,0.944,Carl Sandburg Elementary powered by UTOPIA Fiber,40.686424,-112.01881,2022-06-21 07:40:00
1655797800,18319,39.6,61.0,0.928,Carl Sandburg Elementary powered by UTOPIA Fiber,40.686424,-112.01881,2022-06-21 07:50:00
1655798400,18319,39.6,60.0,0.788,Carl Sandburg Elementary powered by UTOPIA Fiber,40.686424,-112.01881,2022-06-21 08:00:00
1655799000,18319,39.8,60.0,0.82,Carl Sandburg Elementary powered by UTOPIA Fiber,40.686424,-112.01881,2022-06-21 08:10:00
1655799600,18319,39.8,60.0,0.6,Carl Sandburg Elementary powered by UTOPIA Fiber,40.686424,-112.01881,2022-06-21 08:20:00
1655800200,18319,38.6,59.8,0.796,Carl Sandburg Elementary powered by UTOPIA Fiber,40.686424,-112.01881,2022-06-21 08:30:00
1655800800,18319,37.8,59.6,0.816,Carl Sandburg Elementary powered by UTOPIA Fiber,40.686424,-112.01881,2022-06-21 08:40:00
1655801400,18319,38.0,60.0,0.856,Carl Sandburg Elementary powered by UTOPIA Fiber,40.686424,-112.01881,2022-06-21 08:50:00
1655802000,18319,39.0,59.8,1.036,Carl Sandburg Elementary powered by UTOPIA Fiber,40.686424,-112.01881,2022-06-21 09:00:00
1655802600,18319,40.0,59.0,1.062,Carl Sandburg Elementary powered by UTOPIA Fiber,40.686424,-112.01881,2022-06-21 09:10:00
1655803200,18319,40.0,59.0,0.974,Carl Sandburg Elementary powered by UTOPIA Fiber,40.686424,-112.01881,2022-06-21 09:20:00
1655803800,18319,40.0,59.0,1.04,Carl Sandburg Elementary powered by UTOPIA Fiber,40.686424,-112.01881,2022-06-21 09:30:00
1655804400,18319,40.8,59.0,1.022,Carl Sandburg Elementary powered by UTOPIA Fiber,40.686424,-112.01881,2022-06-21 09:40:00
1655805000,18319,40.0,59.0,0.874,Carl Sandburg Elementary powered by UTOPIA Fiber,40.686424,-112.01881,2022-06-21 09:50:00
1655805600,18319,39.8,59.0,0.978,Carl Sandburg Elementary powered by UTOPIA Fiber,40.686424,-112.01881,2022-06-21 10:00:00
1655806200,18319,39.2,59.0,0.94,Carl Sandburg Elementary powered by UTOPIA Fiber,40.686424,-112.01881,2022-06-21 10:10:00
1655806800,18319,39.0,59.0,1.01,Carl Sandburg Elementary powered by UTOPIA Fiber,40.686424,-112.01881,2022-06-21 10:20:00
1655807400,18319,41.0,59.0,0.982,Carl Sandburg Elementary powered by UTOPIA Fiber,40.686424,-112.01881,2022-06-21 10:30:00
1655808000,18319,41.4,58.2,0.85,Carl Sandburg Elementary powered by UTOPIA Fiber,40.686424,-112.01881,2022-06-21 10:40:00
1655808600,18319,40.8,58.0,1.416,Carl Sandburg Elementary powered by UTOPIA Fiber,40.686424,-112.01881,2022-06-21 10:50:00
1655809200,18319,39.0,58.0,2.008,Carl Sandburg Elementary powered by UTOPIA Fiber,40.686424,-112.01881,2022-06-21 11:00:00
1655809800,18319,38.0,58.0,2.04,Carl Sandburg Elementary powered by UTOPIA Fiber,40.686424,-112.01881,2022-06-21 11:10:00
1655810400,18319,38.0,58.0,1.742,Carl Sandburg Elementary powered by UTOPIA Fiber,40.686424,-112.01881,2022-06-21 11:20:00
1655811000,18319,39.0,58.0,1.272,Carl Sandburg Elementary powered by UTOPIA Fiber,40.686424,-112.01881,2022-06-21 11:30:00
1655811600,18319,40.0,57.6,1.228,Carl Sandburg Elementary powered by UTOPIA Fiber,40.686424,-112.01881,2022-06-21 11:40:00
1655812200,18319,39.6,57.0,1.034,Carl Sandburg Elementary powered by UTOPIA Fiber,40.686424,-112.01881,2022-06-21 11:50:00
1655812800,18319,39.2,57.6,0.858,Carl Sandburg Elementary powered by UTOPIA Fiber,40.686424,-112.01881,2022-06-21 12:00:00
1655813400,18319,41.0,57.2,0.696,Carl Sandburg Elementary powered by UTOPIA Fiber,40.686424,-112.01881,2022-06-21 12:10:00
1655814000,18319,40.6,57.8,0.928,Carl Sandburg Elementary powered by UTOPIA Fiber,40.686424,-112.01881,2022-06-21 12:20:00
1655814600,18319,40.2,58.0,1.026,Carl Sandburg Elementary powered by UTOPIA Fiber,40.686424,-112.01881,2022-06-21 12:30:00
1655815200,18319,41.0,58.4,1.146,Carl Sandburg Elementary powered by UTOPIA Fiber,40.686424,-112.01881,2022-06-21 12:40:00
1655815800,18319,39.2,59.0,0.932,Carl Sandburg Elementary powered by UTOPIA Fiber,40.686424,-112.01881,2022-06-21 12:50:00
1655816400,18319,39.2,60.0,0.918,Carl Sandburg Elementary powered by UTOPIA Fiber,40.686424,-112.01881,2022-06-21 13:00:00
1655817000,18319,41.2,60.0,1.296,Carl Sandburg Elementary powered by UTOPIA Fiber,40.686424,-112.01881,2022-06-21 13:10:00
1655817600,18319,43.4,60.4,1.588,Carl Sandburg Elementary powered by UTOPIA Fiber,40.686424,-112.01881,2022-06-21 13:20:00
1655818200,18319,42.6,61.0,1.63,Carl Sandburg Elementary powered by UTOPIA Fiber,40.686424,-112.01881,2022-06-21 13:30:00
1655818800,18319,40.4,62.2,1.86,Carl Sandburg Elementary powered by UTOPIA Fiber,40.686424,-112.01881,2022-06-21 13:40:00
1655819400,18319,39.2,63.4,1.83,Carl Sandburg Elementary powered by UTOPIA Fiber,40.686424,-112.01881,2022-06-21 13:50:00
1655820000,18319,35.8,64.6,1.542,Carl Sandburg Elementary powered by UTOPIA Fiber,40.686424,-112.01881,2022-06-21 14:00:00
1655820600,18319,33.0,66.2,1.39,Carl Sandburg Elementary powered by UTOPIA Fiber,40.686424,-112.01881,2022-06-21 14:10:00
1655821200,18319,32.6,67.4,1.106,Carl Sandburg Elementary powered by UTOPIA Fiber,40.686424,-112.01881,2022-06-21 14:20:00
1655821800,18319,32.6,68.6,1.324,Carl Sandburg Elementary powered by UTOPIA Fiber,40.686424,-112.01881,2022-06-21 14:30:00
1655822400,18319,30.0,69.8,1.6,Carl Sandburg Elementary powered by UTOPIA Fiber,40.686424,-112.01881,2022-06-21 14:40:00
1655823000,18319,29.8,71.0,14.724,Carl Sandburg Elementary powered by UTOPIA Fiber,40.686424,-112.01881,2022-06-21 14:50:00
1655823600,18319,27.6,72.2,22.608,Carl Sandburg Elementary powered by UTOPIA Fiber,40.686424,-112.01881,2022-06-21 15:00:00
1655824200,18319,25.8,73.8,0.834,Carl Sandburg Elementary powered by UTOPIA Fiber,40.686424,-112.01881,2022-06-21 15:10:00
1655824800,18319,26.6,76.2,0.554,Carl Sandburg Elementary powered by UTOPIA Fiber,40.686424,-112.01881,2022-06-21 15:20:00
1655825400,18319,24.4,78.6,0.574,Carl Sandburg Elementary powered by UTOPIA Fiber,40.686424,-112.01881,2022-06-21 15:30:00
1655826000,18319,23.0,80.8,0.714,Carl Sandburg Elementary powered by UTOPIA Fiber,40.686424,-112.01881,2022-06-21 15:40:00
1655826600,18319,22.2,82.8,0.564,Carl Sandburg Elementary powered by UTOPIA Fiber,40.686424,-112.01881,2022-06-21 15:50:00
1655827200,18319,20.6,84.4,0.956,Carl Sandburg Elementary powered by UTOPIA Fiber,40.686424,-112.01881,2022-06-21 16:00:00
1655827800,18319,20.0,86.0,0.576,Carl Sandburg Elementary powered by UTOPIA Fiber,40.686424,-112.01881,2022-06-21 16:10:00
1655828400,18319,19.6,87.0,0.52,Carl Sandburg Elementary powered by UTOPIA Fiber,40.686424,-112.01881,2022-06-21 16:20:00
1655829000,18319,18.4,88.4,0.49,Carl Sandburg Elementary powered by UTOPIA Fiber,40.686424,-112.01881,2022-06-21 16:30:00
1655829600,18319,17.0,89.4,0.468,Carl Sandburg Elementary powered by UTOPIA Fiber,40.686424,-112.01881,2022-06-21 16:40:00
1655830200,18319,16.2,90.6,0.302,Carl Sandburg Elementary powered by UTOPIA Fiber,40.686424,-112.01881,2022-06-21 16:50:00
1655830800,18319,16.0,91.6,0.116,Carl Sandburg Elementary powered by UTOPIA Fiber,40.686424,-112.01881,2022-06-21 17:00:00
1655831400,18319,16.0,92.4,0.174,Carl Sandburg Elementary powered by UTOPIA Fiber,40.686424,-112.01881,2022-06-21 17:10:00
1655832000,18319,14.8,93.4,0.25,Carl Sandburg Elementary powered by UTOPIA Fiber,40.686424,-112.01881,2022-06-21 17:20:00
1655832600,18319,15.2,93.8,0.194,Carl Sandburg Elementary powered by UTOPIA Fiber,40.686424,-112.01881,2022-06-21 17:30:00
1655833200,18319,14.2,95.0,0.176,Carl Sandburg Elementary powered by UTOPIA Fiber,40.686424,-112.01881,2022-06-21 17:40:00
1655833800,18319,13.6,95.8,0.82,Carl Sandburg Elementary powered by UTOPIA Fiber,40.686424,-112.01881,2022-06-21 17:50:00
1655834400,18319,12.8,97.0,0.372,Carl Sandburg Elementary powered by UTOPIA Fiber,40.686424,-112.01881,2022-06-21 18:00:00
1655835000,18319,12.4,97.4,0.094,Carl Sandburg Elementary powered by UTOPIA Fiber,40.686424,-112.01881,2022-06-21 18:10:00
1655835600,18319,12.2,98.0,0.33,Carl Sandburg Elementary powered by UTOPIA Fiber,40.686424,-112.01881,2022-06-21 18:20:00
1655836200,18319,12.6,99.0,0.464,Carl Sandburg Elementary powered by UTOPIA Fiber,40.686424,-112.01881,2022-06-21 18:30:00
1655836800,18319,13.4,100.0,0.19,Carl Sandburg Elementary powered by UTOPIA Fiber,40.686424,-112.01881,2022-06-21 18:40:00
1655837400,18319,12.6,100.4,0.258,Carl Sandburg Elementary powered by UTOPIA Fiber,40.686424,-112.01881,2022-06-21 18:50:00
1655838000,18319,12.2,100.8,0.318,Carl Sandburg Elementary powered by UTOPIA Fiber,40.686424,-112.01881,2022-06-21 19:00:00
1655838600,18319,11.8,101.4,0.27,Carl Sandburg Elementary powered by UTOPIA Fiber,40.686424,-112.01881,2022-06-21 19:10:00
1655839200,18319,11.4,102.0,0.4,Carl Sandburg Elementary powered by UTOPIA Fiber,40.686424,-112.01881,2022-06-21 19:20:00
1655839800,18319,11.6,102.0,0.084,Carl Sandburg Elementary powered by UTOPIA Fiber,40.686424,-112.01881,2022-06-21 19:30:00
1655840400,18319,10.4,102.0,0.09,Carl Sandburg Elementary powered by UTOPIA Fiber,40.686424,-112.01881,2022-06-21 19:40:00
1655841000,18319,11.2,102.6,0.066,Carl Sandburg Elementary powered by UTOPIA Fiber,40.686424,-112.01881,2022-06-21 19:50:00
1655841600,18319,12.4,103.0,0.018,Carl Sandburg Elementary powered by UTOPIA Fiber,40.686424,-112.01881,2022-06-21 20:00:00
1655842200,18319,11.8,102.4,0.096,Carl Sandburg Elementary powered by UTOPIA Fiber,40.686424,-112.01881,2022-06-21 20:10:00
1655842800,18319,12.2,102.4,0.066,Carl Sandburg Elementary powered by UTOPIA Fiber,40.686424,-112.01881,2022-06-21 20:20:00
1655843400,18319,12.4,102.8,0.022,Carl Sandburg Elementary powered by UTOPIA Fiber,40.686424,-112.01881,2022-06-21 20:30:00
1655844000,18319,11.8,103.0,0.18,Carl Sandburg Elementary powered by UTOPIA Fiber,40.686424,-112.01881,2022-06-21 20:40:00
1655844600,18319,12.2,102.6,0.128,Carl Sandburg Elementary powered by UTOPIA Fiber,40.686424,-112.01881,2022-06-21 20:50:00
1655845200,18319,12.4,102.4,0.226,Carl Sandburg Elementary powered by UTOPIA Fiber,40.686424,-112.01881,2022-06-21 21:00:00
1655845800,18319,12.2,102.0,0.146,Carl Sandburg Elementary powered by UTOPIA Fiber,40.686424,-112.01881,2022-06-21 21:10:00
1655846400,18319,12.4,101.8,0.046,Carl Sandburg Elementary powered by UTOPIA Fiber,40.686424,-112.01881,2022-06-21 21:20:00
1655847000,18319,13.0,100.8,0.004,Carl Sandburg Elementary powered by UTOPIA Fiber,40.686424,-112.01881,2022-06-21 21:30:00
1655847600,18319,13.2,100.2,0.138,Carl Sandburg Elementary powered by UTOPIA Fiber,40.686424,-112.01881,2022-06-21 21:40:00
1655848200,18319,14.4,99.2,0.076,Carl Sandburg Elementary powered by UTOPIA Fiber,40.686424,-112.01881,2022-06-21 21:50:00
1655848800,18319,14.0,98.6,0.132,Carl Sandburg Elementary powered by UTOPIA Fiber,40.686424,-112.01881,2022-06-21 22:00:00
1655849400,18319,13.8,97.8,0.022,Carl Sandburg Elementary powered by UTOPIA Fiber,40.686424,-112.01881,2022-06-21 22:10:00
1655850000,18319,15.0,97.0,0.158,Carl Sandburg Elementary powered by UTOPIA Fiber,40.686424,-112.01881,2022-06-21 22:20:00
1655850600,18319,14.8,96.0,0.126,Carl Sandburg Elementary powered by UTOPIA Fiber,40.686424,-112.01881,2022-06-21 22:30:00
1655851200,18319,15.4,95.6,0.07,Carl Sandburg Elementary powered by UTOPIA Fiber,40.686424,-112.01881,2022-06-21 22:40:00
1655851800,18319,15.8,95.0,0.704,Carl Sandburg Elementary powered by UTOPIA Fiber,40.686424,-112.01881,2022-06-21 22:50:00
1655852400,18319,15.6,95.0,1.45,Carl Sandburg Elementary powered by UTOPIA Fiber,40.686424,-112.01881,2022-06-21 23:00:00
1655853000,18319,15.8,94.4,3.336,Carl Sandburg Elementary powered by UTOPIA Fiber,40.686424,-112.01881,2022-06-21 23:10:00
1655853600,18319,16.2,93.2,0.114,Carl Sandburg Elementary powered by UTOPIA Fiber,40.686424,-112.01881,2022-06-21 23:20:00
1655854200,18319,16.8,92.6,0.042,Carl Sandburg Elementary powered by UTOPIA Fiber,40.686424,-112.01881,2022-06-21 23:30:00
1655854800,18319,17.2,91.6,0.008,Carl Sandburg Elementary powered by UTOPIA Fiber,40.686424,-112.01881,2022-06-21 23:40:00
1655855400,18319,18.0,90.0,0.088,Carl Sandburg Elementary powered by UTOPIA Fiber,40.686424,-112.01881,2022-06-21 23:50:00
1655856000,18319,18.4,88.8,0.164,Carl Sandburg Elementary powered by UTOPIA Fiber,40.686424,-112.01881,2022-06-22 00:00:00
1655856600,18319,18.0,87.4,0.128,Carl Sandburg Elementary powered by UTOPIA Fiber,40.686424,-112.01881,2022-06-22 00:10:00
1655857200,18319,19.6,87.0,0.208,Carl Sandburg Elementary powered by UTOPIA Fiber,40.686424,-112.01881,2022-06-22 00:20:00
1655857800,18319,17.6,86.0,0.112,Carl Sandburg Elementary powered by UTOPIA Fiber,40.686424,-112.01881,2022-06-22 00:30:00
1655858400,18319,16.4,85.6,0.12,Carl Sandburg Elementary powered by UTOPIA Fiber,40.686424,-112.01881,2022-06-22 00:40:00
1655859000,18319,15.8,85.0,0.258,Carl Sandburg Elementary powered by UTOPIA Fiber,40.686424,-112.01881,2022-06-22 00:50:00
1655859600,18319,17.6,84.2,0.05,Carl Sandburg Elementary powered by UTOPIA Fiber,40.686424,-112.01881,2022-06-22 01:00:00
1655860200,18319,16.4,83.8,0.172,Carl Sandburg Elementary powered by UTOPIA Fiber,40.686424,-112.01881,2022-06-22 01:10:00
1655860800,18319,16.0,83.0,0.212,Carl Sandburg Elementary powered by UTOPIA Fiber,40.686424,-112.01881,2022-06-22 01:20:00
1655861400,18319,16.0,82.4,0.14,Carl Sandburg Elementary powered by UTOPIA Fiber,40.686424,-112.01881,2022-06-22 01:30:00
1655862000,18319,16.0,82.0,0.124,Carl Sandburg Elementary powered by UTOPIA Fiber,40.686424,-112.01881,2022-06-22 01:40:00
1655862600,18319,15.8,81.4,0.192,Carl Sandburg Elementary powered by UTOPIA Fiber,40.686424,-112.01881,2022-06-22 01:50:00
1655863200,18319,16.4,81.0,0.19,Carl Sandburg Elementary powered by UTOPIA Fiber,40.686424,-112.01881,2022-06-22 02:00:00
1655863800,18319,19.6,80.6,0.102,Carl Sandburg Elementary powered by UTOPIA Fiber,40.686424,-112.01881,2022-06-22 02:10:00
1655864400,18319,21.8,80.0,0.328,Carl Sandburg Elementary powered by UTOPIA Fiber,40.686424,-112.01881,2022-06-22 02:20:00
1655865000,18319,23.8,79.4,0.422,Carl Sandburg Elementary powered by UTOPIA Fiber,40.686424,-112.01881,2022-06-22 02:30:00
1655865600,18319,22.8,78.8,0.228,Carl Sandburg Elementary powered by UTOPIA Fiber,40.686424,-112.01881,2022-06-22 02:40:00
1655866200,18319,22.2,78.0,0.186,Carl Sandburg Elementary powered by UTOPIA Fiber,40.686424,-112.01881,2022-06-22 02:50:00
1655866800,18319,21.2,77.4,0.436,Carl Sandburg Elementary powered by UTOPIA Fiber,40.686424,-112.01881,2022-06-22 03:00:00
1655867400,18319,21.4,76.4,0.984,Carl Sandburg Elementary powered by UTOPIA Fiber,40.686424,-112.01881,2022-06-22 03:10:00
1655868000,18319,22.2,75.6,0.728,Carl Sandburg Elementary powered by UTOPIA Fiber,40.686424,-112.01881,2022-06-22 03:20:00
1655868600,18319,21.6,75.0,0.57,Carl Sandburg Elementary powered by UTOPIA Fiber,40.686424,-112.01881,2022-06-22 03:30:00
1655869200,18319,22.0,74.2,0.662,Carl Sandburg Elementary powered by UTOPIA Fiber,40.686424,-112.01881,2022-06-22 03:40:00
1655869800,18319,22.4,74.0,0.588,Carl Sandburg Elementary powered by UTOPIA Fiber,40.686424,-112.01881,2022-06-22 03:50:00
1655870400,18319,22.8,73.6,0.632,Carl Sandburg Elementary powered by UTOPIA Fiber,40.686424,-112.01881,2022-06-22 04:00:00
1655871000,18319,22.8,73.0,0.32,Carl Sandburg Elementary powered by UTOPIA Fiber,40.686424,-112.01881,2022-06-22 04:10:00
1655871600,18319,22.6,73.0,0.392,Carl Sandburg Elementary powered by UTOPIA Fiber,40.686424,-112.01881,2022-06-22 04:20:00
1655872200,18319,23.6,72.0,0.27,Carl Sandburg Elementary powered by UTOPIA Fiber,40.686424,-112.01881,2022-06-22 04:30:00
1655872800,18319,23.8,72.0,0.322,Carl Sandburg Elementary powered by UTOPIA Fiber,40.686424,-112.01881,2022-06-22 04:40:00
1655873400,18319,23.6,72.0,0.19,Carl Sandburg Elementary powered by UTOPIA Fiber,40.686424,-112.01881,2022-06-22 04:50:00
1655874000,18319,23.6,72.0,0.172,Carl Sandburg Elementary powered by UTOPIA Fiber,40.686424,-112.01881,2022-06-22 05:00:00
1655874600,18319,23.4,71.4,0.308,Carl Sandburg Elementary powered by UTOPIA Fiber,40.686424,-112.01881,2022-06-22 05:10:00
1655875200,18319,23.2,71.0,0.108,Carl Sandburg Elementary powered by UTOPIA Fiber,40.686424,-112.01881,2022-06-22 05:20:00
1655875800,18319,23.0,71.0,0.236,Carl Sandburg Elementary powered by UTOPIA Fiber,40.686424,-112.01881,2022-06-22 05:30:00
1655876400,18319,23.2,71.0,0.45,Carl Sandburg Elementary powered by UTOPIA Fiber,40.686424,-112.01881,2022-06-22 05:40:00
1655877000,18319,23.4,70.6,0.286,Carl Sandburg Elementary powered by UTOPIA Fiber,40.686424,-112.01881,2022-06-22 05:50:00
1655877600,18319,24.4,70.0,1.036,Carl Sandburg Elementary powered by UTOPIA Fiber,40.686424,-112.01881,2022-06-22 06:00:00
1655878200,18319,25.6,69.8,1.68,Carl Sandburg Elementary powered by UTOPIA Fiber,40.686424,-112.01881,2022-06-22 06:10:00
1655878800,18319,26.6,69.0,0.696,Carl Sandburg Elementary powered by UTOPIA Fiber,40.686424,-112.01881,2022-06-22 06:20:00
1655879400,18319,27.0,69.0,0.616,Carl Sandburg Elementary powered by UTOPIA Fiber,40.686424,-112.01881,2022-06-22 06:30:00
1655880000,18319,27.2,67.8,1.956,Carl Sandburg Elementary powered by UTOPIA Fiber,40.686424,-112.01881,2022-06-22 06:40:00
1655880600,18319,27.8,68.0,1.592,Carl Sandburg Elementary powered by UTOPIA Fiber,40.686424,-112.01881,2022-06-22 06:50:00
1655881200,18319,28.6,68.0,1.274,Carl Sandburg Elementary powered by UTOPIA Fiber,40.686424,-112.01881,2022-06-22 07:00:00
1655881800,18319,29.6,67.4,2.188,Carl Sandburg Elementary powered by UTOPIA Fiber,40.686424,-112.01881,2022-06-22 07:10:00
1655882400,18319,30.0,67.0,1.502,Carl Sandburg Elementary powered by UTOPIA Fiber,40.686424,-112.01881,2022-06-22 07:20:00
1655883000,18319,30.8,67.0,1.488,Carl Sandburg Elementary powered by UTOPIA Fiber,40.686424,-112.01881,2022-06-22 07:30:00
1655883600,18319,31.2,67.0,6.286,Carl Sandburg Elementary powered by UTOPIA Fiber,40.686424,-112.01881,2022-06-22 07:40:00
1655884200,18319,32.2,66.0,1.868,Carl Sandburg Elementary powered by UTOPIA Fiber,40.686424,-112.01881,2022-06-22 07:50:00
1655884800,18319,33.0,66.0,1.136,Carl Sandburg Elementary powered by UTOPIA Fiber,40.686424,-112.01881,2022-06-22 08:00:00
1655885400,18319,33.6,65.2,1.012,Carl Sandburg Elementary powered by UTOPIA Fiber,40.686424,-112.01881,2022-06-22 08:10:00
1655886000,18319,34.0,65.0,1.168,Carl Sandburg Elementary powered by UTOPIA Fiber,40.686424,-112.01881,2022-06-22 08:20:00
1655886600,18319,34.4,65.0,1.424,Carl Sandburg Elementary powered by UTOPIA Fiber,40.686424,-112.01881,2022-06-22 08:30:00
1655887200,18319,36.2,65.0,1.83,Carl Sandburg Elementary powered by UTOPIA Fiber,40.686424,-112.01881,2022-06-22 08:40:00
1655887800,18319,37.2,64.4,1.522,Carl Sandburg Elementary powered by UTOPIA Fiber,40.686424,-112.01881,2022-06-22 08:50:00
1655888400,18319,36.6,64.0,1.742,Carl Sandburg Elementary powered by UTOPIA Fiber,40.686424,-112.01881,2022-06-22 09:00:00
1655889000,18319,37.2,64.0,1.884,Carl Sandburg Elementary powered by UTOPIA Fiber,40.686424,-112.01881,2022-06-22 09:10:00
1655889600,18319,37.0,64.0,2.042,Carl Sandburg Elementary powered by UTOPIA Fiber,40.686424,-112.01881,2022-06-22 09:20:00
1655890200,18319,37.4,64.0,2.436,Carl Sandburg Elementary powered by UTOPIA Fiber,40.686424,-112.01881,2022-06-22 09:30:00
1655890800,18319,37.6,64.0,2.592,Carl Sandburg Elementary powered by UTOPIA Fiber,40.686424,-112.01881,2022-06-22 09:40:00
1655891400,18319,38.8,64.0,3.07,Carl Sandburg Elementary powered by UTOPIA Fiber,40.686424,-112.01881,2022-06-22 09:50:00
1655892000,18319,38.6,63.2,2.992,Carl Sandburg Elementary powered by UTOPIA Fiber,40.686424,-112.01881,2022-06-22 10:00:00
1655892600,18319,39.0,63.0,3.108,Carl Sandburg Elementary powered by UTOPIA Fiber,40.686424,-112.01881,2022-06-22 10:10:00
1655893200,18319,39.0,63.0,2.77,Carl Sandburg Elementary powered by UTOPIA Fiber,40.686424,-112.01881,2022-06-22 10:20:00
1655893800,18319,39.0,63.0,2.692,Carl Sandburg Elementary powered by UTOPIA Fiber,40.686424,-112.01881,2022-06-22 10:30:00
1655894400,18319,39.0,63.0,2.722,Carl Sandburg Elementary powered by UTOPIA Fiber,40.686424,-112.01881,2022-06-22 10:40:00
1655895000,18319,39.0,63.0,2.516,Carl Sandburg Elementary powered by UTOPIA Fiber,40.686424,-112.01881,2022-06-22 10:50:00
1655895600,18319,38.4,63.0,2.592,Carl Sandburg Elementary powered by UTOPIA Fiber,40.686424,-112.01881,2022-06-22 11:00:00
1655896200,18319,38.0,63.0,2.158,Carl Sandburg Elementary powered by UTOPIA Fiber,40.686424,-112.01881,2022-06-22 11:10:00
1655896800,18319,38.0,63.0,2.036,Carl Sandburg Elementary powered by UTOPIA Fiber,40.686424,-112.01881,2022-06-22 11:20:00
1655897400,18319,38.0,63.0,2.056,Carl Sandburg Elementary powered by UTOPIA Fiber,40.686424,-112.01881,2022-06-22 11:30:00
1655898000,18319,37.4,63.0,2.24,Carl Sandburg Elementary powered by UTOPIA Fiber,40.686424,-112.01881,2022-06-22 11:40:00
1655898600,18319,37.0,63.0,2.628,Carl Sandburg Elementary powered by UTOPIA Fiber,40.686424,-112.01881,2022-06-22 11:50:00
1655899200,18319,37.8,62.8,2.882,Carl Sandburg Elementary powered by UTOPIA Fiber,40.686424,-112.01881,2022-06-22 12:00:00
1655899800,18319,39.6,62.0,2.352,Carl Sandburg Elementary powered by UTOPIA Fiber,40.686424,-112.01881,2022-06-22 12:10:00
1655900400,18319,40.8,62.0,2.626,Carl Sandburg Elementary powered by UTOPIA Fiber,40.686424,-112.01881,2022-06-22 12:20:00
1655901000,18319,41.2,62.0,3.13,Carl Sandburg Elementary powered by UTOPIA Fiber,40.686424,-112.01881,2022-06-22 12:30:00
1655901600,18319,41.4,62.0,3.126,Carl Sandburg Elementary powered by UTOPIA Fiber,40.686424,-112.01881,2022-06-22 12:40:00
1655902200,18319,40.4,62.4,3.008,Carl Sandburg Elementary powered by UTOPIA Fiber,40.686424,-112.01881,2022-06-22 12:50:00
1655902800,18319,37.6,63.0,2.25,Carl Sandburg Elementary powered by UTOPIA Fiber,40.686424,-112.01881,2022-06-22 13:00:00
1655903400,18319,38.0,63.8,2.118,Carl Sandburg Elementary powered by UTOPIA Fiber,40.686424,-112.01881,2022-06-22 13:10:00
1655904000,18319,39.0,64.6,2.046,Carl Sandburg Elementary powered by UTOPIA Fiber,40.686424,-112.01881,2022-06-22 13:20:00
1655904600,18319,38.4,65.8,1.804,Carl Sandburg Elementary powered by UTOPIA Fiber,40.686424,-112.01881,2022-06-22 13:30:00
1655905200,18319,37.0,67.2,1.856,Carl Sandburg Elementary powered by UTOPIA Fiber,40.686424,-112.01881,2022-06-22 13:40:00
1655905800,18319,34.2,69.0,2.05,Carl Sandburg Elementary powered by UTOPIA Fiber,40.686424,-112.01881,2022-06-22 13:50:00
1655906400,18319,32.4,70.6,1.93,Carl Sandburg Elementary powered by UTOPIA Fiber,40.686424,-112.01881,2022-06-22 14:00:00
1655907000,18319,30.6,71.6,6.138,Carl Sandburg Elementary powered by UTOPIA Fiber,40.686424,-112.01881,2022-06-22 14:10:00
1655907600,18319,29.0,72.8,1.636,Carl Sandburg Elementary powered by UTOPIA Fiber,40.686424,-112.01881,2022-06-22 14:20:00
1655908200,18319,28.8,74.2,2.084,Carl Sandburg Elementary powered by UTOPIA Fiber,40.686424,-112.01881,2022-06-22 14:30:00
1655908800,18319,27.4,75.4,2.282,Carl Sandburg Elementary powered by UTOPIA Fiber,40.686424,-112.01881,2022-06-22 14:40:00
1655909400,18319,26.6,76.6,1.91,Carl Sandburg Elementary powered by UTOPIA Fiber,40.686424,-112.01881,2022-06-22 14:50:00
1655910000,18319,27.2,78.2,1.908,Carl Sandburg Elementary powered by UTOPIA Fiber,40.686424,-112.01881,2022-06-22 15:00:00
1655910600,18319,26.8,80.0,1.48,Carl Sandburg Elementary powered by UTOPIA Fiber,40.686424,-112.01881,2022-06-22 15:10:00
1655911200,18319,24.2,81.4,1.808,Carl Sandburg Elementary powered by UTOPIA Fiber,40.686424,-112.01881,2022-06-22 15:20:00
1655911800,18319,25.2,83.6,2.046,Carl Sandburg Elementary powered by UTOPIA Fiber,40.686424,-112.01881,2022-06-22 15:30:00
1655912400,18319,23.2,86.2,2.14,Carl Sandburg Elementary powered by UTOPIA Fiber,40.686424,-112.01881,2022-06-22 15:40:00
1655913000,18319,21.6,88.8,1.682,Carl Sandburg Elementary powered by UTOPIA Fiber,40.686424,-112.01881,2022-06-22 15:50:00
1655913600,18319,20.0,90.6,1.564,Carl Sandburg Elementary powered by UTOPIA Fiber,40.686424,-112.01881,2022-06-22 16:00:00
1655914200,18319,19.4,91.6,1.912,Carl Sandburg Elementary powered by UTOPIA Fiber,40.686424,-112.01881,2022-06-22 16:10:00
1655914800,18319,18.8,93.2,1.492,Carl Sandburg Elementary powered by UTOPIA Fiber,40.686424,-112.01881,2022-06-22 16:20:00
1655915400,18319,17.2,94.4,1.234,Carl Sandburg Elementary powered by UTOPIA Fiber,40.686424,-112.01881,2022-06-22 16:30:00
1655916000,18319,17.0,96.2,3.462,Carl Sandburg Elementary powered by UTOPIA Fiber,40.686424,-112.01881,2022-06-22 16:40:00
1655916600,18319,15.4,97.4,2.214,Carl Sandburg Elementary powered by UTOPIA Fiber,40.686424,-112.01881,2022-06-22 16:50:00
1655917200,18319,15.6,98.6,2.01,Carl Sandburg Elementary powered by UTOPIA Fiber,40.686424,-112.01881,2022-06-22 17:00:00
1655917800,18319,14.8,98.4,2.044,Carl Sandburg Elementary powered by UTOPIA Fiber,40.686424,-112.01881,2022-06-22 17:10:00
1655918400,18319,16.0,96.4,2.624,Carl Sandburg Elementary powered by UTOPIA Fiber,40.686424,-112.01881,2022-06-22 17:20:00
1655919000,18319,17.0,94.4,3.436,Carl Sandburg Elementary powered by UTOPIA Fiber,40.686424,-112.01881,2022-06-22 17:30:00
1655919600,18319,18.4,92.4,2.476,Carl Sandburg Elementary powered by UTOPIA Fiber,40.686424,-112.01881,2022-06-22 17:40:00
1655920200,18319,17.8,96.0,2.204,Carl Sandburg Elementary powered by UTOPIA Fiber,40.686424,-112.01881,2022-06-22 17:50:00
1655920800,18319,15.8,100.2,1.872,Carl Sandburg Elementary powered by UTOPIA Fiber,40.686424,-112.01881,2022-06-22 18:00:00
1655921400,18319,14.0,102.4,1.822,Carl Sandburg Elementary powered by UTOPIA Fiber,40.686424,-112.01881,2022-06-22 18:10:00
1655922000,18319,13.8,103.4,1.354,Carl Sandburg Elementary powered by UTOPIA Fiber,40.686424,-112.01881,2022-06-22 18:20:00
1655922600,18319,13.4,104.4,1.542,Carl Sandburg Elementary powered by UTOPIA Fiber,40.686424,-112.01881,2022-06-22 18:30:00
1655923200,18319,14.0,102.8,1.492,Carl Sandburg Elementary powered by UTOPIA Fiber,40.686424,-112.01881,2022-06-22 18:40:00
1655923800,18319,15.0,101.0,1.318,Carl Sandburg Elementary powered by UTOPIA Fiber,40.686424,-112.01881,2022-06-22 18:50:00
1655924400,18319,14.6,103.6,0.784,Carl Sandburg Elementary powered by UTOPIA Fiber,40.686424,-112.01881,2022-06-22 19:00:00
1655925000,18319,13.0,105.8,0.886,Carl Sandburg Elementary powered by UTOPIA Fiber,40.686424,-112.01881,2022-06-22 19:10:00
1655925600,18319,13.0,104.2,1.156,Carl Sandburg Elementary powered by UTOPIA Fiber,40.686424,-112.01881,2022-06-22 19:20:00
1655926200,18319,13.4,105.2,1.114,Carl Sandburg Elementary powered by UTOPIA Fiber,40.686424,-112.01881,2022-06-22 19:30:00
1655926800,18319,13.0,106.6,0.882,Carl Sandburg Elementary powered by UTOPIA Fiber,40.686424,-112.01881,2022-06-22 19:40:00
1655927400,18319,12.8,108.0,0.964,Carl Sandburg Elementary powered by UTOPIA Fiber,40.686424,-112.01881,2022-06-22 19:50:00
1655928000,18319,11.0,108.6,1.032,Carl Sandburg Elementary powered by UTOPIA Fiber,40.686424,-112.01881,2022-06-22 20:00:00
1655928600,18319,11.4,108.2,0.984,Carl Sandburg Elementary powered by UTOPIA Fiber,40.686424,-112.01881,2022-06-22 20:10:00
1655929200,18319,12.0,109.0,0.926,Carl Sandburg Elementary powered by UTOPIA Fiber,40.686424,-112.01881,2022-06-22 20:20:00
1655929800,18319,10.8,108.0,1.014,Carl Sandburg Elementary powered by UTOPIA Fiber,40.686424,-112.01881,2022-06-22 20:30:00
1655930400,18319,11.0,106.2,0.698,Carl Sandburg Elementary powered by UTOPIA Fiber,40.686424,-112.01881,2022-06-22 20:40:00
1655931000,18319,11.6,107.6,0.768,Carl Sandburg Elementary powered by UTOPIA Fiber,40.686424,-112.01881,2022-06-22 20:50:00
1655931600,18319,11.4,108.2,0.614,Carl Sandburg Elementary powered by UTOPIA Fiber,40.686424,-112.01881,2022-06-22 21:00:00
1655932200,18319,12.4,107.4,0.736,Carl Sandburg Elementary powered by UTOPIA Fiber,40.686424,-112.01881,2022-06-22 21:10:00
1655932800,18319,12.4,105.8,0.746,Carl Sandburg Elementary powered by UTOPIA Fiber,40.686424,-112.01881,2022-06-22 21:20:00
1655933400,18319,13.6,106.0,0.868,Carl Sandburg Elementary powered by UTOPIA Fiber,40.686424,-112.01881,2022-06-22 21:30:00
1655934000,18319,13.2,105.6,0.87,Carl Sandburg Elementary powered by UTOPIA Fiber,40.686424,-112.01881,2022-06-22 21:40:00
1655934600,18319,12.0,106.2,0.826,Carl Sandburg Elementary powered by UTOPIA Fiber,40.686424,-112.01881,2022-06-22 21:50:00
1655935200,18319,12.0,107.0,0.588,Carl Sandburg Elementary powered by UTOPIA Fiber,40.686424,-112.01881,2022-06-22 22:00:00
1655935800,18319,13.0,106.0,0.782,Carl Sandburg Elementary powered by UTOPIA Fiber,40.686424,-112.01881,2022-06-22 22:10:00
1655936400,18319,12.6,103.6,0.856,Carl Sandburg Elementary powered by UTOPIA Fiber,40.686424,-112.01881,2022-06-22 22:20:00
1655937000,18319,14.6,101.6,0.918,Carl Sandburg Elementary powered by UTOPIA Fiber,40.686424,-112.01881,2022-06-22 22:30:00
1655937600,18319,15.2,100.2,0.922,Carl Sandburg Elementary powered by UTOPIA Fiber,40.686424,-112.01881,2022-06-22 22:40:00
1655938200,18319,16.2,98.8,0.958,Carl Sandburg Elementary powered by UTOPIA Fiber,40.686424,-112.01881,2022-06-22 22:50:00
1655938800,18319,16.0,98.6,0.714,Carl Sandburg Elementary powered by UTOPIA Fiber,40.686424,-112.01881,2022-06-22 23:00:00
1655939400,18319,16.6,99.0,1.168,Carl Sandburg Elementary powered by UTOPIA Fiber,40.686424,-112.01881,2022-06-22 23:10:00
1655940000,18319,16.0,99.0,1.002,Carl Sandburg Elementary powered by UTOPIA Fiber,40.686424,-112.01881,2022-06-22 23:20:00
1655940600,18319,15.4,98.6,0.918,Carl Sandburg Elementary powered by UTOPIA Fiber,40.686424,-112.01881,2022-06-22 23:30:00
1655941200,18319,17.2,98.0,1.068,Carl Sandburg Elementary powered by UTOPIA Fiber,40.686424,-112.01881,2022-06-22 23:40:00
1655941800,18319,16.4,97.6,1.042,Carl Sandburg Elementary powered by UTOPIA Fiber,40.686424,-112.01881,2022-06-22 23:50:00
