time_stamp,sensor_index,humidity,temperature,pm2.5,sensor_name,latitude,longitude,datetime
1656979200,18319,5.8,99.4,0.338,Carl Sandburg Elementary powered by UTOPIA Fiber,40.686424,-112.01881,2022-07-05 00:00:00
1656979800,18319,5.2,99.0,3.444,Carl Sandburg Elementary powered by UTOPIA Fiber,40.686424,-112.01881,2022-07-05 00:10:00
1656980400,18319,5.4,98.2,1.522,Carl Sandburg Elementary powered by UTOPIA Fiber,40.686424,-112.01881,2022-07-05 00:20:00
1656981000,18319,5.6,98.0,2.056,Carl Sandburg Elementary powered by UTOPIA Fiber,40.686424,-112.01881,2022-07-05 00:30:00
1656981600,18319,5.8,97.4,4.364,Carl Sandburg Elementary powered by UTOPIA Fiber,40.686424,-112.01881,2022-07-05 00:40:00
1656982200,18319,5.4,97.0,0.394,Carl Sandburg Elementary powered by UTOPIA Fiber,40.686424,-112.01881,2022-07-05 00:50:00
1656982800,18319,5.8,97.0,0.818,Carl Sandburg Elementary powered by UTOPIA Fiber,40.686424,-112.01881,2022-07-05 01:00:00
1656983400,18319,5.8,96.2,4.282,Carl Sandburg Elementary powered by UTOPIA Fiber,40.686424,-112.01881,2022-07-05 01:10:00
1656984000,18319,6.0,96.0,7.802,Carl Sandburg Elementary powered by UTOPIA Fiber,40.686424,-112.01881,2022-07-05 01:20:00
1656984600,18319,6.0,95.8,4.038,Carl Sandburg Elementary powered by UTOPIA Fiber,40.686424,-112.01881,2022-07-05 01:30:00
1656985200,18319,6.0,95.0,0.728,Carl Sandburg Elementary powered by UTOPIA Fiber,40.686424,-112.01881,2022-07-05 01:40:00
1656985800,18319,6.0,94.4,0.51,Carl Sandburg Elementary powered by UTOPIA Fiber,40.686424,-112.01881,2022-07-05 01:50:00
1656986400,18319,6.0,94.0,0.6,Carl Sandburg Elementary powered by UTOPIA Fiber,40.686424,-112.01881,2022-07-05 02:00:00
1656987000,18319,6.4,93.4,1.058,Carl Sandburg Elementary powered by UTOPIA Fiber,40.686424,-112.01881,2022-07-05 02:10:00
1656987600,18319,6.8,93.0,0.484,Carl Sandburg Elementary powered by UTOPIA Fiber,40.686424,-112.01881,2022-07-05 02:20:00
1656988200,18319,7.0,92.6,0.4,Carl Sandburg Elementary powered by UTOPIA Fiber,40.686424,-112.01881,2022-07-05 02:30:00
1656988800,18319,8.0,91.6,0.884,Carl Sandburg Elementary powered by UTOPIA Fiber,40.686424,-112.01881,2022-07-05 02:40:00
1656989400,18319,8.0,90.8,1.474,Carl Sandburg Elementary powered by UTOPIA Fiber,40.686424,-112.01881,2022-07-05 02:50:00
1656990000,18319,8.0,90.0,7.74,Carl Sandburg Elementary powered by UTOPIA Fiber,40.686424,-112.01881,2022-07-05 03:00:00
1656990600,18319,9.0,89.2,8.098,Carl Sandburg Elementary powered by UTOPIA Fiber,40.686424,-112.01881,2022-07-05 03:10:00
1656991200,18319,9.6,87.8,5.754,Carl Sandburg Elementary powered by UTOPIA Fiber,40.686424,-112.01881,2022-07-05 03:20:00
1656991800,18319,54.4,76.8,29.73,Carl Sandburg Elementary powered by UTOPIA Fiber,40.686424,-112.01881,2022-07-05 03:30:00
1656992400,18319,60.6,69.6,82.376,Carl Sandburg Elementary powered by UTOPIA Fiber,40.686424,-112.01881,2022-07-05 03:40:00
1656993000,18319,65.2,66.0,116.922,Carl Sandburg Elementary powered by UTOPIA Fiber,40.686424,-112.01881,2022-07-05 03:50:00
1656993600,18319,68.0,64.8,177.058,Carl Sandburg Elementary powered by UTOPIA Fiber,40.686424,-112.01881,2022-07-05 04:00:00
1656994200,18319,81.2,63.2,88.04,Carl Sandburg Elementary powered by UTOPIA Fiber,40.686424,-112.01881,2022-07-05 04:10:00
1656994800,18319,65.2,65.8,90.42,Carl Sandburg Elementary powered by UTOPIA Fiber,40.686424,-112.01881,2022-07-05 04:20:00
1656995400,18319,35.4,70.4,71.64,Carl Sandburg Elementary powered by UTOPIA Fiber,40.686424,-112.01881,2022-07-05 04:30:00
1656996000,18319,26.6,73.2,37.718,Carl Sandburg Elementary powered by UTOPIA Fiber,40.686424,-112.01881,2022-07-05 04:40:00
1656996600,18319,23.0,74.4,26.402,Carl Sandburg Elementary powered by UTOPIA Fiber,40.686424,-112.01881,2022-07-05 04:50:00
1656997200,18319,20.4,75.2,56.218,Carl Sandburg Elementary powered by UTOPIA Fiber,40.686424,-112.01881,2022-07-05 05:00:00
1656997800,18319,17.8,76.2,47.196,Carl Sandburg Elementary powered by UTOPIA Fiber,40.686424,-112.01881,2022-07-05 05:10:00
1656998400,18319,16.8,77.0,43.75,Carl Sandburg Elementary powered by UTOPIA Fiber,40.686424,-112.01881,2022-07-05 05:20:00
1656999000,18319,16.0,77.8,52.064,Carl Sandburg Elementary powered by UTOPIA Fiber,40.686424,-112.01881,2022-07-05 05:30:00
1656999600,18319,15.0,78.4,40.182,Carl Sandburg Elementary powered by UTOPIA Fiber,40.686424,-112.01881,2022-07-05 05:40:00
1657000200,18319,14.8,79.0,29.436,Carl Sandburg Elementary powered by UTOPIA Fiber,40.686424,-112.01881,2022-07-05 05:50:00
1657000800,18319,14.4,79.0,23.638,Carl Sandburg Elementary powered by UTOPIA Fiber,40.686424,-112.01881,2022-07-05 06:00:00
1657001400,18319,14.0,79.0,16.14,Carl Sandburg Elementary powered by UTOPIA Fiber,40.686424,-112.01881,2022-07-05 06:10:00
1657002000,18319,14.0,79.0,10.65,Carl Sandburg Elementary powered by UTOPIA Fiber,40.686424,-112.01881,2022-07-05 06:20:00
1657002600,18319,13.4,79.6,3.622,Carl Sandburg Elementary powered by UTOPIA Fiber,40.686424,-112.01881,2022-07-05 06:30:00
1657003200,18319,13.0,80.0,2.128,Carl Sandburg Elementary powered by UTOPIA Fiber,40.686424,-112.01881,2022-07-05 06:40:00
1657003800,18319,13.0,80.2,1.264,Carl Sandburg Elementary powered by UTOPIA Fiber,40.686424,-112.01881,2022-07-05 06:50:00
1657004400,18319,12.8,81.0,0.638,Carl Sandburg Elementary powered by UTOPIA Fiber,40.686424,-112.01881,2022-07-05 07:00:00
1657005000,18319,12.6,81.0,1.272,Carl Sandburg Elementary powered by UTOPIA Fiber,40.686424,-112.01881,2022-07-05 07:10:00
1657005600,18319,13.0,81.0,2.748,Carl Sandburg Elementary powered by UTOPIA Fiber,40.686424,-112.01881,2022-07-05 07:20:00
1657006200,18319,13.2,81.0,3.052,Carl Sandburg Elementary powered by UTOPIA Fiber,40.686424,-112.01881,2022-07-05 07:30:00
1657006800,18319,14.0,81.0,3.002,Carl Sandburg Elementary powered by UTOPIA Fiber,40.686424,-112.01881,2022-07-05 07:40:00
1657007400,18319,14.0,81.0,3.156,Carl Sandburg Elementary powered by UTOPIA Fiber,40.686424,-112.01881,2022-07-05 07:50:00
1657008000,18319,14.0,81.0,2.876,Carl Sandburg Elementary powered by UTOPIA Fiber,40.686424,-112.01881,2022-07-05 08:00:00
1657008600,18319,14.6,81.0,2.698,Carl Sandburg Elementary powered by UTOPIA Fiber,40.686424,-112.01881,2022-07-05 08:10:00
1657009200,18319,14.0,81.0,2.402,Carl Sandburg Elementary powered by UTOPIA Fiber,40.686424,-112.01881,2022-07-05 08:20:00
1657009800,18319,13.6,81.0,1.408,Carl Sandburg Elementary powered by UTOPIA Fiber,40.686424,-112.01881,2022-07-05 08:30:00
1657010400,18319,13.4,81.0,1.188,Carl Sandburg Elementary powered by UTOPIA Fiber,40.686424,-112.01881,2022-07-05 08:40:00
1657011000,18319,14.4,80.8,1.084,Carl Sandburg Elementary powered by UTOPIA Fiber,40.686424,-112.01881,2022-07-05 08:50:00
1657011600,18319,15.0,80.4,1.012,Carl Sandburg Elementary powered by UTOPIA Fiber,40.686424,-112.01881,2022-07-05 09:00:00
1657012200,18319,15.8,80.0,1.716,Carl Sandburg Elementary powered by UTOPIA Fiber,40.686424,-112.01881,2022-07-05 09:10:00
1657012800,18319,15.6,80.0,1.482,Carl Sandburg Elementary powered by UTOPIA Fiber,40.686424,-112.01881,2022-07-05 09:20:00
1657013400,18319,15.6,80.0,1.376,Carl Sandburg Elementary powered by UTOPIA Fiber,40.686424,-112.01881,2022-07-05 09:30:00
1657014000,18319,16.0,80.0,1.314,Carl Sandburg Elementary powered by UTOPIA Fiber,40.686424,-112.01881,2022-07-05 09:40:00
1657014600,18319,16.0,80.0,1.256,Carl Sandburg Elementary powered by UTOPIA Fiber,40.686424,-112.01881,2022-07-05 09:50:00
1657015200,18319,15.2,80.0,0.882,Carl Sandburg Elementary powered by UTOPIA Fiber,40.686424,-112.01881,2022-07-05 10:00:00
1657015800,18319,15.4,80.0,0.564,Carl Sandburg Elementary powered by UTOPIA Fiber,40.686424,-112.01881,2022-07-05 10:10:00
1657016400,18319,16.0,79.2,0.65,Carl Sandburg Elementary powered by UTOPIA Fiber,40.686424,-112.01881,2022-07-05 10:20:00
1657017000,18319,16.0,78.6,0.586,Carl Sandburg Elementary powered by UTOPIA Fiber,40.686424,-112.01881,2022-07-05 10:30:00
1657017600,18319,16.0,79.0,0.636,Carl Sandburg Elementary powered by UTOPIA Fiber,40.686424,-112.01881,2022-07-05 10:40:00
1657018200,18319,16.0,79.0,0.312,Carl Sandburg Elementary powered by UTOPIA Fiber,40.686424,-112.01881,2022-07-05 10:50:00
1657018800,18319,16.2,79.0,0.546,Carl Sandburg Elementary powered by UTOPIA Fiber,40.686424,-112.01881,2022-07-05 11:00:00
1657019400,18319,17.0,79.0,0.496,Carl Sandburg Elementary powered by UTOPIA Fiber,40.686424,-112.01881,2022-07-05 11:10:00
1657020000,18319,17.0,78.8,0.726,Carl Sandburg Elementary powered by UTOPIA Fiber,40.686424,-112.01881,2022-07-05 11:20:00
1657020600,18319,17.0,78.0,0.484,Carl Sandburg Elementary powered by UTOPIA Fiber,40.686424,-112.01881,2022-07-05 11:30:00
1657021200,18319,17.2,78.0,0.764,Carl Sandburg Elementary powered by UTOPIA Fiber,40.686424,-112.01881,2022-07-05 11:40:00
1657021800,18319,18.0,77.8,0.72,Carl Sandburg Elementary powered by UTOPIA Fiber,40.686424,-112.01881,2022-07-05 11:50:00
1657022400,18319,18.0,78.0,0.598,Carl Sandburg Elementary powered by UTOPIA Fiber,40.686424,-112.01881,2022-07-05 12:00:00
1657023000,18319,18.0,78.0,0.434,Carl Sandburg Elementary powered by UTOPIA Fiber,40.686424,-112.01881,2022-07-05 12:10:00
1657023600,18319,18.0,78.0,0.38,Carl Sandburg Elementary powered by UTOPIA Fiber,40.686424,-112.01881,2022-07-05 12:20:00
1657024200,18319,18.4,78.0,0.444,Carl Sandburg Elementary powered by UTOPIA Fiber,40.686424,-112.01881,2022-07-05 12:30:00
1657024800,18319,19.0,78.0,0.618,Carl Sandburg Elementary powered by UTOPIA Fiber,40.686424,-112.01881,2022-07-05 12:40:00
1657025400,18319,19.0,78.4,0.628,Carl Sandburg Elementary powered by UTOPIA Fiber,40.686424,-112.01881,2022-07-05 12:50:00
1657026000,18319,18.0,79.0,0.31,Carl Sandburg Elementary powered by UTOPIA Fiber,40.686424,-112.01881,2022-07-05 13:00:00
1657026600,18319,17.6,79.6,0.292,Carl Sandburg Elementary powered by UTOPIA Fiber,40.686424,-112.01881,2022-07-05 13:10:00
1657027200,18319,17.2,80.0,0.306,Carl Sandburg Elementary powered by UTOPIA Fiber,40.686424,-112.01881,2022-07-05 13:20:00
1657027800,18319,17.0,80.4,0.318,Carl Sandburg Elementary powered by UTOPIA Fiber,40.686424,-112.01881,2022-07-05 13:30:00
1657028400,18319,17.0,81.2,0.354,Carl Sandburg Elementary powered by UTOPIA Fiber,40.686424,-112.01881,2022-07-05 13:40:00
1657029000,18319,17.0,82.0,0.248,Carl Sandburg Elementary powered by UTOPIA Fiber,40.686424,-112.01881,2022-07-05 13:50:00
1657029600,18319,17.0,82.6,0.344,Carl Sandburg Elementary powered by UTOPIA Fiber,40.686424,-112.01881,2022-07-05 14:00:00
1657030200,18319,16.4,83.4,0.202,Carl Sandburg Elementary powered by UTOPIA Fiber,40.686424,-112.01881,2022-07-05 14:10:00
1657030800,18319,16.2,84.2,0.58,Carl Sandburg Elementary powered by UTOPIA Fiber,40.686424,-112.01881,2022-07-05 14:20:00
1657031400,18319,16.0,85.0,0.194,Carl Sandburg Elementary powered by UTOPIA Fiber,40.686424,-112.01881,2022-07-05 14:30:00
1657032000,18319,15.2,85.4,0.348,Carl Sandburg Elementary powered by UTOPIA Fiber,40.686424,-112.01881,2022-07-05 14:40:00
1657032600,18319,15.2,86.0,0.51,Carl Sandburg Elementary powered by UTOPIA Fiber,40.686424,-112.01881,2022-07-05 14:50:00
1657033200,18319,15.0,87.2,0.37,Carl Sandburg Elementary powered by UTOPIA Fiber,40.686424,-112.01881,2022-07-05 15:00:00
1657033800,18319,14.0,88.0,0.292,Carl Sandburg Elementary powered by UTOPIA Fiber,40.686424,-112.01881,2022-07-05 15:10:00
1657034400,18319,13.8,89.6,0.274,Carl Sandburg Elementary powered by UTOPIA Fiber,40.686424,-112.01881,2022-07-05 15:20:00
1657035000,18319,13.0,91.4,0.398,Carl Sandburg Elementary powered by UTOPIA Fiber,40.686424,-112.01881,2022-07-05 15:30:00
1657035600,18319,12.2,93.0,0.478,Carl Sandburg Elementary powered by UTOPIA Fiber,40.686424,-112.01881,2022-07-05 15:40:00
1657036200,18319,12.0,94.2,0.35,Carl Sandburg Elementary powered by UTOPIA Fiber,40.686424,-112.01881,2022-07-05 15:50:00
1657036800,18319,11.6,95.6,0.236,Carl Sandburg Elementary powered by UTOPIA Fiber,40.686424,-112.01881,2022-07-05 16:00:00
1657037400,18319,11.2,96.8,0.374,Carl Sandburg Elementary powered by UTOPIA Fiber,40.686424,-112.01881,2022-07-05 16:10:00
1657038000,18319,10.8,97.2,0.27,Carl Sandburg Elementary powered by UTOPIA Fiber,40.686424,-112.01881,2022-07-05 16:20:00
1657038600,18319,10.6,97.6,0.276,Carl Sandburg Elementary powered by UTOPIA Fiber,40.686424,-112.01881,2022-07-05 16:30:00
1657039200,18319,10.4,98.4,0.282,Carl Sandburg Elementary powered by UTOPIA Fiber,40.686424,-112.01881,2022-07-05 16:40:00
1657039800,18319,10.6,99.2,0.396,Carl Sandburg Elementary powered by UTOPIA Fiber,40.686424,-112.01881,2022-07-05 16:50:00
1657040400,18319,10.0,100.6,0.258,Carl Sandburg Elementary powered by UTOPIA Fiber,40.686424,-112.01881,2022-07-05 17:00:00
1657041000,18319,9.6,100.4,0.194,Carl Sandburg Elementary powered by UTOPIA Fiber,40.686424,-112.01881,2022-07-05 17:10:00
1657041600,18319,10.2,100.0,0.254,Carl Sandburg Elementary powered by UTOPIA Fiber,40.686424,-112.01881,2022-07-05 17:20:00
1657042200,18319,9.8,100.6,0.288,Carl Sandburg Elementary powered by UTOPIA Fiber,40.686424,-112.01881,2022-07-05 17:30:00
1657042800,18319,10.0,101.4,0.28,Carl Sandburg Elementary powered by UTOPIA Fiber,40.686424,-112.01881,2022-07-05 17:40:00
1657043400,18319,10.0,101.8,0.29,Carl Sandburg Elementary powered by UTOPIA Fiber,40.686424,-112.01881,2022-07-05 17:50:00
1657044000,18319,10.4,101.8,0.528,Carl Sandburg Elementary powered by UTOPIA Fiber,40.686424,-112.01881,2022-07-05 18:00:00
1657044600,18319,9.6,103.4,0.222,Carl Sandburg Elementary powered by UTOPIA Fiber,40.686424,-112.01881,2022-07-05 18:10:00
1657045200,18319,9.4,104.6,0.572,Carl Sandburg Elementary powered by UTOPIA Fiber,40.686424,-112.01881,2022-07-05 18:20:00
1657045800,18319,9.2,105.2,0.34,Carl Sandburg Elementary powered by UTOPIA Fiber,40.686424,-112.01881,2022-07-05 18:30:00
1657046400,18319,9.4,105.4,0.164,Carl Sandburg Elementary powered by UTOPIA Fiber,40.686424,-112.01881,2022-07-05 18:40:00
1657047000,18319,9.0,106.2,0.352,Carl Sandburg Elementary powered by UTOPIA Fiber,40.686424,-112.01881,2022-07-05 18:50:00
1657047600,18319,9.0,106.2,0.266,Carl Sandburg Elementary powered by UTOPIA Fiber,40.686424,-112.01881,2022-07-05 19:00:00
1657048200,18319,8.2,106.2,0.272,Carl Sandburg Elementary powered by UTOPIA Fiber,40.686424,-112.01881,2022-07-05 19:10:00
1657048800,18319,6.8,107.4,0.158,Carl Sandburg Elementary powered by UTOPIA Fiber,40.686424,-112.01881,2022-07-05 19:20:00
1657049400,18319,6.6,107.4,0.03,Carl Sandburg Elementary powered by UTOPIA Fiber,40.686424,-112.01881,2022-07-05 19:30:00
1657050000,18319,7.8,106.2,0.15,Carl Sandburg Elementary powered by UTOPIA Fiber,40.686424,-112.01881,2022-07-05 19:40:00
1657050600,18319,7.0,106.8,0.182,Carl Sandburg Elementary powered by UTOPIA Fiber,40.686424,-112.01881,2022-07-05 19:50:00
1657051200,18319,7.0,105.8,0.114,Carl Sandburg Elementary powered by UTOPIA Fiber,40.686424,-112.01881,2022-07-05 20:00:00
1657051800,18319,7.6,106.4,0.104,Carl Sandburg Elementary powered by UTOPIA Fiber,40.686424,-112.01881,2022-07-05 20:10:00
1657052400,18319,7.4,107.4,0.206,Carl Sandburg Elementary powered by UTOPIA Fiber,40.686424,-112.01881,2022-07-05 20:20:00
1657053000,18319,8.0,106.6,0.272,Carl Sandburg Elementary powered by UTOPIA Fiber,40.686424,-112.01881,2022-07-05 20:30:00
1657053600,18319,7.4,106.4,0.212,Carl Sandburg Elementary powered by UTOPIA Fiber,40.686424,-112.01881,2022-07-05 20:40:00
1657054200,18319,7.6,107.2,0.178,Carl Sandburg Elementary powered by UTOPIA Fiber,40.686424,-112.01881,2022-07-05 20:50:00
1657054800,18319,7.6,107.4,0.222,Carl Sandburg Elementary powered by UTOPIA Fiber,40.686424,-112.01881,2022-07-05 21:00:00
1657055400,18319,7.0,107.6,0.134,Carl Sandburg Elementary powered by UTOPIA Fiber,40.686424,-112.01881,2022-07-05 21:10:00
1657056000,18319,8.0,107.0,0.216,Carl Sandburg Elementary powered by UTOPIA Fiber,40.686424,-112.01881,2022-07-05 21:20:00
1657056600,18319,8.2,105.8,0.148,Carl Sandburg Elementary powered by UTOPIA Fiber,40.686424,-112.01881,2022-07-05 21:30:00
1657057200,18319,8.2,105.6,0.376,Carl Sandburg Elementary powered by UTOPIA Fiber,40.686424,-112.01881,2022-07-05 21:40:00
1657057800,18319,8.0,105.0,0.16,Carl Sandburg Elementary powered by UTOPIA Fiber,40.686424,-112.01881,2022-07-05 21:50:00
1657058400,18319,8.6,103.6,0.164,Carl Sandburg Elementary powered by UTOPIA Fiber,40.686424,-112.01881,2022-07-05 22:00:00
1657059000,18319,8.6,103.8,0.16,Carl Sandburg Elementary powered by UTOPIA Fiber,40.686424,-112.01881,2022-07-05 22:10:00
1657059600,18319,9.0,103.0,0.078,Carl Sandburg Elementary powered by UTOPIA Fiber,40.686424,-112.01881,2022-07-05 22:20:00
1657060200,18319,9.0,102.6,0.078,Carl Sandburg Elementary powered by UTOPIA Fiber,40.686424,-112.01881,2022-07-05 22:30:00
1657060800,18319,9.2,102.0,0.108,Carl Sandburg Elementary powered by UTOPIA Fiber,40.686424,-112.01881,2022-07-05 22:40:00
1657061400,18319,9.4,101.0,0.21,Carl Sandburg Elementary powered by UTOPIA Fiber,40.686424,-112.01881,2022-07-05 22:50:00
1657062000,18319,9.8,101.0,0.196,Carl Sandburg Elementary powered by UTOPIA Fiber,40.686424,-112.01881,2022-07-05 23:00:00
1657062600,18319,10.4,101.4,0.172,Carl Sandburg Elementary powered by UTOPIA Fiber,40.686424,-112.01881,2022-07-05 23:10:00
1657063200,18319,9.4,101.6,0.228,Carl Sandburg Elementary powered by UTOPIA Fiber,40.686424,-112.01881,2022-07-05 23:20:00
1657063800,18319,9.2,101.6,0.068,Carl Sandburg Elementary powered by UTOPIA Fiber,40.686424,-112.01881,2022-07-05 23:30:00
1657064400,18319,9.0,101.0,0.144,Carl Sandburg Elementary powered by UTOPIA Fiber,40.686424,-112.01881,2022-07-05 23:40:00
1657065000,18319,9.0,100.0,0.218,Carl Sandburg Elementary powered by UTOPIA Fiber,40.686424,-112.01881,2022-07-05 23:50:00
1657065600,18319,9.2,99.4,0.17,Carl Sandburg Elementary powered by UTOPIA Fiber,40.686424,-112.01881,2022-07-06 00:00:00
1657066200,18319,10.0,99.0,0.084,Carl Sandburg Elementary powered by UTOPIA Fiber,40.686424,-112.01881,2022-07-06 00:10:00
1657066800,18319,12.8,98.4,0.178,Carl Sandburg Elementary powered by UTOPIA Fiber,40.686424,-112.01881,2022-07-06 00:20:00
1657067400,18319,13.0,97.6,0.158,Carl Sandburg Elementary powered by UTOPIA Fiber,40.686424,-112.01881,2022-07-06 00:30:00
1657068000,18319,12.8,97.0,0.19,Carl Sandburg Elementary powered by UTOPIA Fiber,40.686424,-112.01881,2022-07-06 00:40:00
1657068600,18319,12.6,96.2,0.42,Carl Sandburg Elementary powered by UTOPIA Fiber,40.686424,-112.01881,2022-07-06 00:50:00
1657069200,18319,12.8,96.0,0.95,Carl Sandburg Elementary powered by UTOPIA Fiber,40.686424,-112.01881,2022-07-06 01:00:00
1657069800,18319,12.6,95.0,0.102,Carl Sandburg Elementary powered by UTOPIA Fiber,40.686424,-112.01881,2022-07-06 01:10:00
1657070400,18319,13.4,94.4,0.054,Carl Sandburg Elementary powered by UTOPIA Fiber,40.686424,-112.01881,2022-07-06 01:20:00
1657071000,18319,13.8,94.0,0.11,Carl Sandburg Elementary powered by UTOPIA Fiber,40.686424,-112.01881,2022-07-06 01:30:00
1657071600,18319,14.8,93.2,0.096,Carl Sandburg Elementary powered by UTOPIA Fiber,40.686424,-112.01881,2022-07-06 01:40:00
1657072200,18319,14.6,92.2,0.288,Carl Sandburg Elementary powered by UTOPIA Fiber,40.686424,-112.01881,2022-07-06 01:50:00
1657072800,18319,15.2,92.0,0.146,Carl Sandburg Elementary powered by UTOPIA Fiber,40.686424,-112.01881,2022-07-06 02:00:00
1657073400,18319,15.2,91.0,0.274,Carl Sandburg Elementary powered by UTOPIA Fiber,40.686424,-112.01881,2022-07-06 02:10:00
1657074000,18319,15.8,90.8,0.428,Carl Sandburg Elementary powered by UTOPIA Fiber,40.686424,-112.01881,2022-07-06 02:20:00
1657074600,18319,16.6,90.0,0.278,Carl Sandburg Elementary powered by UTOPIA Fiber,40.686424,-112.01881,2022-07-06 02:30:00
1657075200,18319,17.0,89.4,0.452,Carl Sandburg Elementary powered by UTOPIA Fiber,40.686424,-112.01881,2022-07-06 02:40:00
1657075800,18319,17.8,88.4,0.574,Carl Sandburg Elementary powered by UTOPIA Fiber,40.686424,-112.01881,2022-07-06 02:50:00
1657076400,18319,17.2,87.8,0.424,Carl Sandburg Elementary powered by UTOPIA Fiber,40.686424,-112.01881,2022-07-06 03:00:00
1657077000,18319,17.8,87.0,0.456,Carl Sandburg Elementary powered by UTOPIA Fiber,40.686424,-112.01881,2022-07-06 03:10:00
1657077600,18319,17.8,86.2,0.702,Carl Sandburg Elementary powered by UTOPIA Fiber,40.686424,-112.01881,2022-07-06 03:20:00
1657078200,18319,18.2,85.6,0.822,Carl Sandburg Elementary powered by UTOPIA Fiber,40.686424,-112.01881,2022-07-06 03:30:00
1657078800,18319,18.2,85.0,0.72,Carl Sandburg Elementary powered by UTOPIA Fiber,40.686424,-112.01881,2022-07-06 03:40:00
1657079400,18319,18.0,84.8,2.364,Carl Sandburg Elementary powered by UTOPIA Fiber,40.686424,-112.01881,2022-07-06 03:50:00
1657080000,18319,18.6,84.0,2.254,Carl Sandburg Elementary powered by UTOPIA Fiber,40.686424,-112.01881,2022-07-06 04:00:00
1657080600,18319,18.2,84.0,2.522,Carl Sandburg Elementary powered by UTOPIA Fiber,40.686424,-112.01881,2022-07-06 04:10:00
1657081200,18319,18.6,83.8,2.492,Carl Sandburg Elementary powered by UTOPIA Fiber,40.686424,-112.01881,2022-07-06 04:20:00
1657081800,18319,19.0,83.0,0.6,Carl Sandburg Elementary powered by UTOPIA Fiber,40.686424,-112.01881,2022-07-06 04:30:00
1657082400,18319,18.8,83.0,0.302,Carl Sandburg Elementary powered by UTOPIA Fiber,40.686424,-112.01881,2022-07-06 04:40:00
1657083000,18319,18.8,83.0,0.328,Carl Sandburg Elementary powered by UTOPIA Fiber,40.686424,-112.01881,2022-07-06 04:50:00
1657083600,18319,18.0,83.0,0.262,Carl Sandburg Elementary powered by UTOPIA Fiber,40.686424,-112.01881,2022-07-06 05:00:00
1657084200,18319,19.0,82.6,0.47,Carl Sandburg Elementary powered by UTOPIA Fiber,40.686424,-112.01881,2022-07-06 05:10:00
1657084800,18319,19.0,82.0,0.456,Carl Sandburg Elementary powered by UTOPIA Fiber,40.686424,-112.01881,2022-07-06 05:20:00
1657085400,18319,20.0,81.6,1.71,Carl Sandburg Elementary powered by UTOPIA Fiber,40.686424,-112.01881,2022-07-06 05:30:00
1657086000,18319,20.8,81.0,4.086,Carl Sandburg Elementary powered by UTOPIA Fiber,40.686424,-112.01881,2022-07-06 05:40:00
1657086600,18319,21.0,81.0,3.72,Carl Sandburg Elementary powered by UTOPIA Fiber,40.686424,-112.01881,2022-07-06 05:50:00
1657087200,18319,20.8,81.0,2.118,Carl Sandburg Elementary powered by UTOPIA Fiber,40.686424,-112.01881,2022-07-06 06:00:00
1657087800,18319,20.2,81.4,1.312,Carl Sandburg Elementary powered by UTOPIA Fiber,40.686424,-112.01881,2022-07-06 06:10:00
1657088400,18319,19.6,82.2,0.784,Carl Sandburg Elementary powered by UTOPIA Fiber,40.686424,-112.01881,2022-07-06 06:20:00
1657089000,18319,21.8,83.0,0.74,Carl Sandburg Elementary powered by UTOPIA Fiber,40.686424,-112.01881,2022-07-06 06:30:00
1657089600,18319,23.8,84.0,0.564,Carl Sandburg Elementary powered by UTOPIA Fiber,40.686424,-112.01881,2022-07-06 06:40:00
1657090200,18319,24.0,83.8,0.716,Carl Sandburg Elementary powered by UTOPIA Fiber,40.686424,-112.01881,2022-07-06 06:50:00
1657090800,18319,23.8,83.0,0.726,Carl Sandburg Elementary powered by UTOPIA Fiber,40.686424,-112.01881,2022-07-06 07:00:00
1657091400,18319,24.0,83.0,0.998,Carl Sandburg Elementary powered by UTOPIA Fiber,40.686424,-112.01881,2022-07-06 07:10:00
1657092000,18319,24.8,83.0,0.83,Carl Sandburg Elementary powered by UTOPIA Fiber,40.686424,-112.01881,2022-07-06 07:20:00
1657092600,18319,25.0,83.0,0.628,Carl Sandburg Elementary powered by UTOPIA Fiber,40.686424,-112.01881,2022-07-06 07:30:00
1657093200,18319,25.0,83.0,0.81,Carl Sandburg Elementary powered by UTOPIA Fiber,40.686424,-112.01881,2022-07-06 07:40:00
1657093800,18319,25.0,82.8,0.434,Carl Sandburg Elementary powered by UTOPIA Fiber,40.686424,-112.01881,2022-07-06 07:50:00
1657094400,18319,25.8,83.0,0.498,Carl Sandburg Elementary powered by UTOPIA Fiber,40.686424,-112.01881,2022-07-06 08:00:00
1657095000,18319,26.0,83.0,0.156,Carl Sandburg Elementary powered by UTOPIA Fiber,40.686424,-112.01881,2022-07-06 08:10:00
1657095600,18319,27.0,82.2,0.284,Carl Sandburg Elementary powered by UTOPIA Fiber,40.686424,-112.01881,2022-07-06 08:20:00
1657096200,18319,27.0,82.0,0.172,Carl Sandburg Elementary powered by UTOPIA Fiber,40.686424,-112.01881,2022-07-06 08:30:00
1657096800,18319,26.6,82.0,0.162,Carl Sandburg Elementary powered by UTOPIA Fiber,40.686424,-112.01881,2022-07-06 08:40:00
1657097400,18319,23.4,82.0,0.192,Carl Sandburg Elementary powered by UTOPIA Fiber,40.686424,-112.01881,2022-07-06 08:50:00
1657098000,18319,21.6,83.0,0.22,Carl Sandburg Elementary powered by UTOPIA Fiber,40.686424,-112.01881,2022-07-06 09:00:00
1657098600,18319,21.4,82.8,0.228,Carl Sandburg Elementary powered by UTOPIA Fiber,40.686424,-112.01881,2022-07-06 09:10:00
1657099200,18319,22.0,82.0,0.13,Carl Sandburg Elementary powered by UTOPIA Fiber,40.686424,-112.01881,2022-07-06 09:20:00
1657099800,18319,22.8,82.0,0.234,Carl Sandburg Elementary powered by UTOPIA Fiber,40.686424,-112.01881,2022-07-06 09:30:00
1657100400,18319,23.0,81.4,0.17,Carl Sandburg Elementary powered by UTOPIA Fiber,40.686424,-112.01881,2022-07-06 09:40:00
1657101000,18319,24.0,81.0,0.244,Carl Sandburg Elementary powered by UTOPIA Fiber,40.686424,-112.01881,2022-07-06 09:50:00
1657101600,18319,24.2,81.0,0.14,Carl Sandburg Elementary powered by UTOPIA Fiber,40.686424,-112.01881,2022-07-06 10:00:00
1657102200,18319,24.8,81.0,0.15,Carl Sandburg Elementary powered by UTOPIA Fiber,40.686424,-112.01881,2022-07-06 10:10:00
1657102800,18319,24.2,81.0,0.178,Carl Sandburg Elementary powered by UTOPIA Fiber,40.686424,-112.01881,2022-07-06 10:20:00
1657103400,18319,24.6,81.0,0.092,Carl Sandburg Elementary powered by UTOPIA Fiber,40.686424,-112.01881,2022-07-06 10:30:00
1657104000,18319,24.0,80.8,0.25,Carl Sandburg Elementary powered by UTOPIA Fiber,40.686424,-112.01881,2022-07-06 10:40:00
1657104600,18319,25.0,80.2,0.156,Carl Sandburg Elementary powered by UTOPIA Fiber,40.686424,-112.01881,2022-07-06 10:50:00
1657105200,18319,26.2,79.8,0.262,Carl Sandburg Elementary powered by UTOPIA Fiber,40.686424,-112.01881,2022-07-06 11:00:00
1657105800,18319,27.0,80.0,0.096,Carl Sandburg Elementary powered by UTOPIA Fiber,40.686424,-112.01881,2022-07-06 11:10:00
1657106400,18319,27.0,80.0,0.112,Carl Sandburg Elementary powered by UTOPIA Fiber,40.686424,-112.01881,2022-07-06 11:20:00
1657107000,18319,27.0,79.4,0.36,Carl Sandburg Elementary powered by UTOPIA Fiber,40.686424,-112.01881,2022-07-06 11:30:00
1657107600,18319,27.2,79.0,0.292,Carl Sandburg Elementary powered by UTOPIA Fiber,40.686424,-112.01881,2022-07-06 11:40:00
1657108200,18319,27.8,79.0,0.304,Carl Sandburg Elementary powered by UTOPIA Fiber,40.686424,-112.01881,2022-07-06 11:50:00
1657108800,18319,27.6,79.0,0.352,Carl Sandburg Elementary powered by UTOPIA Fiber,40.686424,-112.01881,2022-07-06 12:00:00
1657109400,18319,28.0,79.0,0.24,Carl Sandburg Elementary powered by UTOPIA Fiber,40.686424,-112.01881,2022-07-06 12:10:00
1657110000,18319,28.0,79.0,0.258,Carl Sandburg Elementary powered by UTOPIA Fiber,40.686424,-112.01881,2022-07-06 12:20:00
1657110600,18319,28.8,79.0,0.306,Carl Sandburg Elementary powered by UTOPIA Fiber,40.686424,-112.01881,2022-07-06 12:30:00
1657111200,18319,29.0,79.0,0.268,Carl Sandburg Elementary powered by UTOPIA Fiber,40.686424,-112.01881,2022-07-06 12:40:00
1657111800,18319,29.0,79.0,0.246,Carl Sandburg Elementary powered by UTOPIA Fiber,40.686424,-112.01881,2022-07-06 12:50:00
1657112400,18319,29.4,79.0,0.326,Carl Sandburg Elementary powered by UTOPIA Fiber,40.686424,-112.01881,2022-07-06 13:00:00
1657113000,18319,30.4,79.0,0.21,Carl Sandburg Elementary powered by UTOPIA Fiber,40.686424,-112.01881,2022-07-06 13:10:00
1657113600,18319,32.6,80.0,0.6,Carl Sandburg Elementary powered by UTOPIA Fiber,40.686424,-112.01881,2022-07-06 13:20:00
1657114200,18319,34.0,79.8,0.834,Carl Sandburg Elementary powered by UTOPIA Fiber,40.686424,-112.01881,2022-07-06 13:30:00
1657114800,18319,34.0,80.8,0.572,Carl Sandburg Elementary powered by UTOPIA Fiber,40.686424,-112.01881,2022-07-06 13:40:00
1657115400,18319,33.2,81.8,0.502,Carl Sandburg Elementary powered by UTOPIA Fiber,40.686424,-112.01881,2022-07-06 13:50:00
1657116000,18319,31.8,82.6,0.466,Carl Sandburg Elementary powered by UTOPIA Fiber,40.686424,-112.01881,2022-07-06 14:00:00
1657116600,18319,31.0,83.2,0.278,Carl Sandburg Elementary powered by UTOPIA Fiber,40.686424,-112.01881,2022-07-06 14:10:00
1657117200,18319,30.6,84.0,0.38,Carl Sandburg Elementary powered by UTOPIA Fiber,40.686424,-112.01881,2022-07-06 14:20:00
1657117800,18319,29.6,85.0,0.418,Carl Sandburg Elementary powered by UTOPIA Fiber,40.686424,-112.01881,2022-07-06 14:30:00
1657118400,18319,28.0,86.0,0.396,Carl Sandburg Elementary powered by UTOPIA Fiber,40.686424,-112.01881,2022-07-06 14:40:00
1657119000,18319,26.4,87.0,0.684,Carl Sandburg Elementary powered by UTOPIA Fiber,40.686424,-112.01881,2022-07-06 14:50:00
1657119600,18319,25.4,87.2,0.508,Carl Sandburg Elementary powered by UTOPIA Fiber,40.686424,-112.01881,2022-07-06 15:00:00
1657120200,18319,24.4,88.6,0.53,Carl Sandburg Elementary powered by UTOPIA Fiber,40.686424,-112.01881,2022-07-06 15:10:00
1657120800,18319,22.0,90.2,0.632,Carl Sandburg Elementary powered by UTOPIA Fiber,40.686424,-112.01881,2022-07-06 15:20:00
1657121400,18319,20.6,91.8,0.598,Carl Sandburg Elementary powered by UTOPIA Fiber,40.686424,-112.01881,2022-07-06 15:30:00
1657122000,18319,19.8,93.0,0.642,Carl Sandburg Elementary powered by UTOPIA Fiber,40.686424,-112.01881,2022-07-06 15:40:00
1657122600,18319,18.8,94.0,0.75,Carl Sandburg Elementary powered by UTOPIA Fiber,40.686424,-112.01881,2022-07-06 15:50:00
1657123200,18319,18.0,94.8,0.446,Carl Sandburg Elementary powered by UTOPIA Fiber,40.686424,-112.01881,2022-07-06 16:00:00
1657123800,18319,16.8,96.0,0.776,Carl Sandburg Elementary powered by UTOPIA Fiber,40.686424,-112.01881,2022-07-06 16:10:00
1657124400,18319,16.2,96.4,0.542,Carl Sandburg Elementary powered by UTOPIA Fiber,40.686424,-112.01881,2022-07-06 16:20:00
1657125000,18319,15.2,97.4,0.756,Carl Sandburg Elementary powered by UTOPIA Fiber,40.686424,-112.01881,2022-07-06 16:30:00
1657125600,18319,14.8,98.0,0.812,Carl Sandburg Elementary powered by UTOPIA Fiber,40.686424,-112.01881,2022-07-06 16:40:00
1657126200,18319,14.2,98.6,0.628,Carl Sandburg Elementary powered by UTOPIA Fiber,40.686424,-112.01881,2022-07-06 16:50:00
1657126800,18319,14.0,99.6,0.7,Carl Sandburg Elementary powered by UTOPIA Fiber,40.686424,-112.01881,2022-07-06 17:00:00
1657127400,18319,13.0,101.6,0.826,Carl Sandburg Elementary powered by UTOPIA Fiber,40.686424,-112.01881,2022-07-06 17:10:00
1657128000,18319,12.8,102.0,0.728,Carl Sandburg Elementary powered by UTOPIA Fiber,40.686424,-112.01881,2022-07-06 17:20:00
1657128600,18319,12.2,103.0,0.796,Carl Sandburg Elementary powered by UTOPIA Fiber,40.686424,-112.01881,2022-07-06 17:30:00
1657129200,18319,12.0,103.8,0.746,Carl Sandburg Elementary powered by UTOPIA Fiber,40.686424,-112.01881,2022-07-06 17:40:00
1657129800,18319,11.2,105.0,0.68,Carl Sandburg Elementary powered by UTOPIA Fiber,40.686424,-112.01881,2022-07-06 17:50:00
1657130400,18319,11.0,104.0,0.752,Carl Sandburg Elementary powered by UTOPIA Fiber,40.686424,-112.01881,2022-07-06 18:00:00
1657131000,18319,11.0,105.2,0.908,Carl Sandburg Elementary powered by UTOPIA Fiber,40.686424,-112.01881,2022-07-06 18:10:00
1657131600,18319,11.0,104.6,0.95,Carl Sandburg Elementary powered by UTOPIA Fiber,40.686424,-112.01881,2022-07-06 18:20:00
1657132200,18319,10.2,106.2,1.858,Carl Sandburg Elementary powered by UTOPIA Fiber,40.686424,-112.01881,2022-07-06 18:30:00
1657132800,18319,10.2,105.8,0.912,Carl Sandburg Elementary powered by UTOPIA Fiber,40.686424,-112.01881,2022-07-06 18:40:00
1657133400,18319,10.0,106.4,0.746,Carl Sandburg Elementary powered by UTOPIA Fiber,40.686424,-112.01881,2022-07-06 18:50:00
1657134000,18319,9.8,106.8,0.542,Carl Sandburg Elementary powered by UTOPIA Fiber,40.686424,-112.01881,2022-07-06 19:00:00
1657134600,18319,9.8,107.0,0.866,Carl Sandburg Elementary powered by UTOPIA Fiber,40.686424,-112.01881,2022-07-06 19:10:00
1657135200,18319,9.2,107.6,0.852,Carl Sandburg Elementary powered by UTOPIA Fiber,40.686424,-112.01881,2022-07-06 19:20:00
1657135800,18319,9.4,108.0,0.71,Carl Sandburg Elementary powered by UTOPIA Fiber,40.686424,-112.01881,2022-07-06 19:30:00
1657136400,18319,8.8,109.6,0.972,Carl Sandburg Elementary powered by UTOPIA Fiber,40.686424,-112.01881,2022-07-06 19:40:00
1657137000,18319,8.8,110.0,0.902,Carl Sandburg Elementary powered by UTOPIA Fiber,40.686424,-112.01881,2022-07-06 19:50:00
1657137600,18319,8.2,108.6,0.604,Carl Sandburg Elementary powered by UTOPIA Fiber,40.686424,-112.01881,2022-07-06 20:00:00
1657138200,18319,8.6,108.4,0.546,Carl Sandburg Elementary powered by UTOPIA Fiber,40.686424,-112.01881,2022-07-06 20:10:00
1657138800,18319,8.4,109.2,0.968,Carl Sandburg Elementary powered by UTOPIA Fiber,40.686424,-112.01881,2022-07-06 20:20:00
1657139400,18319,8.2,109.0,0.806,Carl Sandburg Elementary powered by UTOPIA Fiber,40.686424,-112.01881,2022-07-06 20:30:00
1657140000,18319,8.2,108.2,0.464,Carl Sandburg Elementary powered by UTOPIA Fiber,40.686424,-112.01881,2022-07-06 20:40:00
1657140600,18319,8.0,109.0,0.54,Carl Sandburg Elementary powered by UTOPIA Fiber,40.686424,-112.01881,2022-07-06 20:50:00
1657141200,18319,7.8,108.6,0.376,Carl Sandburg Elementary powered by UTOPIA Fiber,40.686424,-112.01881,2022-07-06 21:00:00
1657141800,18319,8.6,107.6,0.394,Carl Sandburg Elementary powered by UTOPIA Fiber,40.686424,-112.01881,2022-07-06 21:10:00
1657142400,18319,8.8,106.8,0.43,Carl Sandburg Elementary powered by UTOPIA Fiber,40.686424,-112.01881,2022-07-06 21:20:00
1657143000,18319,8.0,106.4,0.24,Carl Sandburg Elementary powered by UTOPIA Fiber,40.686424,-112.01881,2022-07-06 21:30:00
1657143600,18319,8.0,106.4,0.31,Carl Sandburg Elementary powered by UTOPIA Fiber,40.686424,-112.01881,2022-07-06 21:40:00
1657144200,18319,8.0,106.4,0.19,Carl Sandburg Elementary powered by UTOPIA Fiber,40.686424,-112.01881,2022-07-06 21:50:00
1657144800,18319,7.2,106.2,0.064,Carl Sandburg Elementary powered by UTOPIA Fiber,40.686424,-112.01881,2022-07-06 22:00:00
1657145400,18319,7.6,105.2,0.332,Carl Sandburg Elementary powered by UTOPIA Fiber,40.686424,-112.01881,2022-07-06 22:10:00
1657146000,18319,7.4,105.0,0.052,Carl Sandburg Elementary powered by UTOPIA Fiber,40.686424,-112.01881,2022-07-06 22:20:00
1657146600,18319,7.8,103.8,0.176,Carl Sandburg Elementary powered by UTOPIA Fiber,40.686424,-112.01881,2022-07-06 22:30:00
1657147200,18319,8.0,102.8,0.094,Carl Sandburg Elementary powered by UTOPIA Fiber,40.686424,-112.01881,2022-07-06 22:40:00
1657147800,18319,8.4,102.0,0.268,Carl Sandburg Elementary powered by UTOPIA Fiber,40.686424,-112.01881,2022-07-06 22:50:00
1657148400,18319,7.8,101.6,0.178,Carl Sandburg Elementary powered by UTOPIA Fiber,40.686424,-112.01881,2022-07-06 23:00:00
1657149000,18319,8.0,100.8,0.188,Carl Sandburg Elementary powered by UTOPIA Fiber,40.686424,-112.01881,2022-07-06 23:10:00
1657149600,18319,8.0,100.4,0.296,Carl Sandburg Elementary powered by UTOPIA Fiber,40.686424,-112.01881,2022-07-06 23:20:00
1657150200,18319,7.4,100.2,0.142,Carl Sandburg Elementary powered by UTOPIA Fiber,40.686424,-112.01881,2022-07-06 23:30:00
1657150800,18319,8.0,99.6,0.14,Carl Sandburg Elementary powered by UTOPIA Fiber,40.686424,-112.01881,2022-07-06 23:40:00
1657151400,18319,7.6,100.0,0.126,Carl Sandburg Elementary powered by UTOPIA Fiber,40.686424,-112.01881,2022-07-06 23:50:00
