time_stamp,sensor_index,humidity,temperature,pm2.5,sensor_name,latitude,longitude,datetime
1661644800,18319,14.2,96.0,1.564,Carl Sandburg Elementary powered by UTOPIA Fiber,40.686424,-112.01881,2022-08-28 00:00:00
1661645400,18319,14.0,95.8,1.18,Carl Sandburg Elementary powered by UTOPIA Fiber,40.686424,-112.01881,2022-08-28 00:10:00
1661646000,18319,14.2,95.0,2.156,Carl Sandburg Elementary powered by UTOPIA Fiber,40.686424,-112.01881,2022-08-28 00:20:00
1661646600,18319,14.6,95.0,8.346,Carl Sandburg Elementary powered by UTOPIA Fiber,40.686424,-112.01881,2022-08-28 00:30:00
1661647200,18319,14.4,95.0,14.562,Carl Sandburg Elementary powered by UTOPIA Fiber,40.686424,-112.01881,2022-08-28 00:40:00
1661647800,18319,15.0,94.0,5.654,Carl Sandburg Elementary powered by UTOPIA Fiber,40.686424,-112.01881,2022-08-28 00:50:00
1661648400,18319,15.0,93.6,10.828,Carl Sandburg Elementary powered by UTOPIA Fiber,40.686424,-112.01881,2022-08-28 01:00:00
1661649000,18319,16.0,92.8,1.894,Carl Sandburg Elementary powered by UTOPIA Fiber,40.686424,-112.01881,2022-08-28 01:10:00
1661649600,18319,16.2,92.0,1.622,Carl Sandburg Elementary powered by UTOPIA Fiber,40.686424,-112.01881,2022-08-28 01:20:00
1661650200,18319,17.2,91.0,1.606,Carl Sandburg Elementary powered by UTOPIA Fiber,40.686424,-112.01881,2022-08-28 01:30:00
1661650800,18319,17.4,90.0,1.116,Carl Sandburg Elementary powered by UTOPIA Fiber,40.686424,-112.01881,2022-08-28 01:40:00
1661651400,18319,18.4,89.2,1.574,Carl Sandburg Elementary powered by UTOPIA Fiber,40.686424,-112.01881,2022-08-28 01:50:00
1661652000,18319,19.0,88.4,1.52,Carl Sandburg Elementary powered by UTOPIA Fiber,40.686424,-112.01881,2022-08-28 02:00:00
1661652600,18319,19.2,88.0,1.62,Carl Sandburg Elementary powered by UTOPIA Fiber,40.686424,-112.01881,2022-08-28 02:10:00
1661653200,18319,20.0,87.0,1.492,Carl Sandburg Elementary powered by UTOPIA Fiber,40.686424,-112.01881,2022-08-28 02:20:00
1661653800,18319,20.2,86.6,1.51,Carl Sandburg Elementary powered by UTOPIA Fiber,40.686424,-112.01881,2022-08-28 02:30:00
1661654400,18319,21.0,86.0,1.886,Carl Sandburg Elementary powered by UTOPIA Fiber,40.686424,-112.01881,2022-08-28 02:40:00
1661655000,18319,21.8,85.6,1.964,Carl Sandburg Elementary powered by UTOPIA Fiber,40.686424,-112.01881,2022-08-28 02:50:00
1661655600,18319,22.6,85.0,1.676,Carl Sandburg Elementary powered by UTOPIA Fiber,40.686424,-112.01881,2022-08-28 03:00:00
1661656200,18319,22.4,85.0,1.322,Carl Sandburg Elementary powered by UTOPIA Fiber,40.686424,-112.01881,2022-08-28 03:10:00
1661656800,18319,22.2,85.0,1.424,Carl Sandburg Elementary powered by UTOPIA Fiber,40.686424,-112.01881,2022-08-28 03:20:00
1661657400,18319,22.2,85.0,1.602,Carl Sandburg Elementary powered by UTOPIA Fiber,40.686424,-112.01881,2022-08-28 03:30:00
1661658000,18319,22.4,84.2,1.498,Carl Sandburg Elementary powered by UTOPIA Fiber,40.686424,-112.01881,2022-08-28 03:40:00
1661658600,18319,23.0,84.0,1.344,Carl Sandburg Elementary powered by UTOPIA Fiber,40.686424,-112.01881,2022-08-28 03:50:00
1661659200,18319,23.0,84.0,1.514,Carl Sandburg Elementary powered by UTOPIA Fiber,40.686424,-112.01881,2022-08-28 04:00:00
1661659800,18319,24.0,83.4,1.12,Carl Sandburg Elementary powered by UTOPIA Fiber,40.686424,-112.01881,2022-08-28 04:10:00
1661660400,18319,24.0,83.0,1.538,Carl Sandburg Elementary powered by UTOPIA Fiber,40.686424,-112.01881,2022-08-28 04:20:00
1661661000,18319,24.0,83.0,1.578,Carl Sandburg Elementary powered by UTOPIA Fiber,40.686424,-112.01881,2022-08-28 04:30:00
1661661600,18319,24.4,83.0,1.832,Carl Sandburg Elementary powered by UTOPIA Fiber,40.686424,-112.01881,2022-08-28 04:40:00
1661662200,18319,25.0,82.8,1.998,Carl Sandburg Elementary powered by UTOPIA Fiber,40.686424,-112.01881,2022-08-28 04:50:00
1661662800,18319,26.0,82.0,1.708,Carl Sandburg Elementary powered by UTOPIA Fiber,40.686424,-112.01881,2022-08-28 05:00:00
1661663400,18319,27.0,82.0,1.504,Carl Sandburg Elementary powered by UTOPIA Fiber,40.686424,-112.01881,2022-08-28 05:10:00
1661664000,18319,26.8,82.0,1.462,Carl Sandburg Elementary powered by UTOPIA Fiber,40.686424,-112.01881,2022-08-28 05:20:00
1661664600,18319,26.0,82.0,1.62,Carl Sandburg Elementary powered by UTOPIA Fiber,40.686424,-112.01881,2022-08-28 05:30:00
1661665200,18319,26.0,82.0,1.886,Carl Sandburg Elementary powered by UTOPIA Fiber,40.686424,-112.01881,2022-08-28 05:40:00
1661665800,18319,26.4,82.0,1.612,Carl Sandburg Elementary powered by UTOPIA Fiber,40.686424,-112.01881,2022-08-28 05:50:00
1661666400,18319,27.2,81.0,1.646,Carl Sandburg Elementary powered by UTOPIA Fiber,40.686424,-112.01881,2022-08-28 06:00:00
1661667000,18319,28.0,81.0,1.708,Carl Sandburg Elementary powered by UTOPIA Fiber,40.686424,-112.01881,2022-08-28 06:10:00
1661667600,18319,28.4,81.0,1.532,Carl Sandburg Elementary powered by UTOPIA Fiber,40.686424,-112.01881,2022-08-28 06:20:00
1661668200,18319,28.0,81.0,1.318,Carl Sandburg Elementary powered by UTOPIA Fiber,40.686424,-112.01881,2022-08-28 06:30:00
1661668800,18319,27.8,80.4,1.704,Carl Sandburg Elementary powered by UTOPIA Fiber,40.686424,-112.01881,2022-08-28 06:40:00
1661669400,18319,27.0,80.0,2.092,Carl Sandburg Elementary powered by UTOPIA Fiber,40.686424,-112.01881,2022-08-28 06:50:00
1661670000,18319,27.0,80.0,2.096,Carl Sandburg Elementary powered by UTOPIA Fiber,40.686424,-112.01881,2022-08-28 07:00:00
1661670600,18319,27.6,80.0,1.384,Carl Sandburg Elementary powered by UTOPIA Fiber,40.686424,-112.01881,2022-08-28 07:10:00
1661671200,18319,29.0,79.4,1.604,Carl Sandburg Elementary powered by UTOPIA Fiber,40.686424,-112.01881,2022-08-28 07:20:00
1661671800,18319,30.0,79.0,1.856,Carl Sandburg Elementary powered by UTOPIA Fiber,40.686424,-112.01881,2022-08-28 07:30:00
1661672400,18319,30.0,79.0,2.568,Carl Sandburg Elementary powered by UTOPIA Fiber,40.686424,-112.01881,2022-08-28 07:40:00
1661673000,18319,30.6,78.8,2.282,Carl Sandburg Elementary powered by UTOPIA Fiber,40.686424,-112.01881,2022-08-28 07:50:00
1661673600,18319,31.6,78.0,1.972,Carl Sandburg Elementary powered by UTOPIA Fiber,40.686424,-112.01881,2022-08-28 08:00:00
1661674200,18319,32.4,77.6,2.192,Carl Sandburg Elementary powered by UTOPIA Fiber,40.686424,-112.01881,2022-08-28 08:10:00
1661674800,18319,33.0,77.0,2.236,Carl Sandburg Elementary powered by UTOPIA Fiber,40.686424,-112.01881,2022-08-28 08:20:00
1661675400,18319,33.2,77.0,2.796,Carl Sandburg Elementary powered by UTOPIA Fiber,40.686424,-112.01881,2022-08-28 08:30:00
1661676000,18319,32.8,77.0,4.304,Carl Sandburg Elementary powered by UTOPIA Fiber,40.686424,-112.01881,2022-08-28 08:40:00
1661676600,18319,33.6,76.8,3.076,Carl Sandburg Elementary powered by UTOPIA Fiber,40.686424,-112.01881,2022-08-28 08:50:00
1661677200,18319,33.8,76.0,2.582,Carl Sandburg Elementary powered by UTOPIA Fiber,40.686424,-112.01881,2022-08-28 09:00:00
1661677800,18319,34.4,76.0,2.502,Carl Sandburg Elementary powered by UTOPIA Fiber,40.686424,-112.01881,2022-08-28 09:10:00
1661678400,18319,35.6,76.0,2.686,Carl Sandburg Elementary powered by UTOPIA Fiber,40.686424,-112.01881,2022-08-28 09:20:00
1661679000,18319,35.2,75.0,3.192,Carl Sandburg Elementary powered by UTOPIA Fiber,40.686424,-112.01881,2022-08-28 09:30:00
1661679600,18319,35.0,75.0,3.078,Carl Sandburg Elementary powered by UTOPIA Fiber,40.686424,-112.01881,2022-08-28 09:40:00
1661680200,18319,35.8,75.0,3.198,Carl Sandburg Elementary powered by UTOPIA Fiber,40.686424,-112.01881,2022-08-28 09:50:00
1661680800,18319,37.0,74.2,3.33,Carl Sandburg Elementary powered by UTOPIA Fiber,40.686424,-112.01881,2022-08-28 10:00:00
1661681400,18319,37.6,74.0,2.898,Carl Sandburg Elementary powered by UTOPIA Fiber,40.686424,-112.01881,2022-08-28 10:10:00
1661682000,18319,38.0,74.0,3.27,Carl Sandburg Elementary powered by UTOPIA Fiber,40.686424,-112.01881,2022-08-28 10:20:00
1661682600,18319,38.2,74.0,2.942,Carl Sandburg Elementary powered by UTOPIA Fiber,40.686424,-112.01881,2022-08-28 10:30:00
1661683200,18319,39.8,73.0,3.002,Carl Sandburg Elementary powered by UTOPIA Fiber,40.686424,-112.01881,2022-08-28 10:40:00
1661683800,18319,41.2,73.0,3.61,Carl Sandburg Elementary powered by UTOPIA Fiber,40.686424,-112.01881,2022-08-28 10:50:00
1661684400,18319,40.4,72.4,3.182,Carl Sandburg Elementary powered by UTOPIA Fiber,40.686424,-112.01881,2022-08-28 11:00:00
1661685000,18319,38.6,72.0,3.326,Carl Sandburg Elementary powered by UTOPIA Fiber,40.686424,-112.01881,2022-08-28 11:10:00
1661685600,18319,38.25,72.0,3.185,Carl Sandburg Elementary powered by UTOPIA Fiber,40.686424,-112.01881,2022-08-28 11:20:00
1661686200,18319,38.0,72.0,4.784,Carl Sandburg Elementary powered by UTOPIA Fiber,40.686424,-112.01881,2022-08-28 11:30:00
1661686800,18319,35.8,72.6,6.958,Carl Sandburg Elementary powered by UTOPIA Fiber,40.686424,-112.01881,2022-08-28 11:40:00
1661687400,18319,35.2,73.0,7.948,Carl Sandburg Elementary powered by UTOPIA Fiber,40.686424,-112.01881,2022-08-28 11:50:00
1661688000,18319,34.8,73.0,8.076,Carl Sandburg Elementary powered by UTOPIA Fiber,40.686424,-112.01881,2022-08-28 12:00:00
1661688600,18319,34.0,73.0,8.49,Carl Sandburg Elementary powered by UTOPIA Fiber,40.686424,-112.01881,2022-08-28 12:10:00
1661689200,18319,34.6,73.0,9.028,Carl Sandburg Elementary powered by UTOPIA Fiber,40.686424,-112.01881,2022-08-28 12:20:00
1661689800,18319,34.6,73.0,8.856,Carl Sandburg Elementary powered by UTOPIA Fiber,40.686424,-112.01881,2022-08-28 12:30:00
1661690400,18319,34.6,73.0,8.886,Carl Sandburg Elementary powered by UTOPIA Fiber,40.686424,-112.01881,2022-08-28 12:40:00
1661691000,18319,36.4,72.6,9.362,Carl Sandburg Elementary powered by UTOPIA Fiber,40.686424,-112.01881,2022-08-28 12:50:00
1661691600,18319,36.8,72.2,8.946,Carl Sandburg Elementary powered by UTOPIA Fiber,40.686424,-112.01881,2022-08-28 13:00:00
1661692200,18319,36.0,73.0,8.908,Carl Sandburg Elementary powered by UTOPIA Fiber,40.686424,-112.01881,2022-08-28 13:10:00
1661692800,18319,35.0,72.8,9.09,Carl Sandburg Elementary powered by UTOPIA Fiber,40.686424,-112.01881,2022-08-28 13:20:00
1661693400,18319,34.4,73.4,10.116,Carl Sandburg Elementary powered by UTOPIA Fiber,40.686424,-112.01881,2022-08-28 13:30:00
1661694000,18319,34.0,74.4,10.84,Carl Sandburg Elementary powered by UTOPIA Fiber,40.686424,-112.01881,2022-08-28 13:40:00
1661694600,18319,32.8,75.4,11.722,Carl Sandburg Elementary powered by UTOPIA Fiber,40.686424,-112.01881,2022-08-28 13:50:00
1661695200,18319,33.4,76.6,11.852,Carl Sandburg Elementary powered by UTOPIA Fiber,40.686424,-112.01881,2022-08-28 14:00:00
1661695800,18319,34.6,78.0,11.636,Carl Sandburg Elementary powered by UTOPIA Fiber,40.686424,-112.01881,2022-08-28 14:10:00
1661696400,18319,31.4,79.2,12.79,Carl Sandburg Elementary powered by UTOPIA Fiber,40.686424,-112.01881,2022-08-28 14:20:00
1661697000,18319,32.0,80.0,13.252,Carl Sandburg Elementary powered by UTOPIA Fiber,40.686424,-112.01881,2022-08-28 14:30:00
1661697600,18319,33.8,79.6,13.298,Carl Sandburg Elementary powered by UTOPIA Fiber,40.686424,-112.01881,2022-08-28 14:40:00
1661698200,18319,32.4,79.8,13.378,Carl Sandburg Elementary powered by UTOPIA Fiber,40.686424,-112.01881,2022-08-28 14:50:00
1661698800,18319,27.8,83.6,13.544,Carl Sandburg Elementary powered by UTOPIA Fiber,40.686424,-112.01881,2022-08-28 15:00:00
1661699400,18319,24.2,86.8,13.37,Carl Sandburg Elementary powered by UTOPIA Fiber,40.686424,-112.01881,2022-08-28 15:10:00
1661700000,18319,22.4,90.0,11.334,Carl Sandburg Elementary powered by UTOPIA Fiber,40.686424,-112.01881,2022-08-28 15:20:00
1661700600,18319,21.6,91.6,10.388,Carl Sandburg Elementary powered by UTOPIA Fiber,40.686424,-112.01881,2022-08-28 15:30:00
1661701200,18319,21.8,93.6,9.086,Carl Sandburg Elementary powered by UTOPIA Fiber,40.686424,-112.01881,2022-08-28 15:40:00
1661701800,18319,19.8,96.0,9.358,Carl Sandburg Elementary powered by UTOPIA Fiber,40.686424,-112.01881,2022-08-28 15:50:00
1661702400,18319,18.4,98.2,12.268,Carl Sandburg Elementary powered by UTOPIA Fiber,40.686424,-112.01881,2022-08-28 16:00:00
1661703000,18319,17.0,100.2,9.892,Carl Sandburg Elementary powered by UTOPIA Fiber,40.686424,-112.01881,2022-08-28 16:10:00
1661703600,18319,16.0,102.0,9.882,Carl Sandburg Elementary powered by UTOPIA Fiber,40.686424,-112.01881,2022-08-28 16:20:00
1661704200,18319,15.2,103.4,10.416,Carl Sandburg Elementary powered by UTOPIA Fiber,40.686424,-112.01881,2022-08-28 16:30:00
1661704800,18319,14.6,104.8,10.454,Carl Sandburg Elementary powered by UTOPIA Fiber,40.686424,-112.01881,2022-08-28 16:40:00
1661705400,18319,14.0,105.8,10.844,Carl Sandburg Elementary powered by UTOPIA Fiber,40.686424,-112.01881,2022-08-28 16:50:00
1661706000,18319,13.0,107.2,10.47,Carl Sandburg Elementary powered by UTOPIA Fiber,40.686424,-112.01881,2022-08-28 17:00:00
1661706600,18319,13.0,108.4,10.258,Carl Sandburg Elementary powered by UTOPIA Fiber,40.686424,-112.01881,2022-08-28 17:10:00
1661707200,18319,12.6,109.6,10.192,Carl Sandburg Elementary powered by UTOPIA Fiber,40.686424,-112.01881,2022-08-28 17:20:00
1661707800,18319,12.2,110.4,9.826,Carl Sandburg Elementary powered by UTOPIA Fiber,40.686424,-112.01881,2022-08-28 17:30:00
1661708400,18319,12.0,111.2,8.692,Carl Sandburg Elementary powered by UTOPIA Fiber,40.686424,-112.01881,2022-08-28 17:40:00
1661709000,18319,12.0,112.6,6.968,Carl Sandburg Elementary powered by UTOPIA Fiber,40.686424,-112.01881,2022-08-28 17:50:00
1661709600,18319,11.0,113.6,8.284,Carl Sandburg Elementary powered by UTOPIA Fiber,40.686424,-112.01881,2022-08-28 18:00:00
1661710200,18319,10.0,114.0,8.224,Carl Sandburg Elementary powered by UTOPIA Fiber,40.686424,-112.01881,2022-08-28 18:10:00
1661710800,18319,9.8,114.6,7.884,Carl Sandburg Elementary powered by UTOPIA Fiber,40.686424,-112.01881,2022-08-28 18:20:00
1661711400,18319,9.6,115.0,7.136,Carl Sandburg Elementary powered by UTOPIA Fiber,40.686424,-112.01881,2022-08-28 18:30:00
1661712000,18319,9.4,115.2,5.668,Carl Sandburg Elementary powered by UTOPIA Fiber,40.686424,-112.01881,2022-08-28 18:40:00
1661712600,18319,9.0,116.2,5.796,Carl Sandburg Elementary powered by UTOPIA Fiber,40.686424,-112.01881,2022-08-28 18:50:00
1661713200,18319,8.2,116.8,5.244,Carl Sandburg Elementary powered by UTOPIA Fiber,40.686424,-112.01881,2022-08-28 19:00:00
1661713800,18319,7.6,117.0,4.942,Carl Sandburg Elementary powered by UTOPIA Fiber,40.686424,-112.01881,2022-08-28 19:10:00
1661714400,18319,7.8,117.0,4.54,Carl Sandburg Elementary powered by UTOPIA Fiber,40.686424,-112.01881,2022-08-28 19:20:00
1661715000,18319,7.0,117.4,4.742,Carl Sandburg Elementary powered by UTOPIA Fiber,40.686424,-112.01881,2022-08-28 19:30:00
1661715600,18319,7.0,117.4,5.506,Carl Sandburg Elementary powered by UTOPIA Fiber,40.686424,-112.01881,2022-08-28 19:40:00
1661716200,18319,6.4,117.0,5.986,Carl Sandburg Elementary powered by UTOPIA Fiber,40.686424,-112.01881,2022-08-28 19:50:00
1661716800,18319,7.0,117.0,6.936,Carl Sandburg Elementary powered by UTOPIA Fiber,40.686424,-112.01881,2022-08-28 20:00:00
1661717400,18319,7.2,115.8,9.574,Carl Sandburg Elementary powered by UTOPIA Fiber,40.686424,-112.01881,2022-08-28 20:10:00
1661718000,18319,6.8,116.0,12.578,Carl Sandburg Elementary powered by UTOPIA Fiber,40.686424,-112.01881,2022-08-28 20:20:00
1661718600,18319,6.6,115.2,11.316,Carl Sandburg Elementary powered by UTOPIA Fiber,40.686424,-112.01881,2022-08-28 20:30:00
1661719200,18319,6.4,114.8,7.0,Carl Sandburg Elementary powered by UTOPIA Fiber,40.686424,-112.01881,2022-08-28 20:40:00
1661719800,18319,7.4,114.4,6.91,Carl Sandburg Elementary powered by UTOPIA Fiber,40.686424,-112.01881,2022-08-28 20:50:00
1661720400,18319,7.8,115.0,6.532,Carl Sandburg Elementary powered by UTOPIA Fiber,40.686424,-112.01881,2022-08-28 21:00:00
1661721000,18319,7.2,113.8,5.904,Carl Sandburg Elementary powered by UTOPIA Fiber,40.686424,-112.01881,2022-08-28 21:10:00
1661721600,18319,8.2,112.6,5.644,Carl Sandburg Elementary powered by UTOPIA Fiber,40.686424,-112.01881,2022-08-28 21:20:00
1661722200,18319,8.2,111.6,6.026,Carl Sandburg Elementary powered by UTOPIA Fiber,40.686424,-112.01881,2022-08-28 21:30:00
1661722800,18319,9.6,109.6,5.478,Carl Sandburg Elementary powered by UTOPIA Fiber,40.686424,-112.01881,2022-08-28 21:40:00
1661723400,18319,10.4,108.0,4.702,Carl Sandburg Elementary powered by UTOPIA Fiber,40.686424,-112.01881,2022-08-28 21:50:00
1661724000,18319,10.4,106.0,5.08,Carl Sandburg Elementary powered by UTOPIA Fiber,40.686424,-112.01881,2022-08-28 22:00:00
1661724600,18319,10.8,103.6,5.296,Carl Sandburg Elementary powered by UTOPIA Fiber,40.686424,-112.01881,2022-08-28 22:10:00
1661725200,18319,11.6,102.0,5.188,Carl Sandburg Elementary powered by UTOPIA Fiber,40.686424,-112.01881,2022-08-28 22:20:00
1661725800,18319,11.2,101.0,5.144,Carl Sandburg Elementary powered by UTOPIA Fiber,40.686424,-112.01881,2022-08-28 22:30:00
1661726400,18319,13.0,100.0,5.784,Carl Sandburg Elementary powered by UTOPIA Fiber,40.686424,-112.01881,2022-08-28 22:40:00
1661727000,18319,12.8,99.6,5.78,Carl Sandburg Elementary powered by UTOPIA Fiber,40.686424,-112.01881,2022-08-28 22:50:00
1661727600,18319,13.2,98.8,5.786,Carl Sandburg Elementary powered by UTOPIA Fiber,40.686424,-112.01881,2022-08-28 23:00:00
1661728200,18319,13.8,98.0,5.536,Carl Sandburg Elementary powered by UTOPIA Fiber,40.686424,-112.01881,2022-08-28 23:10:00
1661728800,18319,13.8,97.4,5.316,Carl Sandburg Elementary powered by UTOPIA Fiber,40.686424,-112.01881,2022-08-28 23:20:00
1661729400,18319,14.0,96.8,5.64,Carl Sandburg Elementary powered by UTOPIA Fiber,40.686424,-112.01881,2022-08-28 23:30:00
1661730000,18319,13.6,96.0,5.952,Carl Sandburg Elementary powered by UTOPIA Fiber,40.686424,-112.01881,2022-08-28 23:40:00
1661730600,18319,14.4,95.8,6.044,Carl Sandburg Elementary powered by UTOPIA Fiber,40.686424,-112.01881,2022-08-28 23:50:00
1661731200,18319,14.6,95.0,6.588,Carl Sandburg Elementary powered by UTOPIA Fiber,40.686424,-112.01881,2022-08-29 00:00:00
1661731800,18319,15.2,94.0,7.018,Carl Sandburg Elementary powered by UTOPIA Fiber,40.686424,-112.01881,2022-08-29 00:10:00
1661732400,18319,15.0,93.2,7.922,Carl Sandburg Elementary powered by UTOPIA Fiber,40.686424,-112.01881,2022-08-29 00:20:00
1661733000,18319,15.6,93.0,8.288,Carl Sandburg Elementary powered by UTOPIA Fiber,40.686424,-112.01881,2022-08-29 00:30:00
1661733600,18319,15.4,92.0,8.606,Carl Sandburg Elementary powered by UTOPIA Fiber,40.686424,-112.01881,2022-08-29 00:40:00
1661734200,18319,16.4,91.4,8.98,Carl Sandburg Elementary powered by UTOPIA Fiber,40.686424,-112.01881,2022-08-29 00:50:00
1661734800,18319,17.8,90.8,10.57,Carl Sandburg Elementary powered by UTOPIA Fiber,40.686424,-112.01881,2022-08-29 01:00:00
1661735400,18319,18.2,90.0,11.652,Carl Sandburg Elementary powered by UTOPIA Fiber,40.686424,-112.01881,2022-08-29 01:10:00
1661736000,18319,17.8,89.6,11.772,Carl Sandburg Elementary powered by UTOPIA Fiber,40.686424,-112.01881,2022-08-29 01:20:00
1661736600,18319,17.8,89.0,10.304,Carl Sandburg Elementary powered by UTOPIA Fiber,40.686424,-112.01881,2022-08-29 01:30:00
1661737200,18319,17.4,88.4,10.624,Carl Sandburg Elementary powered by UTOPIA Fiber,40.686424,-112.01881,2022-08-29 01:40:00
1661737800,18319,18.0,88.0,11.354,Carl Sandburg Elementary powered by UTOPIA Fiber,40.686424,-112.01881,2022-08-29 01:50:00
1661738400,18319,19.0,87.0,11.938,Carl Sandburg Elementary powered by UTOPIA Fiber,40.686424,-112.01881,2022-08-29 02:00:00
1661739000,18319,19.6,86.2,12.608,Carl Sandburg Elementary powered by UTOPIA Fiber,40.686424,-112.01881,2022-08-29 02:10:00
1661739600,18319,21.0,84.6,12.864,Carl Sandburg Elementary powered by UTOPIA Fiber,40.686424,-112.01881,2022-08-29 02:20:00
1661740200,18319,21.4,84.6,13.11,Carl Sandburg Elementary powered by UTOPIA Fiber,40.686424,-112.01881,2022-08-29 02:30:00
1661740800,18319,21.0,84.0,12.192,Carl Sandburg Elementary powered by UTOPIA Fiber,40.686424,-112.01881,2022-08-29 02:40:00
1661741400,18319,21.0,83.0,10.768,Carl Sandburg Elementary powered by UTOPIA Fiber,40.686424,-112.01881,2022-08-29 02:50:00
1661742000,18319,20.4,82.8,10.944,Carl Sandburg Elementary powered by UTOPIA Fiber,40.686424,-112.01881,2022-08-29 03:00:00
1661742600,18319,20.2,82.0,9.612,Carl Sandburg Elementary powered by UTOPIA Fiber,40.686424,-112.01881,2022-08-29 03:10:00
1661743200,18319,20.2,82.0,10.166,Carl Sandburg Elementary powered by UTOPIA Fiber,40.686424,-112.01881,2022-08-29 03:20:00
1661743800,18319,21.4,81.0,14.092,Carl Sandburg Elementary powered by UTOPIA Fiber,40.686424,-112.01881,2022-08-29 03:30:00
1661744400,18319,22.0,81.0,12.134,Carl Sandburg Elementary powered by UTOPIA Fiber,40.686424,-112.01881,2022-08-29 03:40:00
1661745000,18319,22.6,80.6,11.708,Carl Sandburg Elementary powered by UTOPIA Fiber,40.686424,-112.01881,2022-08-29 03:50:00
1661745600,18319,23.4,80.0,11.658,Carl Sandburg Elementary powered by UTOPIA Fiber,40.686424,-112.01881,2022-08-29 04:00:00
1661746200,18319,24.4,79.4,12.482,Carl Sandburg Elementary powered by UTOPIA Fiber,40.686424,-112.01881,2022-08-29 04:10:00
1661746800,18319,24.8,79.0,13.912,Carl Sandburg Elementary powered by UTOPIA Fiber,40.686424,-112.01881,2022-08-29 04:20:00
1661747400,18319,25.8,78.8,13.882,Carl Sandburg Elementary powered by UTOPIA Fiber,40.686424,-112.01881,2022-08-29 04:30:00
1661748000,18319,26.4,78.0,14.19,Carl Sandburg Elementary powered by UTOPIA Fiber,40.686424,-112.01881,2022-08-29 04:40:00
1661748600,18319,27.2,77.8,14.174,Carl Sandburg Elementary powered by UTOPIA Fiber,40.686424,-112.01881,2022-08-29 04:50:00
1661749200,18319,28.0,77.0,13.908,Carl Sandburg Elementary powered by UTOPIA Fiber,40.686424,-112.01881,2022-08-29 05:00:00
1661749800,18319,28.0,77.0,13.724,Carl Sandburg Elementary powered by UTOPIA Fiber,40.686424,-112.01881,2022-08-29 05:10:00
1661750400,18319,28.6,76.6,12.806,Carl Sandburg Elementary powered by UTOPIA Fiber,40.686424,-112.01881,2022-08-29 05:20:00
1661751000,18319,28.4,76.0,12.082,Carl Sandburg Elementary powered by UTOPIA Fiber,40.686424,-112.01881,2022-08-29 05:30:00
1661751600,18319,28.2,76.0,12.996,Carl Sandburg Elementary powered by UTOPIA Fiber,40.686424,-112.01881,2022-08-29 05:40:00
1661752200,18319,26.4,76.0,11.998,Carl Sandburg Elementary powered by UTOPIA Fiber,40.686424,-112.01881,2022-08-29 05:50:00
1661752800,18319,26.6,76.0,13.088,Carl Sandburg Elementary powered by UTOPIA Fiber,40.686424,-112.01881,2022-08-29 06:00:00
1661753400,18319,28.0,75.6,12.992,Carl Sandburg Elementary powered by UTOPIA Fiber,40.686424,-112.01881,2022-08-29 06:10:00
1661754000,18319,28.0,75.0,12.878,Carl Sandburg Elementary powered by UTOPIA Fiber,40.686424,-112.01881,2022-08-29 06:20:00
1661754600,18319,28.2,75.0,15.928,Carl Sandburg Elementary powered by UTOPIA Fiber,40.686424,-112.01881,2022-08-29 06:30:00
1661755200,18319,28.4,74.6,14.28,Carl Sandburg Elementary powered by UTOPIA Fiber,40.686424,-112.01881,2022-08-29 06:40:00
1661755800,18319,29.0,74.0,12.868,Carl Sandburg Elementary powered by UTOPIA Fiber,40.686424,-112.01881,2022-08-29 06:50:00
1661756400,18319,29.2,74.0,11.938,Carl Sandburg Elementary powered by UTOPIA Fiber,40.686424,-112.01881,2022-08-29 07:00:00
1661757000,18319,29.8,74.0,12.228,Carl Sandburg Elementary powered by UTOPIA Fiber,40.686424,-112.01881,2022-08-29 07:10:00
1661757600,18319,29.8,73.4,11.382,Carl Sandburg Elementary powered by UTOPIA Fiber,40.686424,-112.01881,2022-08-29 07:20:00
1661758200,18319,31.0,73.0,11.762,Carl Sandburg Elementary powered by UTOPIA Fiber,40.686424,-112.01881,2022-08-29 07:30:00
1661758800,18319,30.4,73.0,12.442,Carl Sandburg Elementary powered by UTOPIA Fiber,40.686424,-112.01881,2022-08-29 07:40:00
1661759400,18319,29.0,73.0,10.978,Carl Sandburg Elementary powered by UTOPIA Fiber,40.686424,-112.01881,2022-08-29 07:50:00
1661760000,18319,29.2,73.0,10.902,Carl Sandburg Elementary powered by UTOPIA Fiber,40.686424,-112.01881,2022-08-29 08:00:00
1661760600,18319,29.4,73.0,10.898,Carl Sandburg Elementary powered by UTOPIA Fiber,40.686424,-112.01881,2022-08-29 08:10:00
1661761200,18319,30.2,73.0,11.122,Carl Sandburg Elementary powered by UTOPIA Fiber,40.686424,-112.01881,2022-08-29 08:20:00
1661761800,18319,31.0,72.0,11.634,Carl Sandburg Elementary powered by UTOPIA Fiber,40.686424,-112.01881,2022-08-29 08:30:00
1661762400,18319,32.0,72.0,12.05,Carl Sandburg Elementary powered by UTOPIA Fiber,40.686424,-112.01881,2022-08-29 08:40:00
1661763000,18319,31.6,71.0,12.824,Carl Sandburg Elementary powered by UTOPIA Fiber,40.686424,-112.01881,2022-08-29 08:50:00
1661763600,18319,31.4,71.0,12.868,Carl Sandburg Elementary powered by UTOPIA Fiber,40.686424,-112.01881,2022-08-29 09:00:00
1661764200,18319,31.4,71.2,12.686,Carl Sandburg Elementary powered by UTOPIA Fiber,40.686424,-112.01881,2022-08-29 09:10:00
1661764800,18319,31.2,71.0,12.83,Carl Sandburg Elementary powered by UTOPIA Fiber,40.686424,-112.01881,2022-08-29 09:20:00
1661765400,18319,31.2,71.0,13.078,Carl Sandburg Elementary powered by UTOPIA Fiber,40.686424,-112.01881,2022-08-29 09:30:00
1661766000,18319,32.8,71.0,13.038,Carl Sandburg Elementary powered by UTOPIA Fiber,40.686424,-112.01881,2022-08-29 09:40:00
1661766600,18319,32.0,71.0,13.314,Carl Sandburg Elementary powered by UTOPIA Fiber,40.686424,-112.01881,2022-08-29 09:50:00
1661767200,18319,31.8,71.0,12.184,Carl Sandburg Elementary powered by UTOPIA Fiber,40.686424,-112.01881,2022-08-29 10:00:00
1661767800,18319,31.0,71.0,12.616,Carl Sandburg Elementary powered by UTOPIA Fiber,40.686424,-112.01881,2022-08-29 10:10:00
1661768400,18319,31.4,71.0,12.742,Carl Sandburg Elementary powered by UTOPIA Fiber,40.686424,-112.01881,2022-08-29 10:20:00
1661769000,18319,32.0,70.6,13.482,Carl Sandburg Elementary powered by UTOPIA Fiber,40.686424,-112.01881,2022-08-29 10:30:00
1661769600,18319,32.0,70.0,14.352,Carl Sandburg Elementary powered by UTOPIA Fiber,40.686424,-112.01881,2022-08-29 10:40:00
1661770200,18319,32.0,70.0,18.002,Carl Sandburg Elementary powered by UTOPIA Fiber,40.686424,-112.01881,2022-08-29 10:50:00
1661770800,18319,32.8,70.0,19.566,Carl Sandburg Elementary powered by UTOPIA Fiber,40.686424,-112.01881,2022-08-29 11:00:00
1661771400,18319,33.2,70.0,19.356,Carl Sandburg Elementary powered by UTOPIA Fiber,40.686424,-112.01881,2022-08-29 11:10:00
1661772000,18319,33.0,70.0,24.084,Carl Sandburg Elementary powered by UTOPIA Fiber,40.686424,-112.01881,2022-08-29 11:20:00
1661772600,18319,34.0,69.8,14.316,Carl Sandburg Elementary powered by UTOPIA Fiber,40.686424,-112.01881,2022-08-29 11:30:00
1661773200,18319,34.0,69.0,21.98,Carl Sandburg Elementary powered by UTOPIA Fiber,40.686424,-112.01881,2022-08-29 11:40:00
1661773800,18319,32.6,69.6,16.98,Carl Sandburg Elementary powered by UTOPIA Fiber,40.686424,-112.01881,2022-08-29 11:50:00
1661774400,18319,32.2,70.0,12.19,Carl Sandburg Elementary powered by UTOPIA Fiber,40.686424,-112.01881,2022-08-29 12:00:00
1661775000,18319,33.4,69.4,13.136,Carl Sandburg Elementary powered by UTOPIA Fiber,40.686424,-112.01881,2022-08-29 12:10:00
1661775600,18319,33.4,69.0,13.22,Carl Sandburg Elementary powered by UTOPIA Fiber,40.686424,-112.01881,2022-08-29 12:20:00
1661776200,18319,34.0,69.0,12.668,Carl Sandburg Elementary powered by UTOPIA Fiber,40.686424,-112.01881,2022-08-29 12:30:00
1661776800,18319,34.4,69.0,13.642,Carl Sandburg Elementary powered by UTOPIA Fiber,40.686424,-112.01881,2022-08-29 12:40:00
1661777400,18319,35.0,69.0,13.186,Carl Sandburg Elementary powered by UTOPIA Fiber,40.686424,-112.01881,2022-08-29 12:50:00
1661778000,18319,35.2,68.6,13.57,Carl Sandburg Elementary powered by UTOPIA Fiber,40.686424,-112.01881,2022-08-29 13:00:00
1661778600,18319,35.2,69.0,13.902,Carl Sandburg Elementary powered by UTOPIA Fiber,40.686424,-112.01881,2022-08-29 13:10:00
1661779200,18319,34.2,69.6,15.85,Carl Sandburg Elementary powered by UTOPIA Fiber,40.686424,-112.01881,2022-08-29 13:20:00
1661779800,18319,34.2,70.6,18.394,Carl Sandburg Elementary powered by UTOPIA Fiber,40.686424,-112.01881,2022-08-29 13:30:00
1661780400,18319,32.6,72.0,14.392,Carl Sandburg Elementary powered by UTOPIA Fiber,40.686424,-112.01881,2022-08-29 13:40:00
1661781000,18319,36.2,73.0,14.148,Carl Sandburg Elementary powered by UTOPIA Fiber,40.686424,-112.01881,2022-08-29 13:50:00
1661781600,18319,35.8,74.0,14.744,Carl Sandburg Elementary powered by UTOPIA Fiber,40.686424,-112.01881,2022-08-29 14:00:00
1661782200,18319,32.8,75.6,13.784,Carl Sandburg Elementary powered by UTOPIA Fiber,40.686424,-112.01881,2022-08-29 14:10:00
1661782800,18319,29.8,76.8,13.636,Carl Sandburg Elementary powered by UTOPIA Fiber,40.686424,-112.01881,2022-08-29 14:20:00
1661783400,18319,27.2,78.4,11.32,Carl Sandburg Elementary powered by UTOPIA Fiber,40.686424,-112.01881,2022-08-29 14:30:00
1661784000,18319,25.6,80.2,11.676,Carl Sandburg Elementary powered by UTOPIA Fiber,40.686424,-112.01881,2022-08-29 14:40:00
1661784600,18319,24.4,82.8,12.106,Carl Sandburg Elementary powered by UTOPIA Fiber,40.686424,-112.01881,2022-08-29 14:50:00
1661785200,18319,22.2,85.2,12.7,Carl Sandburg Elementary powered by UTOPIA Fiber,40.686424,-112.01881,2022-08-29 15:00:00
1661785800,18319,20.8,87.8,10.32,Carl Sandburg Elementary powered by UTOPIA Fiber,40.686424,-112.01881,2022-08-29 15:10:00
1661786400,18319,18.6,90.4,7.502,Carl Sandburg Elementary powered by UTOPIA Fiber,40.686424,-112.01881,2022-08-29 15:20:00
1661787000,18319,17.2,91.6,6.604,Carl Sandburg Elementary powered by UTOPIA Fiber,40.686424,-112.01881,2022-08-29 15:30:00
1661787600,18319,16.4,92.6,6.476,Carl Sandburg Elementary powered by UTOPIA Fiber,40.686424,-112.01881,2022-08-29 15:40:00
1661788200,18319,15.4,94.4,6.642,Carl Sandburg Elementary powered by UTOPIA Fiber,40.686424,-112.01881,2022-08-29 15:50:00
1661788800,18319,14.6,96.4,6.794,Carl Sandburg Elementary powered by UTOPIA Fiber,40.686424,-112.01881,2022-08-29 16:00:00
1661789400,18319,14.6,97.8,6.684,Carl Sandburg Elementary powered by UTOPIA Fiber,40.686424,-112.01881,2022-08-29 16:10:00
1661790000,18319,14.2,99.4,6.77,Carl Sandburg Elementary powered by UTOPIA Fiber,40.686424,-112.01881,2022-08-29 16:20:00
1661790600,18319,13.8,100.6,6.856,Carl Sandburg Elementary powered by UTOPIA Fiber,40.686424,-112.01881,2022-08-29 16:30:00
1661791200,18319,13.2,102.6,7.112,Carl Sandburg Elementary powered by UTOPIA Fiber,40.686424,-112.01881,2022-08-29 16:40:00
1661791800,18319,11.6,104.6,6.984,Carl Sandburg Elementary powered by UTOPIA Fiber,40.686424,-112.01881,2022-08-29 16:50:00
1661792400,18319,11.4,105.6,7.518,Carl Sandburg Elementary powered by UTOPIA Fiber,40.686424,-112.01881,2022-08-29 17:00:00
1661793000,18319,11.0,107.0,7.828,Carl Sandburg Elementary powered by UTOPIA Fiber,40.686424,-112.01881,2022-08-29 17:10:00
1661793600,18319,10.6,107.8,7.546,Carl Sandburg Elementary powered by UTOPIA Fiber,40.686424,-112.01881,2022-08-29 17:20:00
1661794200,18319,10.4,108.8,7.854,Carl Sandburg Elementary powered by UTOPIA Fiber,40.686424,-112.01881,2022-08-29 17:30:00
1661794800,18319,9.4,110.2,7.748,Carl Sandburg Elementary powered by UTOPIA Fiber,40.686424,-112.01881,2022-08-29 17:40:00
1661795400,18319,9.2,111.8,7.948,Carl Sandburg Elementary powered by UTOPIA Fiber,40.686424,-112.01881,2022-08-29 17:50:00
1661796000,18319,8.6,113.6,8.55,Carl Sandburg Elementary powered by UTOPIA Fiber,40.686424,-112.01881,2022-08-29 18:00:00
1661796600,18319,8.6,114.8,8.994,Carl Sandburg Elementary powered by UTOPIA Fiber,40.686424,-112.01881,2022-08-29 18:10:00
1661797200,18319,8.6,116.2,8.336,Carl Sandburg Elementary powered by UTOPIA Fiber,40.686424,-112.01881,2022-08-29 18:20:00
1661797800,18319,7.8,117.6,8.25,Carl Sandburg Elementary powered by UTOPIA Fiber,40.686424,-112.01881,2022-08-29 18:30:00
1661798400,18319,7.6,118.6,8.442,Carl Sandburg Elementary powered by UTOPIA Fiber,40.686424,-112.01881,2022-08-29 18:40:00
1661799000,18319,7.0,119.8,8.618,Carl Sandburg Elementary powered by UTOPIA Fiber,40.686424,-112.01881,2022-08-29 18:50:00
1661799600,18319,7.4,119.6,8.734,Carl Sandburg Elementary powered by UTOPIA Fiber,40.686424,-112.01881,2022-08-29 19:00:00
1661800200,18319,6.4,120.4,8.866,Carl Sandburg Elementary powered by UTOPIA Fiber,40.686424,-112.01881,2022-08-29 19:10:00
1661800800,18319,6.6,120.4,8.95,Carl Sandburg Elementary powered by UTOPIA Fiber,40.686424,-112.01881,2022-08-29 19:20:00
1661801400,18319,6.6,121.0,10.088,Carl Sandburg Elementary powered by UTOPIA Fiber,40.686424,-112.01881,2022-08-29 19:30:00
1661802000,18319,6.2,121.0,10.054,Carl Sandburg Elementary powered by UTOPIA Fiber,40.686424,-112.01881,2022-08-29 19:40:00
1661802600,18319,7.0,121.2,10.588,Carl Sandburg Elementary powered by UTOPIA Fiber,40.686424,-112.01881,2022-08-29 19:50:00
1661803200,18319,8.0,121.4,11.35,Carl Sandburg Elementary powered by UTOPIA Fiber,40.686424,-112.01881,2022-08-29 20:00:00
1661803800,18319,7.6,121.0,11.418,Carl Sandburg Elementary powered by UTOPIA Fiber,40.686424,-112.01881,2022-08-29 20:10:00
1661804400,18319,7.0,121.0,11.15,Carl Sandburg Elementary powered by UTOPIA Fiber,40.686424,-112.01881,2022-08-29 20:20:00
1661805000,18319,7.2,120.8,11.422,Carl Sandburg Elementary powered by UTOPIA Fiber,40.686424,-112.01881,2022-08-29 20:30:00
1661805600,18319,7.0,120.0,11.114,Carl Sandburg Elementary powered by UTOPIA Fiber,40.686424,-112.01881,2022-08-29 20:40:00
1661806200,18319,7.0,120.4,11.076,Carl Sandburg Elementary powered by UTOPIA Fiber,40.686424,-112.01881,2022-08-29 20:50:00
1661806800,18319,7.0,120.0,10.502,Carl Sandburg Elementary powered by UTOPIA Fiber,40.686424,-112.01881,2022-08-29 21:00:00
1661807400,18319,7.0,119.6,9.502,Carl Sandburg Elementary powered by UTOPIA Fiber,40.686424,-112.01881,2022-08-29 21:10:00
1661808000,18319,7.0,118.6,8.834,Carl Sandburg Elementary powered by UTOPIA Fiber,40.686424,-112.01881,2022-08-29 21:20:00
1661808600,18319,8.2,116.4,8.88,Carl Sandburg Elementary powered by UTOPIA Fiber,40.686424,-112.01881,2022-08-29 21:30:00
1661809200,18319,8.4,114.6,7.768,Carl Sandburg Elementary powered by UTOPIA Fiber,40.686424,-112.01881,2022-08-29 21:40:00
1661809800,18319,9.4,112.8,6.338,Carl Sandburg Elementary powered by UTOPIA Fiber,40.686424,-112.01881,2022-08-29 21:50:00
1661810400,18319,9.6,110.2,7.036,Carl Sandburg Elementary powered by UTOPIA Fiber,40.686424,-112.01881,2022-08-29 22:00:00
1661811000,18319,10.4,108.0,7.014,Carl Sandburg Elementary powered by UTOPIA Fiber,40.686424,-112.01881,2022-08-29 22:10:00
1661811600,18319,12.4,106.4,7.076,Carl Sandburg Elementary powered by UTOPIA Fiber,40.686424,-112.01881,2022-08-29 22:20:00
1661812200,18319,11.6,105.2,7.36,Carl Sandburg Elementary powered by UTOPIA Fiber,40.686424,-112.01881,2022-08-29 22:30:00
1661812800,18319,12.6,104.2,7.768,Carl Sandburg Elementary powered by UTOPIA Fiber,40.686424,-112.01881,2022-08-29 22:40:00
1661813400,18319,13.4,103.2,8.204,Carl Sandburg Elementary powered by UTOPIA Fiber,40.686424,-112.01881,2022-08-29 22:50:00
1661814000,18319,13.0,102.4,7.726,Carl Sandburg Elementary powered by UTOPIA Fiber,40.686424,-112.01881,2022-08-29 23:00:00
1661814600,18319,13.4,101.6,7.676,Carl Sandburg Elementary powered by UTOPIA Fiber,40.686424,-112.01881,2022-08-29 23:10:00
1661815200,18319,13.4,101.0,7.516,Carl Sandburg Elementary powered by UTOPIA Fiber,40.686424,-112.01881,2022-08-29 23:20:00
1661815800,18319,13.8,100.4,7.452,Carl Sandburg Elementary powered by UTOPIA Fiber,40.686424,-112.01881,2022-08-29 23:30:00
1661816400,18319,14.4,99.8,7.348,Carl Sandburg Elementary powered by UTOPIA Fiber,40.686424,-112.01881,2022-08-29 23:40:00
1661817000,18319,15.2,99.2,7.898,Carl Sandburg Elementary powered by UTOPIA Fiber,40.686424,-112.01881,2022-08-29 23:50:00
