time_stamp,sensor_index,humidity,temperature,pm2.5,sensor_name,latitude,longitude,datetime
1658534400,83919,16.2,98.8,1.998,Hunter Junior High powered by UTOPIA Fiber,40.689068,-112.03574,2022-07-23 00:00:00
1658535000,83919,14.8,101.0,1.954,Hunter Junior High powered by UTOPIA Fiber,40.689068,-112.03574,2022-07-23 00:10:00
1658535600,83919,15.0,99.8,2.008,Hunter Junior High powered by UTOPIA Fiber,40.689068,-112.03574,2022-07-23 00:20:00
1658536200,83919,15.0,100.0,3.242,Hunter Junior High powered by UTOPIA Fiber,40.689068,-112.03574,2022-07-23 00:30:00
1658536800,83919,14.6,101.0,2.552,Hunter Junior High powered by UTOPIA Fiber,40.689068,-112.03574,2022-07-23 00:40:00
1658537400,83919,14.4,101.0,1.868,Hunter Junior High powered by UTOPIA Fiber,40.689068,-112.03574,2022-07-23 00:50:00
1658538000,83919,14.8,100.6,2.078,Hunter Junior High powered by UTOPIA Fiber,40.689068,-112.03574,2022-07-23 01:00:00
1658538600,83919,15.8,99.2,1.886,Hunter Junior High powered by UTOPIA Fiber,40.689068,-112.03574,2022-07-23 01:10:00
1658539200,83919,17.4,97.0,2.252,Hunter Junior High powered by UTOPIA Fiber,40.689068,-112.03574,2022-07-23 01:20:00
1658539800,83919,18.0,95.2,2.164,Hunter Junior High powered by UTOPIA Fiber,40.689068,-112.03574,2022-07-23 01:30:00
1658540400,83919,18.6,94.8,2.456,Hunter Junior High powered by UTOPIA Fiber,40.689068,-112.03574,2022-07-23 01:40:00
1658541000,83919,18.0,96.2,2.35,Hunter Junior High powered by UTOPIA Fiber,40.689068,-112.03574,2022-07-23 01:50:00
1658541600,83919,19.0,95.2,2.442,Hunter Junior High powered by UTOPIA Fiber,40.689068,-112.03574,2022-07-23 02:00:00
1658542200,83919,19.6,93.4,2.698,Hunter Junior High powered by UTOPIA Fiber,40.689068,-112.03574,2022-07-23 02:10:00
1658542800,83919,19.2,93.0,2.706,Hunter Junior High powered by UTOPIA Fiber,40.689068,-112.03574,2022-07-23 02:20:00
1658543400,83919,19.8,92.6,2.61,Hunter Junior High powered by UTOPIA Fiber,40.689068,-112.03574,2022-07-23 02:30:00
1658544000,83919,19.4,91.4,2.438,Hunter Junior High powered by UTOPIA Fiber,40.689068,-112.03574,2022-07-23 02:40:00
1658544600,83919,19.8,91.0,2.262,Hunter Junior High powered by UTOPIA Fiber,40.689068,-112.03574,2022-07-23 02:50:00
1658545200,83919,20.6,90.4,2.648,Hunter Junior High powered by UTOPIA Fiber,40.689068,-112.03574,2022-07-23 03:00:00
1658545800,83919,20.6,89.0,2.858,Hunter Junior High powered by UTOPIA Fiber,40.689068,-112.03574,2022-07-23 03:10:00
1658546400,83919,20.4,89.0,3.52,Hunter Junior High powered by UTOPIA Fiber,40.689068,-112.03574,2022-07-23 03:20:00
1658547000,83919,21.6,88.4,4.946,Hunter Junior High powered by UTOPIA Fiber,40.689068,-112.03574,2022-07-23 03:30:00
1658547600,83919,22.2,87.4,5.722,Hunter Junior High powered by UTOPIA Fiber,40.689068,-112.03574,2022-07-23 03:40:00
1658548200,83919,22.2,87.0,6.016,Hunter Junior High powered by UTOPIA Fiber,40.689068,-112.03574,2022-07-23 03:50:00
1658548800,83919,22.6,87.0,6.202,Hunter Junior High powered by UTOPIA Fiber,40.689068,-112.03574,2022-07-23 04:00:00
1658549400,83919,22.8,87.0,6.434,Hunter Junior High powered by UTOPIA Fiber,40.689068,-112.03574,2022-07-23 04:10:00
1658550000,83919,23.0,86.4,6.822,Hunter Junior High powered by UTOPIA Fiber,40.689068,-112.03574,2022-07-23 04:20:00
1658550600,83919,23.8,86.0,10.542,Hunter Junior High powered by UTOPIA Fiber,40.689068,-112.03574,2022-07-23 04:30:00
1658551200,83919,24.2,85.8,24.064,Hunter Junior High powered by UTOPIA Fiber,40.689068,-112.03574,2022-07-23 04:40:00
1658551800,83919,25.0,85.0,20.454,Hunter Junior High powered by UTOPIA Fiber,40.689068,-112.03574,2022-07-23 04:50:00
1658552400,83919,25.6,85.0,11.902,Hunter Junior High powered by UTOPIA Fiber,40.689068,-112.03574,2022-07-23 05:00:00
1658553000,83919,26.4,84.2,9.434,Hunter Junior High powered by UTOPIA Fiber,40.689068,-112.03574,2022-07-23 05:10:00
1658553600,83919,27.0,84.0,11.164,Hunter Junior High powered by UTOPIA Fiber,40.689068,-112.03574,2022-07-23 05:20:00
1658554200,83919,27.8,84.0,9.94,Hunter Junior High powered by UTOPIA Fiber,40.689068,-112.03574,2022-07-23 05:30:00
1658554800,83919,33.0,83.6,8.782,Hunter Junior High powered by UTOPIA Fiber,40.689068,-112.03574,2022-07-23 05:40:00
1658555400,83919,34.2,81.2,7.612,Hunter Junior High powered by UTOPIA Fiber,40.689068,-112.03574,2022-07-23 05:50:00
1658556000,83919,37.6,77.8,7.748,Hunter Junior High powered by UTOPIA Fiber,40.689068,-112.03574,2022-07-23 06:00:00
1658556600,83919,39.6,76.4,7.178,Hunter Junior High powered by UTOPIA Fiber,40.689068,-112.03574,2022-07-23 06:10:00
1658557200,83919,40.6,76.0,6.432,Hunter Junior High powered by UTOPIA Fiber,40.689068,-112.03574,2022-07-23 06:20:00
1658557800,83919,37.2,76.0,5.268,Hunter Junior High powered by UTOPIA Fiber,40.689068,-112.03574,2022-07-23 06:30:00
1658558400,83919,37.0,76.6,4.692,Hunter Junior High powered by UTOPIA Fiber,40.689068,-112.03574,2022-07-23 06:40:00
1658559000,83919,35.4,77.8,4.606,Hunter Junior High powered by UTOPIA Fiber,40.689068,-112.03574,2022-07-23 06:50:00
1658559600,83919,35.8,78.6,4.238,Hunter Junior High powered by UTOPIA Fiber,40.689068,-112.03574,2022-07-23 07:00:00
1658560200,83919,36.0,79.0,5.31,Hunter Junior High powered by UTOPIA Fiber,40.689068,-112.03574,2022-07-23 07:10:00
1658560800,83919,34.0,79.0,5.238,Hunter Junior High powered by UTOPIA Fiber,40.689068,-112.03574,2022-07-23 07:20:00
1658561400,83919,34.4,79.0,5.964,Hunter Junior High powered by UTOPIA Fiber,40.689068,-112.03574,2022-07-23 07:30:00
1658562000,83919,32.8,79.2,6.79,Hunter Junior High powered by UTOPIA Fiber,40.689068,-112.03574,2022-07-23 07:40:00
1658562600,83919,31.0,79.2,6.654,Hunter Junior High powered by UTOPIA Fiber,40.689068,-112.03574,2022-07-23 07:50:00
1658563200,83919,29.2,80.0,4.926,Hunter Junior High powered by UTOPIA Fiber,40.689068,-112.03574,2022-07-23 08:00:00
1658563800,83919,27.8,80.2,4.412,Hunter Junior High powered by UTOPIA Fiber,40.689068,-112.03574,2022-07-23 08:10:00
1658564400,83919,26.4,81.0,3.404,Hunter Junior High powered by UTOPIA Fiber,40.689068,-112.03574,2022-07-23 08:20:00
1658565000,83919,26.6,80.4,3.394,Hunter Junior High powered by UTOPIA Fiber,40.689068,-112.03574,2022-07-23 08:30:00
1658565600,83919,26.0,80.0,2.82,Hunter Junior High powered by UTOPIA Fiber,40.689068,-112.03574,2022-07-23 08:40:00
1658566200,83919,27.0,80.0,2.874,Hunter Junior High powered by UTOPIA Fiber,40.689068,-112.03574,2022-07-23 08:50:00
1658566800,83919,27.0,80.0,2.59,Hunter Junior High powered by UTOPIA Fiber,40.689068,-112.03574,2022-07-23 09:00:00
1658567400,83919,27.0,80.0,2.854,Hunter Junior High powered by UTOPIA Fiber,40.689068,-112.03574,2022-07-23 09:10:00
1658568000,83919,27.0,80.0,2.786,Hunter Junior High powered by UTOPIA Fiber,40.689068,-112.03574,2022-07-23 09:20:00
1658568600,83919,26.2,80.2,2.744,Hunter Junior High powered by UTOPIA Fiber,40.689068,-112.03574,2022-07-23 09:30:00
1658569200,83919,25.4,81.0,2.724,Hunter Junior High powered by UTOPIA Fiber,40.689068,-112.03574,2022-07-23 09:40:00
1658569800,83919,24.8,81.6,3.764,Hunter Junior High powered by UTOPIA Fiber,40.689068,-112.03574,2022-07-23 09:50:00
1658570400,83919,24.6,82.0,6.574,Hunter Junior High powered by UTOPIA Fiber,40.689068,-112.03574,2022-07-23 10:00:00
1658571000,83919,26.8,81.6,3.702,Hunter Junior High powered by UTOPIA Fiber,40.689068,-112.03574,2022-07-23 10:10:00
1658571600,83919,27.2,81.0,3.804,Hunter Junior High powered by UTOPIA Fiber,40.689068,-112.03574,2022-07-23 10:20:00
1658572200,83919,29.2,80.4,3.346,Hunter Junior High powered by UTOPIA Fiber,40.689068,-112.03574,2022-07-23 10:30:00
1658572800,83919,28.6,80.0,3.662,Hunter Junior High powered by UTOPIA Fiber,40.689068,-112.03574,2022-07-23 10:40:00
1658573400,83919,29.0,80.0,3.078,Hunter Junior High powered by UTOPIA Fiber,40.689068,-112.03574,2022-07-23 10:50:00
1658574000,83919,27.8,80.0,3.3,Hunter Junior High powered by UTOPIA Fiber,40.689068,-112.03574,2022-07-23 11:00:00
1658574600,83919,27.0,80.0,2.996,Hunter Junior High powered by UTOPIA Fiber,40.689068,-112.03574,2022-07-23 11:10:00
1658575200,83919,29.2,80.0,3.13,Hunter Junior High powered by UTOPIA Fiber,40.689068,-112.03574,2022-07-23 11:20:00
1658575800,83919,29.6,79.0,2.654,Hunter Junior High powered by UTOPIA Fiber,40.689068,-112.03574,2022-07-23 11:30:00
1658576400,83919,29.6,79.0,3.312,Hunter Junior High powered by UTOPIA Fiber,40.689068,-112.03574,2022-07-23 11:40:00
1658577000,83919,29.2,79.0,3.54,Hunter Junior High powered by UTOPIA Fiber,40.689068,-112.03574,2022-07-23 11:50:00
1658577600,83919,30.2,79.0,3.826,Hunter Junior High powered by UTOPIA Fiber,40.689068,-112.03574,2022-07-23 12:00:00
1658578200,83919,30.0,79.0,3.962,Hunter Junior High powered by UTOPIA Fiber,40.689068,-112.03574,2022-07-23 12:10:00
1658578800,83919,30.2,79.0,3.968,Hunter Junior High powered by UTOPIA Fiber,40.689068,-112.03574,2022-07-23 12:20:00
1658579400,83919,31.8,79.0,3.86,Hunter Junior High powered by UTOPIA Fiber,40.689068,-112.03574,2022-07-23 12:30:00
1658580000,83919,30.4,79.0,4.1,Hunter Junior High powered by UTOPIA Fiber,40.689068,-112.03574,2022-07-23 12:40:00
1658580600,83919,31.2,79.0,4.19,Hunter Junior High powered by UTOPIA Fiber,40.689068,-112.03574,2022-07-23 12:50:00
1658581200,83919,31.4,79.0,3.452,Hunter Junior High powered by UTOPIA Fiber,40.689068,-112.03574,2022-07-23 13:00:00
1658581800,83919,33.2,79.0,3.458,Hunter Junior High powered by UTOPIA Fiber,40.689068,-112.03574,2022-07-23 13:10:00
1658582400,83919,32.8,79.0,5.514,Hunter Junior High powered by UTOPIA Fiber,40.689068,-112.03574,2022-07-23 13:20:00
1658583000,83919,32.4,79.8,3.28,Hunter Junior High powered by UTOPIA Fiber,40.689068,-112.03574,2022-07-23 13:30:00
1658583600,83919,34.8,80.0,3.538,Hunter Junior High powered by UTOPIA Fiber,40.689068,-112.03574,2022-07-23 13:40:00
1658584200,83919,34.2,80.8,2.898,Hunter Junior High powered by UTOPIA Fiber,40.689068,-112.03574,2022-07-23 13:50:00
1658584800,83919,37.6,81.0,3.438,Hunter Junior High powered by UTOPIA Fiber,40.689068,-112.03574,2022-07-23 14:00:00
1658585400,83919,37.2,81.0,3.236,Hunter Junior High powered by UTOPIA Fiber,40.689068,-112.03574,2022-07-23 14:10:00
1658586000,83919,36.0,82.4,3.476,Hunter Junior High powered by UTOPIA Fiber,40.689068,-112.03574,2022-07-23 14:20:00
1658586600,83919,33.2,83.0,3.722,Hunter Junior High powered by UTOPIA Fiber,40.689068,-112.03574,2022-07-23 14:30:00
1658587200,83919,31.6,84.0,4.06,Hunter Junior High powered by UTOPIA Fiber,40.689068,-112.03574,2022-07-23 14:40:00
1658587800,83919,31.0,84.4,4.31,Hunter Junior High powered by UTOPIA Fiber,40.689068,-112.03574,2022-07-23 14:50:00
1658588400,83919,29.0,85.4,4.31,Hunter Junior High powered by UTOPIA Fiber,40.689068,-112.03574,2022-07-23 15:00:00
1658589000,83919,27.2,86.0,4.094,Hunter Junior High powered by UTOPIA Fiber,40.689068,-112.03574,2022-07-23 15:10:00
1658589600,83919,27.2,86.8,4.064,Hunter Junior High powered by UTOPIA Fiber,40.689068,-112.03574,2022-07-23 15:20:00
1658590200,83919,26.0,87.2,6.046,Hunter Junior High powered by UTOPIA Fiber,40.689068,-112.03574,2022-07-23 15:30:00
1658590800,83919,25.4,88.2,5.61,Hunter Junior High powered by UTOPIA Fiber,40.689068,-112.03574,2022-07-23 15:40:00
1658591400,83919,26.0,89.2,6.234,Hunter Junior High powered by UTOPIA Fiber,40.689068,-112.03574,2022-07-23 15:50:00
1658592000,83919,24.8,90.4,4.146,Hunter Junior High powered by UTOPIA Fiber,40.689068,-112.03574,2022-07-23 16:00:00
1658592600,83919,22.6,91.4,4.626,Hunter Junior High powered by UTOPIA Fiber,40.689068,-112.03574,2022-07-23 16:10:00
1658593200,83919,21.4,92.0,4.042,Hunter Junior High powered by UTOPIA Fiber,40.689068,-112.03574,2022-07-23 16:20:00
1658593800,83919,21.8,92.2,4.396,Hunter Junior High powered by UTOPIA Fiber,40.689068,-112.03574,2022-07-23 16:30:00
1658594400,83919,20.6,92.2,3.612,Hunter Junior High powered by UTOPIA Fiber,40.689068,-112.03574,2022-07-23 16:40:00
1658595000,83919,21.4,93.2,4.626,Hunter Junior High powered by UTOPIA Fiber,40.689068,-112.03574,2022-07-23 16:50:00
1658595600,83919,19.6,94.8,3.186,Hunter Junior High powered by UTOPIA Fiber,40.689068,-112.03574,2022-07-23 17:00:00
1658596200,83919,18.8,96.4,3.262,Hunter Junior High powered by UTOPIA Fiber,40.689068,-112.03574,2022-07-23 17:10:00
1658596800,83919,18.4,96.0,3.198,Hunter Junior High powered by UTOPIA Fiber,40.689068,-112.03574,2022-07-23 17:20:00
1658597400,83919,17.6,96.8,3.286,Hunter Junior High powered by UTOPIA Fiber,40.689068,-112.03574,2022-07-23 17:30:00
1658598000,83919,17.8,96.2,3.522,Hunter Junior High powered by UTOPIA Fiber,40.689068,-112.03574,2022-07-23 17:40:00
1658598600,83919,18.2,97.0,4.8,Hunter Junior High powered by UTOPIA Fiber,40.689068,-112.03574,2022-07-23 17:50:00
1658599200,83919,17.4,97.2,5.946,Hunter Junior High powered by UTOPIA Fiber,40.689068,-112.03574,2022-07-23 18:00:00
1658599800,83919,17.2,97.2,3.666,Hunter Junior High powered by UTOPIA Fiber,40.689068,-112.03574,2022-07-23 18:10:00
1658600400,83919,16.8,98.2,3.59,Hunter Junior High powered by UTOPIA Fiber,40.689068,-112.03574,2022-07-23 18:20:00
1658601000,83919,15.8,99.6,4.014,Hunter Junior High powered by UTOPIA Fiber,40.689068,-112.03574,2022-07-23 18:30:00
1658601600,83919,15.8,100.8,3.612,Hunter Junior High powered by UTOPIA Fiber,40.689068,-112.03574,2022-07-23 18:40:00
1658602200,83919,15.2,101.8,3.456,Hunter Junior High powered by UTOPIA Fiber,40.689068,-112.03574,2022-07-23 18:50:00
1658602800,83919,15.4,102.4,3.496,Hunter Junior High powered by UTOPIA Fiber,40.689068,-112.03574,2022-07-23 19:00:00
1658603400,83919,13.8,104.0,3.9,Hunter Junior High powered by UTOPIA Fiber,40.689068,-112.03574,2022-07-23 19:10:00
1658604000,83919,13.2,104.8,4.358,Hunter Junior High powered by UTOPIA Fiber,40.689068,-112.03574,2022-07-23 19:20:00
1658604600,83919,13.8,105.6,4.682,Hunter Junior High powered by UTOPIA Fiber,40.689068,-112.03574,2022-07-23 19:30:00
1658605200,83919,13.4,106.0,4.89,Hunter Junior High powered by UTOPIA Fiber,40.689068,-112.03574,2022-07-23 19:40:00
1658605800,83919,12.6,107.0,5.282,Hunter Junior High powered by UTOPIA Fiber,40.689068,-112.03574,2022-07-23 19:50:00
1658606400,83919,10.8,108.4,4.794,Hunter Junior High powered by UTOPIA Fiber,40.689068,-112.03574,2022-07-23 20:00:00
1658607000,83919,12.0,108.6,4.744,Hunter Junior High powered by UTOPIA Fiber,40.689068,-112.03574,2022-07-23 20:10:00
1658607600,83919,11.0,110.0,5.268,Hunter Junior High powered by UTOPIA Fiber,40.689068,-112.03574,2022-07-23 20:20:00
1658608200,83919,10.6,111.0,5.182,Hunter Junior High powered by UTOPIA Fiber,40.689068,-112.03574,2022-07-23 20:30:00
1658608800,83919,10.2,112.0,5.19,Hunter Junior High powered by UTOPIA Fiber,40.689068,-112.03574,2022-07-23 20:40:00
1658609400,83919,9.8,112.8,4.822,Hunter Junior High powered by UTOPIA Fiber,40.689068,-112.03574,2022-07-23 20:50:00
1658610000,83919,9.2,113.0,4.818,Hunter Junior High powered by UTOPIA Fiber,40.689068,-112.03574,2022-07-23 21:00:00
1658610600,83919,10.0,112.0,4.934,Hunter Junior High powered by UTOPIA Fiber,40.689068,-112.03574,2022-07-23 21:10:00
1658611200,83919,10.8,111.0,5.22,Hunter Junior High powered by UTOPIA Fiber,40.689068,-112.03574,2022-07-23 21:20:00
1658611800,83919,11.0,109.8,3.502,Hunter Junior High powered by UTOPIA Fiber,40.689068,-112.03574,2022-07-23 21:30:00
1658612400,83919,12.4,107.4,3.404,Hunter Junior High powered by UTOPIA Fiber,40.689068,-112.03574,2022-07-23 21:40:00
1658613000,83919,13.4,104.6,3.674,Hunter Junior High powered by UTOPIA Fiber,40.689068,-112.03574,2022-07-23 21:50:00
1658613600,83919,13.2,103.0,4.238,Hunter Junior High powered by UTOPIA Fiber,40.689068,-112.03574,2022-07-23 22:00:00
1658614200,83919,14.6,102.0,3.636,Hunter Junior High powered by UTOPIA Fiber,40.689068,-112.03574,2022-07-23 22:10:00
1658614800,83919,14.6,101.8,3.652,Hunter Junior High powered by UTOPIA Fiber,40.689068,-112.03574,2022-07-23 22:20:00
1658615400,83919,15.0,101.0,4.224,Hunter Junior High powered by UTOPIA Fiber,40.689068,-112.03574,2022-07-23 22:30:00
1658616000,83919,15.0,101.0,4.034,Hunter Junior High powered by UTOPIA Fiber,40.689068,-112.03574,2022-07-23 22:40:00
1658616600,83919,14.2,101.0,3.942,Hunter Junior High powered by UTOPIA Fiber,40.689068,-112.03574,2022-07-23 22:50:00
1658617200,83919,15.0,101.0,3.882,Hunter Junior High powered by UTOPIA Fiber,40.689068,-112.03574,2022-07-23 23:00:00
1658617800,83919,15.0,101.0,4.074,Hunter Junior High powered by UTOPIA Fiber,40.689068,-112.03574,2022-07-23 23:10:00
1658618400,83919,14.8,101.0,4.186,Hunter Junior High powered by UTOPIA Fiber,40.689068,-112.03574,2022-07-23 23:20:00
1658619000,83919,14.2,101.0,4.04,Hunter Junior High powered by UTOPIA Fiber,40.689068,-112.03574,2022-07-23 23:30:00
1658619600,83919,15.2,101.0,3.968,Hunter Junior High powered by UTOPIA Fiber,40.689068,-112.03574,2022-07-23 23:40:00
1658620200,83919,14.8,101.0,3.864,Hunter Junior High powered by UTOPIA Fiber,40.689068,-112.03574,2022-07-23 23:50:00
1658620800,83919,14.6,101.6,4.03,Hunter Junior High powered by UTOPIA Fiber,40.689068,-112.03574,2022-07-24 00:00:00
1658621400,83919,14.0,102.0,3.746,Hunter Junior High powered by UTOPIA Fiber,40.689068,-112.03574,2022-07-24 00:10:00
1658622000,83919,14.0,101.6,3.902,Hunter Junior High powered by UTOPIA Fiber,40.689068,-112.03574,2022-07-24 00:20:00
1658622600,83919,13.2,101.8,3.682,Hunter Junior High powered by UTOPIA Fiber,40.689068,-112.03574,2022-07-24 00:30:00
1658623200,83919,12.8,102.0,3.102,Hunter Junior High powered by UTOPIA Fiber,40.689068,-112.03574,2022-07-24 00:40:00
1658623800,83919,12.0,102.6,2.464,Hunter Junior High powered by UTOPIA Fiber,40.689068,-112.03574,2022-07-24 00:50:00
1658624400,83919,12.4,102.0,2.836,Hunter Junior High powered by UTOPIA Fiber,40.689068,-112.03574,2022-07-24 01:00:00
1658625000,83919,12.2,102.0,3.158,Hunter Junior High powered by UTOPIA Fiber,40.689068,-112.03574,2022-07-24 01:10:00
1658625600,83919,12.4,101.6,2.864,Hunter Junior High powered by UTOPIA Fiber,40.689068,-112.03574,2022-07-24 01:20:00
1658626200,83919,12.0,101.8,3.138,Hunter Junior High powered by UTOPIA Fiber,40.689068,-112.03574,2022-07-24 01:30:00
1658626800,83919,11.4,104.2,2.22,Hunter Junior High powered by UTOPIA Fiber,40.689068,-112.03574,2022-07-24 01:40:00
1658627400,83919,11.2,104.4,1.838,Hunter Junior High powered by UTOPIA Fiber,40.689068,-112.03574,2022-07-24 01:50:00
1658628000,83919,11.6,102.6,1.832,Hunter Junior High powered by UTOPIA Fiber,40.689068,-112.03574,2022-07-24 02:00:00
1658628600,83919,12.0,101.4,2.696,Hunter Junior High powered by UTOPIA Fiber,40.689068,-112.03574,2022-07-24 02:10:00
1658629200,83919,12.0,100.2,2.56,Hunter Junior High powered by UTOPIA Fiber,40.689068,-112.03574,2022-07-24 02:20:00
1658629800,83919,13.2,99.2,2.908,Hunter Junior High powered by UTOPIA Fiber,40.689068,-112.03574,2022-07-24 02:30:00
1658630400,83919,14.8,96.8,4.438,Hunter Junior High powered by UTOPIA Fiber,40.689068,-112.03574,2022-07-24 02:40:00
1658631000,83919,16.4,94.2,3.428,Hunter Junior High powered by UTOPIA Fiber,40.689068,-112.03574,2022-07-24 02:50:00
1658631600,83919,17.0,92.4,3.816,Hunter Junior High powered by UTOPIA Fiber,40.689068,-112.03574,2022-07-24 03:00:00
1658632200,83919,17.2,91.2,3.824,Hunter Junior High powered by UTOPIA Fiber,40.689068,-112.03574,2022-07-24 03:10:00
1658632800,83919,18.0,90.4,4.542,Hunter Junior High powered by UTOPIA Fiber,40.689068,-112.03574,2022-07-24 03:20:00
1658633400,83919,18.2,89.4,3.326,Hunter Junior High powered by UTOPIA Fiber,40.689068,-112.03574,2022-07-24 03:30:00
1658634000,83919,18.8,88.6,3.646,Hunter Junior High powered by UTOPIA Fiber,40.689068,-112.03574,2022-07-24 03:40:00
1658634600,83919,19.0,88.0,3.02,Hunter Junior High powered by UTOPIA Fiber,40.689068,-112.03574,2022-07-24 03:50:00
1658635200,83919,19.4,87.4,2.84,Hunter Junior High powered by UTOPIA Fiber,40.689068,-112.03574,2022-07-24 04:00:00
1658635800,83919,19.0,87.0,3.342,Hunter Junior High powered by UTOPIA Fiber,40.689068,-112.03574,2022-07-24 04:10:00
1658636400,83919,19.0,87.0,4.444,Hunter Junior High powered by UTOPIA Fiber,40.689068,-112.03574,2022-07-24 04:20:00
1658637000,83919,18.0,87.0,3.392,Hunter Junior High powered by UTOPIA Fiber,40.689068,-112.03574,2022-07-24 04:30:00
1658637600,83919,18.0,87.0,2.904,Hunter Junior High powered by UTOPIA Fiber,40.689068,-112.03574,2022-07-24 04:40:00
1658638200,83919,17.8,88.0,2.534,Hunter Junior High powered by UTOPIA Fiber,40.689068,-112.03574,2022-07-24 04:50:00
1658638800,83919,18.0,87.2,2.448,Hunter Junior High powered by UTOPIA Fiber,40.689068,-112.03574,2022-07-24 05:00:00
1658639400,83919,17.6,87.0,2.432,Hunter Junior High powered by UTOPIA Fiber,40.689068,-112.03574,2022-07-24 05:10:00
1658640000,83919,17.2,87.4,5.412,Hunter Junior High powered by UTOPIA Fiber,40.689068,-112.03574,2022-07-24 05:20:00
1658640600,83919,17.8,87.0,2.966,Hunter Junior High powered by UTOPIA Fiber,40.689068,-112.03574,2022-07-24 05:30:00
1658641200,83919,17.6,87.4,2.198,Hunter Junior High powered by UTOPIA Fiber,40.689068,-112.03574,2022-07-24 05:40:00
1658641800,83919,17.0,88.0,3.664,Hunter Junior High powered by UTOPIA Fiber,40.689068,-112.03574,2022-07-24 05:50:00
1658642400,83919,17.2,88.0,3.404,Hunter Junior High powered by UTOPIA Fiber,40.689068,-112.03574,2022-07-24 06:00:00
1658643000,83919,18.0,87.6,4.658,Hunter Junior High powered by UTOPIA Fiber,40.689068,-112.03574,2022-07-24 06:10:00
1658643600,83919,18.8,88.0,7.79,Hunter Junior High powered by UTOPIA Fiber,40.689068,-112.03574,2022-07-24 06:20:00
1658644200,83919,18.2,87.6,5.708,Hunter Junior High powered by UTOPIA Fiber,40.689068,-112.03574,2022-07-24 06:30:00
1658644800,83919,18.0,87.4,3.38,Hunter Junior High powered by UTOPIA Fiber,40.689068,-112.03574,2022-07-24 06:40:00
1658645400,83919,17.2,87.8,3.668,Hunter Junior High powered by UTOPIA Fiber,40.689068,-112.03574,2022-07-24 06:50:00
1658646000,83919,19.6,88.0,9.044,Hunter Junior High powered by UTOPIA Fiber,40.689068,-112.03574,2022-07-24 07:00:00
1658646600,83919,21.6,87.4,13.128,Hunter Junior High powered by UTOPIA Fiber,40.689068,-112.03574,2022-07-24 07:10:00
1658647200,83919,21.6,87.4,11.632,Hunter Junior High powered by UTOPIA Fiber,40.689068,-112.03574,2022-07-24 07:20:00
1658647800,83919,21.4,86.8,9.03,Hunter Junior High powered by UTOPIA Fiber,40.689068,-112.03574,2022-07-24 07:30:00
1658648400,83919,19.4,87.0,6.302,Hunter Junior High powered by UTOPIA Fiber,40.689068,-112.03574,2022-07-24 07:40:00
1658649000,83919,19.0,86.4,4.468,Hunter Junior High powered by UTOPIA Fiber,40.689068,-112.03574,2022-07-24 07:50:00
1658649600,83919,19.6,86.2,3.882,Hunter Junior High powered by UTOPIA Fiber,40.689068,-112.03574,2022-07-24 08:00:00
1658650200,83919,20.6,86.0,5.014,Hunter Junior High powered by UTOPIA Fiber,40.689068,-112.03574,2022-07-24 08:10:00
1658650800,83919,20.8,85.2,4.04,Hunter Junior High powered by UTOPIA Fiber,40.689068,-112.03574,2022-07-24 08:20:00
1658651400,83919,19.0,85.2,2.976,Hunter Junior High powered by UTOPIA Fiber,40.689068,-112.03574,2022-07-24 08:30:00
1658652000,83919,19.8,85.2,3.078,Hunter Junior High powered by UTOPIA Fiber,40.689068,-112.03574,2022-07-24 08:40:00
1658652600,83919,20.4,85.0,3.962,Hunter Junior High powered by UTOPIA Fiber,40.689068,-112.03574,2022-07-24 08:50:00
1658653200,83919,21.0,85.0,4.098,Hunter Junior High powered by UTOPIA Fiber,40.689068,-112.03574,2022-07-24 09:00:00
1658653800,83919,22.0,84.8,4.532,Hunter Junior High powered by UTOPIA Fiber,40.689068,-112.03574,2022-07-24 09:10:00
1658654400,83919,23.8,83.6,5.682,Hunter Junior High powered by UTOPIA Fiber,40.689068,-112.03574,2022-07-24 09:20:00
1658655000,83919,24.6,83.0,5.518,Hunter Junior High powered by UTOPIA Fiber,40.689068,-112.03574,2022-07-24 09:30:00
1658655600,83919,25.0,82.2,5.436,Hunter Junior High powered by UTOPIA Fiber,40.689068,-112.03574,2022-07-24 09:40:00
1658656200,83919,25.0,82.0,5.832,Hunter Junior High powered by UTOPIA Fiber,40.689068,-112.03574,2022-07-24 09:50:00
1658656800,83919,25.8,81.6,5.0,Hunter Junior High powered by UTOPIA Fiber,40.689068,-112.03574,2022-07-24 10:00:00
1658657400,83919,26.2,81.6,5.31,Hunter Junior High powered by UTOPIA Fiber,40.689068,-112.03574,2022-07-24 10:10:00
1658658000,83919,26.0,82.0,5.498,Hunter Junior High powered by UTOPIA Fiber,40.689068,-112.03574,2022-07-24 10:20:00
1658658600,83919,25.8,82.0,5.722,Hunter Junior High powered by UTOPIA Fiber,40.689068,-112.03574,2022-07-24 10:30:00
1658659200,83919,25.8,82.0,5.906,Hunter Junior High powered by UTOPIA Fiber,40.689068,-112.03574,2022-07-24 10:40:00
1658659800,83919,26.0,82.0,5.806,Hunter Junior High powered by UTOPIA Fiber,40.689068,-112.03574,2022-07-24 10:50:00
1658660400,83919,26.6,82.0,5.628,Hunter Junior High powered by UTOPIA Fiber,40.689068,-112.03574,2022-07-24 11:00:00
1658661000,83919,26.8,82.0,6.618,Hunter Junior High powered by UTOPIA Fiber,40.689068,-112.03574,2022-07-24 11:10:00
1658661600,83919,27.0,81.6,6.862,Hunter Junior High powered by UTOPIA Fiber,40.689068,-112.03574,2022-07-24 11:20:00
1658662200,83919,27.0,81.0,7.46,Hunter Junior High powered by UTOPIA Fiber,40.689068,-112.03574,2022-07-24 11:30:00
1658662800,83919,27.4,81.4,6.762,Hunter Junior High powered by UTOPIA Fiber,40.689068,-112.03574,2022-07-24 11:40:00
1658663400,83919,26.8,81.8,8.508,Hunter Junior High powered by UTOPIA Fiber,40.689068,-112.03574,2022-07-24 11:50:00
1658664000,83919,27.0,81.0,7.672,Hunter Junior High powered by UTOPIA Fiber,40.689068,-112.03574,2022-07-24 12:00:00
1658664600,83919,27.0,81.0,7.378,Hunter Junior High powered by UTOPIA Fiber,40.689068,-112.03574,2022-07-24 12:10:00
1658665200,83919,27.0,82.0,6.918,Hunter Junior High powered by UTOPIA Fiber,40.689068,-112.03574,2022-07-24 12:20:00
1658665800,83919,26.2,82.0,6.8,Hunter Junior High powered by UTOPIA Fiber,40.689068,-112.03574,2022-07-24 12:30:00
1658666400,83919,25.6,82.0,6.196,Hunter Junior High powered by UTOPIA Fiber,40.689068,-112.03574,2022-07-24 12:40:00
1658667000,83919,25.8,83.8,3.386,Hunter Junior High powered by UTOPIA Fiber,40.689068,-112.03574,2022-07-24 12:50:00
1658667600,83919,24.4,85.6,3.134,Hunter Junior High powered by UTOPIA Fiber,40.689068,-112.03574,2022-07-24 13:00:00
1658668200,83919,24.0,86.8,3.364,Hunter Junior High powered by UTOPIA Fiber,40.689068,-112.03574,2022-07-24 13:10:00
1658668800,83919,24.2,87.8,3.47,Hunter Junior High powered by UTOPIA Fiber,40.689068,-112.03574,2022-07-24 13:20:00
1658669400,83919,25.6,87.8,3.406,Hunter Junior High powered by UTOPIA Fiber,40.689068,-112.03574,2022-07-24 13:30:00
1658670000,83919,26.8,86.8,3.196,Hunter Junior High powered by UTOPIA Fiber,40.689068,-112.03574,2022-07-24 13:40:00
1658670600,83919,27.0,86.4,3.486,Hunter Junior High powered by UTOPIA Fiber,40.689068,-112.03574,2022-07-24 13:50:00
1658671200,83919,27.0,86.0,3.212,Hunter Junior High powered by UTOPIA Fiber,40.689068,-112.03574,2022-07-24 14:00:00
1658671800,83919,26.6,86.8,3.148,Hunter Junior High powered by UTOPIA Fiber,40.689068,-112.03574,2022-07-24 14:10:00
1658672400,83919,26.0,86.0,2.918,Hunter Junior High powered by UTOPIA Fiber,40.689068,-112.03574,2022-07-24 14:20:00
1658673000,83919,26.2,86.0,2.714,Hunter Junior High powered by UTOPIA Fiber,40.689068,-112.03574,2022-07-24 14:30:00
1658673600,83919,26.6,86.0,2.572,Hunter Junior High powered by UTOPIA Fiber,40.689068,-112.03574,2022-07-24 14:40:00
1658674200,83919,26.2,87.0,3.066,Hunter Junior High powered by UTOPIA Fiber,40.689068,-112.03574,2022-07-24 14:50:00
1658674800,83919,26.0,87.0,2.352,Hunter Junior High powered by UTOPIA Fiber,40.689068,-112.03574,2022-07-24 15:00:00
1658675400,83919,26.4,87.2,2.584,Hunter Junior High powered by UTOPIA Fiber,40.689068,-112.03574,2022-07-24 15:10:00
1658676000,83919,26.2,87.4,2.862,Hunter Junior High powered by UTOPIA Fiber,40.689068,-112.03574,2022-07-24 15:20:00
1658676600,83919,25.4,88.6,2.58,Hunter Junior High powered by UTOPIA Fiber,40.689068,-112.03574,2022-07-24 15:30:00
1658677200,83919,24.2,89.0,2.382,Hunter Junior High powered by UTOPIA Fiber,40.689068,-112.03574,2022-07-24 15:40:00
1658677800,83919,24.0,89.0,2.542,Hunter Junior High powered by UTOPIA Fiber,40.689068,-112.03574,2022-07-24 15:50:00
1658678400,83919,24.2,88.8,2.52,Hunter Junior High powered by UTOPIA Fiber,40.689068,-112.03574,2022-07-24 16:00:00
1658679000,83919,24.0,89.0,2.338,Hunter Junior High powered by UTOPIA Fiber,40.689068,-112.03574,2022-07-24 16:10:00
1658679600,83919,24.0,89.0,2.574,Hunter Junior High powered by UTOPIA Fiber,40.689068,-112.03574,2022-07-24 16:20:00
1658680200,83919,24.2,89.4,2.614,Hunter Junior High powered by UTOPIA Fiber,40.689068,-112.03574,2022-07-24 16:30:00
1658680800,83919,24.0,89.0,2.992,Hunter Junior High powered by UTOPIA Fiber,40.689068,-112.03574,2022-07-24 16:40:00
1658681400,83919,23.6,89.6,3.184,Hunter Junior High powered by UTOPIA Fiber,40.689068,-112.03574,2022-07-24 16:50:00
1658682000,83919,23.8,89.4,2.838,Hunter Junior High powered by UTOPIA Fiber,40.689068,-112.03574,2022-07-24 17:00:00
1658682600,83919,22.4,90.0,2.644,Hunter Junior High powered by UTOPIA Fiber,40.689068,-112.03574,2022-07-24 17:10:00
1658683200,83919,21.4,90.2,3.032,Hunter Junior High powered by UTOPIA Fiber,40.689068,-112.03574,2022-07-24 17:20:00
1658683800,83919,20.6,90.0,3.826,Hunter Junior High powered by UTOPIA Fiber,40.689068,-112.03574,2022-07-24 17:30:00
1658684400,83919,21.0,90.4,3.712,Hunter Junior High powered by UTOPIA Fiber,40.689068,-112.03574,2022-07-24 17:40:00
1658685000,83919,22.0,91.4,3.442,Hunter Junior High powered by UTOPIA Fiber,40.689068,-112.03574,2022-07-24 17:50:00
1658685600,83919,21.4,92.0,3.398,Hunter Junior High powered by UTOPIA Fiber,40.689068,-112.03574,2022-07-24 18:00:00
1658686200,83919,20.0,92.4,3.324,Hunter Junior High powered by UTOPIA Fiber,40.689068,-112.03574,2022-07-24 18:10:00
1658686800,83919,19.2,93.0,3.786,Hunter Junior High powered by UTOPIA Fiber,40.689068,-112.03574,2022-07-24 18:20:00
1658687400,83919,19.0,91.4,3.574,Hunter Junior High powered by UTOPIA Fiber,40.689068,-112.03574,2022-07-24 18:30:00
1658688000,83919,18.8,90.0,4.018,Hunter Junior High powered by UTOPIA Fiber,40.689068,-112.03574,2022-07-24 18:40:00
1658688600,83919,19.8,87.8,3.274,Hunter Junior High powered by UTOPIA Fiber,40.689068,-112.03574,2022-07-24 18:50:00
1658689200,83919,20.4,87.4,2.626,Hunter Junior High powered by UTOPIA Fiber,40.689068,-112.03574,2022-07-24 19:00:00
1658689800,83919,20.8,87.0,2.638,Hunter Junior High powered by UTOPIA Fiber,40.689068,-112.03574,2022-07-24 19:10:00
1658690400,83919,21.6,87.0,1.286,Hunter Junior High powered by UTOPIA Fiber,40.689068,-112.03574,2022-07-24 19:20:00
1658691000,83919,21.4,88.2,1.66,Hunter Junior High powered by UTOPIA Fiber,40.689068,-112.03574,2022-07-24 19:30:00
1658691600,83919,20.6,88.8,2.368,Hunter Junior High powered by UTOPIA Fiber,40.689068,-112.03574,2022-07-24 19:40:00
1658692200,83919,19.8,88.8,2.81,Hunter Junior High powered by UTOPIA Fiber,40.689068,-112.03574,2022-07-24 19:50:00
1658692800,83919,20.6,89.0,3.02,Hunter Junior High powered by UTOPIA Fiber,40.689068,-112.03574,2022-07-24 20:00:00
1658693400,83919,22.0,87.8,2.37,Hunter Junior High powered by UTOPIA Fiber,40.689068,-112.03574,2022-07-24 20:10:00
1658694000,83919,22.6,89.0,2.152,Hunter Junior High powered by UTOPIA Fiber,40.689068,-112.03574,2022-07-24 20:20:00
1658694600,83919,20.6,91.8,2.306,Hunter Junior High powered by UTOPIA Fiber,40.689068,-112.03574,2022-07-24 20:30:00
1658695200,83919,18.4,94.0,2.126,Hunter Junior High powered by UTOPIA Fiber,40.689068,-112.03574,2022-07-24 20:40:00
1658695800,83919,18.6,95.2,1.996,Hunter Junior High powered by UTOPIA Fiber,40.689068,-112.03574,2022-07-24 20:50:00
1658696400,83919,17.4,97.4,2.406,Hunter Junior High powered by UTOPIA Fiber,40.689068,-112.03574,2022-07-24 21:00:00
1658697000,83919,16.8,97.6,2.446,Hunter Junior High powered by UTOPIA Fiber,40.689068,-112.03574,2022-07-24 21:10:00
1658697600,83919,17.4,96.0,2.256,Hunter Junior High powered by UTOPIA Fiber,40.689068,-112.03574,2022-07-24 21:20:00
1658698200,83919,17.4,96.2,2.654,Hunter Junior High powered by UTOPIA Fiber,40.689068,-112.03574,2022-07-24 21:30:00
1658698800,83919,17.8,96.0,2.694,Hunter Junior High powered by UTOPIA Fiber,40.689068,-112.03574,2022-07-24 21:40:00
1658699400,83919,18.2,95.4,2.764,Hunter Junior High powered by UTOPIA Fiber,40.689068,-112.03574,2022-07-24 21:50:00
1658700000,83919,19.0,94.0,3.024,Hunter Junior High powered by UTOPIA Fiber,40.689068,-112.03574,2022-07-24 22:00:00
1658700600,83919,19.8,93.8,3.294,Hunter Junior High powered by UTOPIA Fiber,40.689068,-112.03574,2022-07-24 22:10:00
1658701200,83919,19.8,93.4,3.106,Hunter Junior High powered by UTOPIA Fiber,40.689068,-112.03574,2022-07-24 22:20:00
1658701800,83919,20.0,93.0,2.892,Hunter Junior High powered by UTOPIA Fiber,40.689068,-112.03574,2022-07-24 22:30:00
1658702400,83919,19.8,92.4,2.638,Hunter Junior High powered by UTOPIA Fiber,40.689068,-112.03574,2022-07-24 22:40:00
1658703000,83919,20.8,92.2,2.934,Hunter Junior High powered by UTOPIA Fiber,40.689068,-112.03574,2022-07-24 22:50:00
1658703600,83919,22.0,92.2,3.066,Hunter Junior High powered by UTOPIA Fiber,40.689068,-112.03574,2022-07-24 23:00:00
1658704200,83919,22.6,92.0,2.65,Hunter Junior High powered by UTOPIA Fiber,40.689068,-112.03574,2022-07-24 23:10:00
1658704800,83919,21.2,93.0,3.184,Hunter Junior High powered by UTOPIA Fiber,40.689068,-112.03574,2022-07-24 23:20:00
1658705400,83919,19.8,93.2,2.686,Hunter Junior High powered by UTOPIA Fiber,40.689068,-112.03574,2022-07-24 23:30:00
1658706000,83919,19.4,93.4,2.352,Hunter Junior High powered by UTOPIA Fiber,40.689068,-112.03574,2022-07-24 23:40:00
1658706600,83919,20.4,92.8,2.382,Hunter Junior High powered by UTOPIA Fiber,40.689068,-112.03574,2022-07-24 23:50:00
