time_stamp,sensor_index,humidity,temperature,pm2.5,sensor_name,latitude,longitude,datetime
1657497600,83919,8.0,99.8,3.372,Hunter Junior High powered by UTOPIA Fiber,40.689068,-112.03574,2022-07-11 00:00:00
1657498200,83919,8.2,99.8,3.488,Hunter Junior High powered by UTOPIA Fiber,40.689068,-112.03574,2022-07-11 00:10:00
1657498800,83919,8.6,100.0,3.716,Hunter Junior High powered by UTOPIA Fiber,40.689068,-112.03574,2022-07-11 00:20:00
1657499400,83919,8.4,100.0,3.812,Hunter Junior High powered by UTOPIA Fiber,40.689068,-112.03574,2022-07-11 00:30:00
1657500000,83919,8.0,99.6,4.264,Hunter Junior High powered by UTOPIA Fiber,40.689068,-112.03574,2022-07-11 00:40:00
1657500600,83919,8.6,99.4,3.904,Hunter Junior High powered by UTOPIA Fiber,40.689068,-112.03574,2022-07-11 00:50:00
1657501200,83919,8.4,100.8,4.53,Hunter Junior High powered by UTOPIA Fiber,40.689068,-112.03574,2022-07-11 01:00:00
1657501800,83919,7.2,102.4,3.978,Hunter Junior High powered by UTOPIA Fiber,40.689068,-112.03574,2022-07-11 01:10:00
1657502400,83919,8.2,101.4,4.578,Hunter Junior High powered by UTOPIA Fiber,40.689068,-112.03574,2022-07-11 01:20:00
1657503000,83919,8.2,101.0,4.376,Hunter Junior High powered by UTOPIA Fiber,40.689068,-112.03574,2022-07-11 01:30:00
1657503600,83919,8.0,101.2,4.46,Hunter Junior High powered by UTOPIA Fiber,40.689068,-112.03574,2022-07-11 01:40:00
1657504200,83919,7.8,103.0,4.258,Hunter Junior High powered by UTOPIA Fiber,40.689068,-112.03574,2022-07-11 01:50:00
1657504800,83919,6.8,103.2,4.702,Hunter Junior High powered by UTOPIA Fiber,40.689068,-112.03574,2022-07-11 02:00:00
1657505400,83919,7.6,101.4,5.48,Hunter Junior High powered by UTOPIA Fiber,40.689068,-112.03574,2022-07-11 02:10:00
1657506000,83919,8.8,100.0,4.59,Hunter Junior High powered by UTOPIA Fiber,40.689068,-112.03574,2022-07-11 02:20:00
1657506600,83919,9.0,98.8,4.698,Hunter Junior High powered by UTOPIA Fiber,40.689068,-112.03574,2022-07-11 02:30:00
1657507200,83919,10.8,96.8,5.004,Hunter Junior High powered by UTOPIA Fiber,40.689068,-112.03574,2022-07-11 02:40:00
1657507800,83919,12.8,93.4,4.802,Hunter Junior High powered by UTOPIA Fiber,40.689068,-112.03574,2022-07-11 02:50:00
1657508400,83919,14.2,90.4,4.466,Hunter Junior High powered by UTOPIA Fiber,40.689068,-112.03574,2022-07-11 03:00:00
1657509000,83919,14.8,88.2,4.432,Hunter Junior High powered by UTOPIA Fiber,40.689068,-112.03574,2022-07-11 03:10:00
1657509600,83919,15.0,87.2,4.562,Hunter Junior High powered by UTOPIA Fiber,40.689068,-112.03574,2022-07-11 03:20:00
1657510200,83919,15.0,86.2,4.184,Hunter Junior High powered by UTOPIA Fiber,40.689068,-112.03574,2022-07-11 03:30:00
1657510800,83919,15.2,85.0,4.488,Hunter Junior High powered by UTOPIA Fiber,40.689068,-112.03574,2022-07-11 03:40:00
1657511400,83919,15.8,84.0,4.232,Hunter Junior High powered by UTOPIA Fiber,40.689068,-112.03574,2022-07-11 03:50:00
1657512000,83919,16.0,83.6,4.434,Hunter Junior High powered by UTOPIA Fiber,40.689068,-112.03574,2022-07-11 04:00:00
1657512600,83919,15.2,84.0,4.704,Hunter Junior High powered by UTOPIA Fiber,40.689068,-112.03574,2022-07-11 04:10:00
1657513200,83919,16.0,85.0,11.57,Hunter Junior High powered by UTOPIA Fiber,40.689068,-112.03574,2022-07-11 04:20:00
1657513800,83919,17.0,85.0,15.556,Hunter Junior High powered by UTOPIA Fiber,40.689068,-112.03574,2022-07-11 04:30:00
1657514400,83919,17.2,85.0,16.978,Hunter Junior High powered by UTOPIA Fiber,40.689068,-112.03574,2022-07-11 04:40:00
1657515000,83919,18.0,85.0,17.046,Hunter Junior High powered by UTOPIA Fiber,40.689068,-112.03574,2022-07-11 04:50:00
1657515600,83919,18.6,85.0,16.296,Hunter Junior High powered by UTOPIA Fiber,40.689068,-112.03574,2022-07-11 05:00:00
1657516200,83919,19.0,84.4,14.656,Hunter Junior High powered by UTOPIA Fiber,40.689068,-112.03574,2022-07-11 05:10:00
1657516800,83919,18.8,84.6,14.36,Hunter Junior High powered by UTOPIA Fiber,40.689068,-112.03574,2022-07-11 05:20:00
1657517400,83919,18.2,84.0,11.528,Hunter Junior High powered by UTOPIA Fiber,40.689068,-112.03574,2022-07-11 05:30:00
1657518000,83919,18.0,84.0,10.14,Hunter Junior High powered by UTOPIA Fiber,40.689068,-112.03574,2022-07-11 05:40:00
1657518600,83919,18.0,83.2,9.57,Hunter Junior High powered by UTOPIA Fiber,40.689068,-112.03574,2022-07-11 05:50:00
1657519200,83919,18.0,83.0,8.464,Hunter Junior High powered by UTOPIA Fiber,40.689068,-112.03574,2022-07-11 06:00:00
1657519800,83919,18.2,83.0,7.042,Hunter Junior High powered by UTOPIA Fiber,40.689068,-112.03574,2022-07-11 06:10:00
1657520400,83919,18.0,83.0,7.19,Hunter Junior High powered by UTOPIA Fiber,40.689068,-112.03574,2022-07-11 06:20:00
1657521000,83919,18.0,82.4,7.13,Hunter Junior High powered by UTOPIA Fiber,40.689068,-112.03574,2022-07-11 06:30:00
1657521600,83919,18.0,82.0,7.464,Hunter Junior High powered by UTOPIA Fiber,40.689068,-112.03574,2022-07-11 06:40:00
1657522200,83919,18.0,82.0,7.138,Hunter Junior High powered by UTOPIA Fiber,40.689068,-112.03574,2022-07-11 06:50:00
1657522800,83919,18.8,82.0,7.214,Hunter Junior High powered by UTOPIA Fiber,40.689068,-112.03574,2022-07-11 07:00:00
1657523400,83919,19.0,82.0,7.21,Hunter Junior High powered by UTOPIA Fiber,40.689068,-112.03574,2022-07-11 07:10:00
1657524000,83919,19.0,81.8,7.212,Hunter Junior High powered by UTOPIA Fiber,40.689068,-112.03574,2022-07-11 07:20:00
1657524600,83919,19.0,81.0,6.884,Hunter Junior High powered by UTOPIA Fiber,40.689068,-112.03574,2022-07-11 07:30:00
1657525200,83919,19.6,81.0,6.948,Hunter Junior High powered by UTOPIA Fiber,40.689068,-112.03574,2022-07-11 07:40:00
1657525800,83919,20.0,80.2,6.446,Hunter Junior High powered by UTOPIA Fiber,40.689068,-112.03574,2022-07-11 07:50:00
1657526400,83919,20.8,80.0,7.0,Hunter Junior High powered by UTOPIA Fiber,40.689068,-112.03574,2022-07-11 08:00:00
1657527000,83919,21.8,78.8,6.412,Hunter Junior High powered by UTOPIA Fiber,40.689068,-112.03574,2022-07-11 08:10:00
1657527600,83919,21.6,78.2,6.41,Hunter Junior High powered by UTOPIA Fiber,40.689068,-112.03574,2022-07-11 08:20:00
1657528200,83919,21.0,78.0,6.012,Hunter Junior High powered by UTOPIA Fiber,40.689068,-112.03574,2022-07-11 08:30:00
1657528800,83919,21.0,78.0,5.528,Hunter Junior High powered by UTOPIA Fiber,40.689068,-112.03574,2022-07-11 08:40:00
1657529400,83919,21.4,78.0,5.522,Hunter Junior High powered by UTOPIA Fiber,40.689068,-112.03574,2022-07-11 08:50:00
1657530000,83919,22.0,78.4,6.06,Hunter Junior High powered by UTOPIA Fiber,40.689068,-112.03574,2022-07-11 09:00:00
1657530600,83919,24.4,76.8,6.104,Hunter Junior High powered by UTOPIA Fiber,40.689068,-112.03574,2022-07-11 09:10:00
1657531200,83919,25.2,76.0,6.208,Hunter Junior High powered by UTOPIA Fiber,40.689068,-112.03574,2022-07-11 09:20:00
1657531800,83919,26.4,75.4,6.006,Hunter Junior High powered by UTOPIA Fiber,40.689068,-112.03574,2022-07-11 09:30:00
1657532400,83919,27.2,75.0,6.492,Hunter Junior High powered by UTOPIA Fiber,40.689068,-112.03574,2022-07-11 09:40:00
1657533000,83919,27.0,75.0,7.404,Hunter Junior High powered by UTOPIA Fiber,40.689068,-112.03574,2022-07-11 09:50:00
1657533600,83919,26.4,75.0,6.662,Hunter Junior High powered by UTOPIA Fiber,40.689068,-112.03574,2022-07-11 10:00:00
1657534200,83919,26.0,75.0,6.898,Hunter Junior High powered by UTOPIA Fiber,40.689068,-112.03574,2022-07-11 10:10:00
1657534800,83919,26.0,75.0,7.446,Hunter Junior High powered by UTOPIA Fiber,40.689068,-112.03574,2022-07-11 10:20:00
1657535400,83919,26.0,75.0,7.664,Hunter Junior High powered by UTOPIA Fiber,40.689068,-112.03574,2022-07-11 10:30:00
1657536000,83919,26.0,75.0,7.624,Hunter Junior High powered by UTOPIA Fiber,40.689068,-112.03574,2022-07-11 10:40:00
1657536600,83919,26.4,75.0,7.982,Hunter Junior High powered by UTOPIA Fiber,40.689068,-112.03574,2022-07-11 10:50:00
1657537200,83919,26.2,75.0,8.186,Hunter Junior High powered by UTOPIA Fiber,40.689068,-112.03574,2022-07-11 11:00:00
1657537800,83919,28.0,74.0,8.27,Hunter Junior High powered by UTOPIA Fiber,40.689068,-112.03574,2022-07-11 11:10:00
1657538400,83919,28.6,73.2,7.728,Hunter Junior High powered by UTOPIA Fiber,40.689068,-112.03574,2022-07-11 11:20:00
1657539000,83919,26.2,73.8,5.602,Hunter Junior High powered by UTOPIA Fiber,40.689068,-112.03574,2022-07-11 11:30:00
1657539600,83919,24.8,74.0,5.056,Hunter Junior High powered by UTOPIA Fiber,40.689068,-112.03574,2022-07-11 11:40:00
1657540200,83919,25.0,74.0,4.456,Hunter Junior High powered by UTOPIA Fiber,40.689068,-112.03574,2022-07-11 11:50:00
1657540800,83919,24.6,73.4,3.754,Hunter Junior High powered by UTOPIA Fiber,40.689068,-112.03574,2022-07-11 12:00:00
1657541400,83919,25.0,73.0,3.25,Hunter Junior High powered by UTOPIA Fiber,40.689068,-112.03574,2022-07-11 12:10:00
1657542000,83919,25.0,73.0,2.766,Hunter Junior High powered by UTOPIA Fiber,40.689068,-112.03574,2022-07-11 12:20:00
1657542600,83919,25.4,73.0,2.964,Hunter Junior High powered by UTOPIA Fiber,40.689068,-112.03574,2022-07-11 12:30:00
1657543200,83919,26.2,73.0,3.43,Hunter Junior High powered by UTOPIA Fiber,40.689068,-112.03574,2022-07-11 12:40:00
1657543800,83919,27.2,73.0,3.508,Hunter Junior High powered by UTOPIA Fiber,40.689068,-112.03574,2022-07-11 12:50:00
1657544400,83919,27.6,73.0,3.556,Hunter Junior High powered by UTOPIA Fiber,40.689068,-112.03574,2022-07-11 13:00:00
1657545000,83919,27.6,73.4,4.066,Hunter Junior High powered by UTOPIA Fiber,40.689068,-112.03574,2022-07-11 13:10:00
1657545600,83919,26.6,74.0,3.884,Hunter Junior High powered by UTOPIA Fiber,40.689068,-112.03574,2022-07-11 13:20:00
1657546200,83919,26.2,75.0,3.898,Hunter Junior High powered by UTOPIA Fiber,40.689068,-112.03574,2022-07-11 13:30:00
1657546800,83919,24.6,75.6,3.936,Hunter Junior High powered by UTOPIA Fiber,40.689068,-112.03574,2022-07-11 13:40:00
1657547400,83919,24.2,76.0,3.474,Hunter Junior High powered by UTOPIA Fiber,40.689068,-112.03574,2022-07-11 13:50:00
1657548000,83919,23.2,76.6,3.492,Hunter Junior High powered by UTOPIA Fiber,40.689068,-112.03574,2022-07-11 14:00:00
1657548600,83919,23.0,77.0,3.398,Hunter Junior High powered by UTOPIA Fiber,40.689068,-112.03574,2022-07-11 14:10:00
1657549200,83919,22.2,78.0,3.062,Hunter Junior High powered by UTOPIA Fiber,40.689068,-112.03574,2022-07-11 14:20:00
1657549800,83919,22.4,78.0,2.998,Hunter Junior High powered by UTOPIA Fiber,40.689068,-112.03574,2022-07-11 14:30:00
1657550400,83919,21.8,79.0,2.852,Hunter Junior High powered by UTOPIA Fiber,40.689068,-112.03574,2022-07-11 14:40:00
1657551000,83919,21.2,79.4,2.954,Hunter Junior High powered by UTOPIA Fiber,40.689068,-112.03574,2022-07-11 14:50:00
1657551600,83919,20.4,80.0,3.506,Hunter Junior High powered by UTOPIA Fiber,40.689068,-112.03574,2022-07-11 15:00:00
1657552200,83919,21.0,80.6,3.558,Hunter Junior High powered by UTOPIA Fiber,40.689068,-112.03574,2022-07-11 15:10:00
1657552800,83919,20.8,81.6,3.848,Hunter Junior High powered by UTOPIA Fiber,40.689068,-112.03574,2022-07-11 15:20:00
1657553400,83919,20.6,82.2,4.156,Hunter Junior High powered by UTOPIA Fiber,40.689068,-112.03574,2022-07-11 15:30:00
1657554000,83919,20.0,83.0,4.28,Hunter Junior High powered by UTOPIA Fiber,40.689068,-112.03574,2022-07-11 15:40:00
1657554600,83919,20.0,83.8,4.28,Hunter Junior High powered by UTOPIA Fiber,40.689068,-112.03574,2022-07-11 15:50:00
1657555200,83919,19.2,85.2,4.56,Hunter Junior High powered by UTOPIA Fiber,40.689068,-112.03574,2022-07-11 16:00:00
1657555800,83919,19.0,86.0,4.89,Hunter Junior High powered by UTOPIA Fiber,40.689068,-112.03574,2022-07-11 16:10:00
1657556400,83919,18.2,87.4,5.126,Hunter Junior High powered by UTOPIA Fiber,40.689068,-112.03574,2022-07-11 16:20:00
1657557000,83919,18.2,88.2,5.448,Hunter Junior High powered by UTOPIA Fiber,40.689068,-112.03574,2022-07-11 16:30:00
1657557600,83919,17.75,89.75,5.735,Hunter Junior High powered by UTOPIA Fiber,40.689068,-112.03574,2022-07-11 16:40:00
1657558200,83919,16.4,90.2,5.73,Hunter Junior High powered by UTOPIA Fiber,40.689068,-112.03574,2022-07-11 16:50:00
1657558800,83919,16.6,91.2,5.024,Hunter Junior High powered by UTOPIA Fiber,40.689068,-112.03574,2022-07-11 17:00:00
1657559400,83919,14.2,91.6,3.886,Hunter Junior High powered by UTOPIA Fiber,40.689068,-112.03574,2022-07-11 17:10:00
1657560000,83919,12.8,92.0,3.328,Hunter Junior High powered by UTOPIA Fiber,40.689068,-112.03574,2022-07-11 17:20:00
1657560600,83919,13.0,92.4,3.024,Hunter Junior High powered by UTOPIA Fiber,40.689068,-112.03574,2022-07-11 17:30:00
1657561200,83919,12.6,92.6,2.58,Hunter Junior High powered by UTOPIA Fiber,40.689068,-112.03574,2022-07-11 17:40:00
1657561800,83919,13.0,92.8,2.768,Hunter Junior High powered by UTOPIA Fiber,40.689068,-112.03574,2022-07-11 17:50:00
1657562400,83919,13.2,92.8,3.562,Hunter Junior High powered by UTOPIA Fiber,40.689068,-112.03574,2022-07-11 18:00:00
1657563000,83919,14.2,93.6,4.272,Hunter Junior High powered by UTOPIA Fiber,40.689068,-112.03574,2022-07-11 18:10:00
1657563600,83919,13.8,94.2,4.746,Hunter Junior High powered by UTOPIA Fiber,40.689068,-112.03574,2022-07-11 18:20:00
1657564200,83919,14.0,95.2,5.914,Hunter Junior High powered by UTOPIA Fiber,40.689068,-112.03574,2022-07-11 18:30:00
1657564800,83919,13.4,96.0,6.1,Hunter Junior High powered by UTOPIA Fiber,40.689068,-112.03574,2022-07-11 18:40:00
1657565400,83919,14.2,96.8,6.902,Hunter Junior High powered by UTOPIA Fiber,40.689068,-112.03574,2022-07-11 18:50:00
1657566000,83919,13.4,96.2,6.738,Hunter Junior High powered by UTOPIA Fiber,40.689068,-112.03574,2022-07-11 19:00:00
1657566600,83919,13.2,96.2,7.288,Hunter Junior High powered by UTOPIA Fiber,40.689068,-112.03574,2022-07-11 19:10:00
1657567200,83919,13.4,96.8,6.914,Hunter Junior High powered by UTOPIA Fiber,40.689068,-112.03574,2022-07-11 19:20:00
1657567800,83919,13.4,97.6,7.738,Hunter Junior High powered by UTOPIA Fiber,40.689068,-112.03574,2022-07-11 19:30:00
1657568400,83919,13.4,98.8,6.612,Hunter Junior High powered by UTOPIA Fiber,40.689068,-112.03574,2022-07-11 19:40:00
1657569000,83919,12.2,100.0,6.734,Hunter Junior High powered by UTOPIA Fiber,40.689068,-112.03574,2022-07-11 19:50:00
1657569600,83919,10.8,101.2,6.912,Hunter Junior High powered by UTOPIA Fiber,40.689068,-112.03574,2022-07-11 20:00:00
1657570200,83919,10.2,102.2,6.658,Hunter Junior High powered by UTOPIA Fiber,40.689068,-112.03574,2022-07-11 20:10:00
1657570800,83919,9.8,102.0,6.486,Hunter Junior High powered by UTOPIA Fiber,40.689068,-112.03574,2022-07-11 20:20:00
1657571400,83919,10.4,102.0,5.918,Hunter Junior High powered by UTOPIA Fiber,40.689068,-112.03574,2022-07-11 20:30:00
1657572000,83919,10.0,102.0,5.068,Hunter Junior High powered by UTOPIA Fiber,40.689068,-112.03574,2022-07-11 20:40:00
1657572600,83919,10.2,102.2,5.578,Hunter Junior High powered by UTOPIA Fiber,40.689068,-112.03574,2022-07-11 20:50:00
1657573200,83919,10.6,100.4,5.38,Hunter Junior High powered by UTOPIA Fiber,40.689068,-112.03574,2022-07-11 21:00:00
1657573800,83919,11.2,99.4,5.066,Hunter Junior High powered by UTOPIA Fiber,40.689068,-112.03574,2022-07-11 21:10:00
1657574400,83919,11.4,99.0,5.162,Hunter Junior High powered by UTOPIA Fiber,40.689068,-112.03574,2022-07-11 21:20:00
1657575000,83919,11.0,99.4,5.218,Hunter Junior High powered by UTOPIA Fiber,40.689068,-112.03574,2022-07-11 21:30:00
1657575600,83919,10.8,99.8,5.648,Hunter Junior High powered by UTOPIA Fiber,40.689068,-112.03574,2022-07-11 21:40:00
1657576200,83919,10.6,98.6,5.266,Hunter Junior High powered by UTOPIA Fiber,40.689068,-112.03574,2022-07-11 21:50:00
1657576800,83919,11.8,97.2,5.032,Hunter Junior High powered by UTOPIA Fiber,40.689068,-112.03574,2022-07-11 22:00:00
1657577400,83919,12.2,97.0,5.126,Hunter Junior High powered by UTOPIA Fiber,40.689068,-112.03574,2022-07-11 22:10:00
1657578000,83919,12.4,97.0,6.532,Hunter Junior High powered by UTOPIA Fiber,40.689068,-112.03574,2022-07-11 22:20:00
1657578600,83919,12.0,97.0,5.54,Hunter Junior High powered by UTOPIA Fiber,40.689068,-112.03574,2022-07-11 22:30:00
1657579200,83919,12.2,97.6,5.392,Hunter Junior High powered by UTOPIA Fiber,40.689068,-112.03574,2022-07-11 22:40:00
1657579800,83919,12.0,97.6,5.562,Hunter Junior High powered by UTOPIA Fiber,40.689068,-112.03574,2022-07-11 22:50:00
1657580400,83919,12.0,98.0,5.434,Hunter Junior High powered by UTOPIA Fiber,40.689068,-112.03574,2022-07-11 23:00:00
1657581000,83919,11.2,98.0,4.996,Hunter Junior High powered by UTOPIA Fiber,40.689068,-112.03574,2022-07-11 23:10:00
1657581600,83919,11.6,97.4,5.052,Hunter Junior High powered by UTOPIA Fiber,40.689068,-112.03574,2022-07-11 23:20:00
1657582200,83919,11.8,97.0,5.514,Hunter Junior High powered by UTOPIA Fiber,40.689068,-112.03574,2022-07-11 23:30:00
1657582800,83919,11.8,97.4,5.11,Hunter Junior High powered by UTOPIA Fiber,40.689068,-112.03574,2022-07-11 23:40:00
1657583400,83919,11.6,97.2,5.636,Hunter Junior High powered by UTOPIA Fiber,40.689068,-112.03574,2022-07-11 23:50:00
1657584000,83919,12.4,97.4,5.298,Hunter Junior High powered by UTOPIA Fiber,40.689068,-112.03574,2022-07-12 00:00:00
1657584600,83919,11.6,98.0,5.464,Hunter Junior High powered by UTOPIA Fiber,40.689068,-112.03574,2022-07-12 00:10:00
1657585200,83919,11.6,97.6,6.462,Hunter Junior High powered by UTOPIA Fiber,40.689068,-112.03574,2022-07-12 00:20:00
1657585800,83919,12.0,97.2,6.304,Hunter Junior High powered by UTOPIA Fiber,40.689068,-112.03574,2022-07-12 00:30:00
1657586400,83919,11.2,97.4,7.098,Hunter Junior High powered by UTOPIA Fiber,40.689068,-112.03574,2022-07-12 00:40:00
1657587000,83919,11.4,97.0,7.088,Hunter Junior High powered by UTOPIA Fiber,40.689068,-112.03574,2022-07-12 00:50:00
1657587600,83919,11.0,97.8,7.078,Hunter Junior High powered by UTOPIA Fiber,40.689068,-112.03574,2022-07-12 01:00:00
1657588200,83919,10.4,100.6,6.888,Hunter Junior High powered by UTOPIA Fiber,40.689068,-112.03574,2022-07-12 01:10:00
1657588800,83919,10.4,99.4,6.904,Hunter Junior High powered by UTOPIA Fiber,40.689068,-112.03574,2022-07-12 01:20:00
1657589400,83919,10.8,98.0,6.534,Hunter Junior High powered by UTOPIA Fiber,40.689068,-112.03574,2022-07-12 01:30:00
1657590000,83919,11.0,98.0,6.698,Hunter Junior High powered by UTOPIA Fiber,40.689068,-112.03574,2022-07-12 01:40:00
1657590600,83919,10.2,99.2,6.526,Hunter Junior High powered by UTOPIA Fiber,40.689068,-112.03574,2022-07-12 01:50:00
1657591200,83919,10.0,99.8,6.08,Hunter Junior High powered by UTOPIA Fiber,40.689068,-112.03574,2022-07-12 02:00:00
1657591800,83919,10.6,98.0,6.098,Hunter Junior High powered by UTOPIA Fiber,40.689068,-112.03574,2022-07-12 02:10:00
1657592400,83919,11.0,96.4,6.406,Hunter Junior High powered by UTOPIA Fiber,40.689068,-112.03574,2022-07-12 02:20:00
1657593000,83919,12.2,95.4,6.062,Hunter Junior High powered by UTOPIA Fiber,40.689068,-112.03574,2022-07-12 02:30:00
1657593600,83919,14.0,93.6,6.72,Hunter Junior High powered by UTOPIA Fiber,40.689068,-112.03574,2022-07-12 02:40:00
1657594200,83919,15.8,90.4,6.476,Hunter Junior High powered by UTOPIA Fiber,40.689068,-112.03574,2022-07-12 02:50:00
1657594800,83919,17.0,87.8,6.308,Hunter Junior High powered by UTOPIA Fiber,40.689068,-112.03574,2022-07-12 03:00:00
1657595400,83919,17.8,86.0,6.584,Hunter Junior High powered by UTOPIA Fiber,40.689068,-112.03574,2022-07-12 03:10:00
1657596000,83919,18.0,84.8,6.388,Hunter Junior High powered by UTOPIA Fiber,40.689068,-112.03574,2022-07-12 03:20:00
1657596600,83919,18.0,84.0,6.55,Hunter Junior High powered by UTOPIA Fiber,40.689068,-112.03574,2022-07-12 03:30:00
1657597200,83919,18.0,83.2,5.822,Hunter Junior High powered by UTOPIA Fiber,40.689068,-112.03574,2022-07-12 03:40:00
1657597800,83919,18.0,83.0,6.244,Hunter Junior High powered by UTOPIA Fiber,40.689068,-112.03574,2022-07-12 03:50:00
1657598400,83919,17.0,83.0,5.968,Hunter Junior High powered by UTOPIA Fiber,40.689068,-112.03574,2022-07-12 04:00:00
1657599000,83919,17.0,83.0,7.0,Hunter Junior High powered by UTOPIA Fiber,40.689068,-112.03574,2022-07-12 04:10:00
1657599600,83919,17.2,82.2,6.398,Hunter Junior High powered by UTOPIA Fiber,40.689068,-112.03574,2022-07-12 04:20:00
1657600200,83919,17.6,82.0,6.032,Hunter Junior High powered by UTOPIA Fiber,40.689068,-112.03574,2022-07-12 04:30:00
1657600800,83919,17.0,82.0,6.326,Hunter Junior High powered by UTOPIA Fiber,40.689068,-112.03574,2022-07-12 04:40:00
1657601400,83919,17.0,82.2,6.484,Hunter Junior High powered by UTOPIA Fiber,40.689068,-112.03574,2022-07-12 04:50:00
1657602000,83919,16.6,83.0,8.03,Hunter Junior High powered by UTOPIA Fiber,40.689068,-112.03574,2022-07-12 05:00:00
1657602600,83919,16.6,83.0,8.208,Hunter Junior High powered by UTOPIA Fiber,40.689068,-112.03574,2022-07-12 05:10:00
1657603200,83919,16.0,83.0,7.624,Hunter Junior High powered by UTOPIA Fiber,40.689068,-112.03574,2022-07-12 05:20:00
1657603800,83919,16.6,83.0,7.986,Hunter Junior High powered by UTOPIA Fiber,40.689068,-112.03574,2022-07-12 05:30:00
1657604400,83919,21.4,81.6,7.444,Hunter Junior High powered by UTOPIA Fiber,40.689068,-112.03574,2022-07-12 05:40:00
1657605000,83919,27.4,78.0,7.472,Hunter Junior High powered by UTOPIA Fiber,40.689068,-112.03574,2022-07-12 05:50:00
1657605600,83919,27.8,75.2,6.918,Hunter Junior High powered by UTOPIA Fiber,40.689068,-112.03574,2022-07-12 06:00:00
1657606200,83919,26.6,73.4,6.816,Hunter Junior High powered by UTOPIA Fiber,40.689068,-112.03574,2022-07-12 06:10:00
1657606800,83919,26.0,72.4,7.24,Hunter Junior High powered by UTOPIA Fiber,40.689068,-112.03574,2022-07-12 06:20:00
1657607400,83919,25.8,72.0,7.362,Hunter Junior High powered by UTOPIA Fiber,40.689068,-112.03574,2022-07-12 06:30:00
1657608000,83919,26.8,72.6,7.082,Hunter Junior High powered by UTOPIA Fiber,40.689068,-112.03574,2022-07-12 06:40:00
1657608600,83919,25.6,74.0,7.402,Hunter Junior High powered by UTOPIA Fiber,40.689068,-112.03574,2022-07-12 06:50:00
1657609200,83919,23.2,75.2,7.308,Hunter Junior High powered by UTOPIA Fiber,40.689068,-112.03574,2022-07-12 07:00:00
1657609800,83919,21.2,76.4,8.334,Hunter Junior High powered by UTOPIA Fiber,40.689068,-112.03574,2022-07-12 07:10:00
1657610400,83919,20.6,77.4,9.834,Hunter Junior High powered by UTOPIA Fiber,40.689068,-112.03574,2022-07-12 07:20:00
1657611000,83919,21.2,78.0,9.326,Hunter Junior High powered by UTOPIA Fiber,40.689068,-112.03574,2022-07-12 07:30:00
1657611600,83919,21.6,78.2,8.63,Hunter Junior High powered by UTOPIA Fiber,40.689068,-112.03574,2022-07-12 07:40:00
1657612200,83919,22.0,78.4,8.528,Hunter Junior High powered by UTOPIA Fiber,40.689068,-112.03574,2022-07-12 07:50:00
1657612800,83919,22.2,78.4,9.242,Hunter Junior High powered by UTOPIA Fiber,40.689068,-112.03574,2022-07-12 08:00:00
1657613400,83919,21.0,79.0,10.082,Hunter Junior High powered by UTOPIA Fiber,40.689068,-112.03574,2022-07-12 08:10:00
1657614000,83919,21.0,79.0,8.788,Hunter Junior High powered by UTOPIA Fiber,40.689068,-112.03574,2022-07-12 08:20:00
1657614600,83919,20.8,78.2,7.3,Hunter Junior High powered by UTOPIA Fiber,40.689068,-112.03574,2022-07-12 08:30:00
1657615200,83919,20.4,79.0,7.586,Hunter Junior High powered by UTOPIA Fiber,40.689068,-112.03574,2022-07-12 08:40:00
1657615800,83919,21.0,78.0,8.168,Hunter Junior High powered by UTOPIA Fiber,40.689068,-112.03574,2022-07-12 08:50:00
1657616400,83919,20.6,77.8,9.494,Hunter Junior High powered by UTOPIA Fiber,40.689068,-112.03574,2022-07-12 09:00:00
1657617000,83919,22.6,77.0,8.828,Hunter Junior High powered by UTOPIA Fiber,40.689068,-112.03574,2022-07-12 09:10:00
1657617600,83919,20.8,77.0,8.084,Hunter Junior High powered by UTOPIA Fiber,40.689068,-112.03574,2022-07-12 09:20:00
1657618200,83919,19.8,77.0,8.056,Hunter Junior High powered by UTOPIA Fiber,40.689068,-112.03574,2022-07-12 09:30:00
1657618800,83919,20.2,77.8,6.678,Hunter Junior High powered by UTOPIA Fiber,40.689068,-112.03574,2022-07-12 09:40:00
1657619400,83919,20.8,77.0,6.598,Hunter Junior High powered by UTOPIA Fiber,40.689068,-112.03574,2022-07-12 09:50:00
1657620000,83919,21.4,76.6,6.318,Hunter Junior High powered by UTOPIA Fiber,40.689068,-112.03574,2022-07-12 10:00:00
1657620600,83919,22.0,76.2,6.44,Hunter Junior High powered by UTOPIA Fiber,40.689068,-112.03574,2022-07-12 10:10:00
1657621200,83919,23.2,76.0,6.306,Hunter Junior High powered by UTOPIA Fiber,40.689068,-112.03574,2022-07-12 10:20:00
1657621800,83919,22.8,75.0,6.262,Hunter Junior High powered by UTOPIA Fiber,40.689068,-112.03574,2022-07-12 10:30:00
1657622400,83919,22.0,75.0,6.266,Hunter Junior High powered by UTOPIA Fiber,40.689068,-112.03574,2022-07-12 10:40:00
1657623000,83919,24.2,73.6,6.522,Hunter Junior High powered by UTOPIA Fiber,40.689068,-112.03574,2022-07-12 10:50:00
1657623600,83919,23.2,73.0,6.396,Hunter Junior High powered by UTOPIA Fiber,40.689068,-112.03574,2022-07-12 11:00:00
1657624200,83919,24.6,73.0,6.308,Hunter Junior High powered by UTOPIA Fiber,40.689068,-112.03574,2022-07-12 11:10:00
1657624800,83919,23.8,73.0,6.304,Hunter Junior High powered by UTOPIA Fiber,40.689068,-112.03574,2022-07-12 11:20:00
1657625400,83919,24.0,73.0,6.29,Hunter Junior High powered by UTOPIA Fiber,40.689068,-112.03574,2022-07-12 11:30:00
1657626000,83919,23.8,73.6,6.388,Hunter Junior High powered by UTOPIA Fiber,40.689068,-112.03574,2022-07-12 11:40:00
1657626600,83919,24.4,74.0,6.542,Hunter Junior High powered by UTOPIA Fiber,40.689068,-112.03574,2022-07-12 11:50:00
1657627200,83919,26.4,73.4,6.742,Hunter Junior High powered by UTOPIA Fiber,40.689068,-112.03574,2022-07-12 12:00:00
1657627800,83919,29.4,72.0,7.278,Hunter Junior High powered by UTOPIA Fiber,40.689068,-112.03574,2022-07-12 12:10:00
1657628400,83919,30.0,72.0,7.818,Hunter Junior High powered by UTOPIA Fiber,40.689068,-112.03574,2022-07-12 12:20:00
1657629000,83919,28.4,72.8,8.1,Hunter Junior High powered by UTOPIA Fiber,40.689068,-112.03574,2022-07-12 12:30:00
1657629600,83919,28.2,73.4,9.258,Hunter Junior High powered by UTOPIA Fiber,40.689068,-112.03574,2022-07-12 12:40:00
1657630200,83919,29.6,74.4,9.836,Hunter Junior High powered by UTOPIA Fiber,40.689068,-112.03574,2022-07-12 12:50:00
1657630800,83919,29.8,75.0,9.726,Hunter Junior High powered by UTOPIA Fiber,40.689068,-112.03574,2022-07-12 13:00:00
1657631400,83919,28.2,75.8,10.306,Hunter Junior High powered by UTOPIA Fiber,40.689068,-112.03574,2022-07-12 13:10:00
1657632000,83919,29.6,76.6,10.852,Hunter Junior High powered by UTOPIA Fiber,40.689068,-112.03574,2022-07-12 13:20:00
1657632600,83919,30.2,76.8,11.032,Hunter Junior High powered by UTOPIA Fiber,40.689068,-112.03574,2022-07-12 13:30:00
1657633200,83919,28.0,77.6,10.548,Hunter Junior High powered by UTOPIA Fiber,40.689068,-112.03574,2022-07-12 13:40:00
1657633800,83919,24.2,80.2,10.8,Hunter Junior High powered by UTOPIA Fiber,40.689068,-112.03574,2022-07-12 13:50:00
1657634400,83919,23.2,82.0,10.306,Hunter Junior High powered by UTOPIA Fiber,40.689068,-112.03574,2022-07-12 14:00:00
1657635000,83919,23.0,83.0,10.892,Hunter Junior High powered by UTOPIA Fiber,40.689068,-112.03574,2022-07-12 14:10:00
1657635600,83919,23.8,83.0,10.536,Hunter Junior High powered by UTOPIA Fiber,40.689068,-112.03574,2022-07-12 14:20:00
1657636200,83919,24.0,82.4,11.428,Hunter Junior High powered by UTOPIA Fiber,40.689068,-112.03574,2022-07-12 14:30:00
1657636800,83919,25.0,82.8,11.678,Hunter Junior High powered by UTOPIA Fiber,40.689068,-112.03574,2022-07-12 14:40:00
1657637400,83919,24.4,83.0,11.492,Hunter Junior High powered by UTOPIA Fiber,40.689068,-112.03574,2022-07-12 14:50:00
1657638000,83919,23.8,83.6,12.5,Hunter Junior High powered by UTOPIA Fiber,40.689068,-112.03574,2022-07-12 15:00:00
1657638600,83919,24.0,83.4,12.916,Hunter Junior High powered by UTOPIA Fiber,40.689068,-112.03574,2022-07-12 15:10:00
1657639200,83919,24.0,83.8,12.874,Hunter Junior High powered by UTOPIA Fiber,40.689068,-112.03574,2022-07-12 15:20:00
1657639800,83919,23.0,84.4,12.464,Hunter Junior High powered by UTOPIA Fiber,40.689068,-112.03574,2022-07-12 15:30:00
1657640400,83919,22.8,85.0,11.638,Hunter Junior High powered by UTOPIA Fiber,40.689068,-112.03574,2022-07-12 15:40:00
1657641000,83919,21.6,85.0,11.234,Hunter Junior High powered by UTOPIA Fiber,40.689068,-112.03574,2022-07-12 15:50:00
1657641600,83919,21.8,85.4,11.362,Hunter Junior High powered by UTOPIA Fiber,40.689068,-112.03574,2022-07-12 16:00:00
1657642200,83919,22.4,86.2,11.702,Hunter Junior High powered by UTOPIA Fiber,40.689068,-112.03574,2022-07-12 16:10:00
1657642800,83919,22.4,87.8,11.722,Hunter Junior High powered by UTOPIA Fiber,40.689068,-112.03574,2022-07-12 16:20:00
1657643400,83919,21.4,89.0,11.044,Hunter Junior High powered by UTOPIA Fiber,40.689068,-112.03574,2022-07-12 16:30:00
1657644000,83919,20.4,89.4,11.772,Hunter Junior High powered by UTOPIA Fiber,40.689068,-112.03574,2022-07-12 16:40:00
1657644600,83919,19.4,91.2,11.76,Hunter Junior High powered by UTOPIA Fiber,40.689068,-112.03574,2022-07-12 16:50:00
1657645200,83919,20.0,92.0,11.822,Hunter Junior High powered by UTOPIA Fiber,40.689068,-112.03574,2022-07-12 17:00:00
1657645800,83919,20.8,92.0,11.936,Hunter Junior High powered by UTOPIA Fiber,40.689068,-112.03574,2022-07-12 17:10:00
1657646400,83919,20.0,92.4,12.152,Hunter Junior High powered by UTOPIA Fiber,40.689068,-112.03574,2022-07-12 17:20:00
1657647000,83919,18.8,93.0,12.604,Hunter Junior High powered by UTOPIA Fiber,40.689068,-112.03574,2022-07-12 17:30:00
1657647600,83919,20.0,93.4,12.122,Hunter Junior High powered by UTOPIA Fiber,40.689068,-112.03574,2022-07-12 17:40:00
1657648200,83919,19.8,92.8,14.318,Hunter Junior High powered by UTOPIA Fiber,40.689068,-112.03574,2022-07-12 17:50:00
1657648800,83919,20.0,91.8,13.808,Hunter Junior High powered by UTOPIA Fiber,40.689068,-112.03574,2022-07-12 18:00:00
1657649400,83919,20.4,91.0,13.332,Hunter Junior High powered by UTOPIA Fiber,40.689068,-112.03574,2022-07-12 18:10:00
1657650000,83919,18.8,90.8,13.01,Hunter Junior High powered by UTOPIA Fiber,40.689068,-112.03574,2022-07-12 18:20:00
1657650600,83919,18.4,93.2,12.926,Hunter Junior High powered by UTOPIA Fiber,40.689068,-112.03574,2022-07-12 18:30:00
1657651200,83919,15.2,97.2,12.524,Hunter Junior High powered by UTOPIA Fiber,40.689068,-112.03574,2022-07-12 18:40:00
1657651800,83919,13.4,99.4,11.276,Hunter Junior High powered by UTOPIA Fiber,40.689068,-112.03574,2022-07-12 18:50:00
1657652400,83919,12.4,102.2,9.294,Hunter Junior High powered by UTOPIA Fiber,40.689068,-112.03574,2022-07-12 19:00:00
1657653000,83919,11.6,105.0,8.3,Hunter Junior High powered by UTOPIA Fiber,40.689068,-112.03574,2022-07-12 19:10:00
1657653600,83919,10.8,105.8,8.534,Hunter Junior High powered by UTOPIA Fiber,40.689068,-112.03574,2022-07-12 19:20:00
1657654200,83919,11.4,106.4,7.954,Hunter Junior High powered by UTOPIA Fiber,40.689068,-112.03574,2022-07-12 19:30:00
1657654800,83919,10.0,106.8,8.132,Hunter Junior High powered by UTOPIA Fiber,40.689068,-112.03574,2022-07-12 19:40:00
1657655400,83919,11.0,107.8,8.126,Hunter Junior High powered by UTOPIA Fiber,40.689068,-112.03574,2022-07-12 19:50:00
1657656000,83919,9.8,106.0,6.82,Hunter Junior High powered by UTOPIA Fiber,40.689068,-112.03574,2022-07-12 20:00:00
1657656600,83919,12.2,105.0,6.91,Hunter Junior High powered by UTOPIA Fiber,40.689068,-112.03574,2022-07-12 20:10:00
1657657200,83919,10.6,104.8,7.716,Hunter Junior High powered by UTOPIA Fiber,40.689068,-112.03574,2022-07-12 20:20:00
1657657800,83919,10.8,104.2,6.714,Hunter Junior High powered by UTOPIA Fiber,40.689068,-112.03574,2022-07-12 20:30:00
1657658400,83919,10.8,106.2,6.9,Hunter Junior High powered by UTOPIA Fiber,40.689068,-112.03574,2022-07-12 20:40:00
1657659000,83919,9.6,107.8,6.042,Hunter Junior High powered by UTOPIA Fiber,40.689068,-112.03574,2022-07-12 20:50:00
1657659600,83919,8.4,108.6,5.428,Hunter Junior High powered by UTOPIA Fiber,40.689068,-112.03574,2022-07-12 21:00:00
1657660200,83919,8.8,107.8,6.792,Hunter Junior High powered by UTOPIA Fiber,40.689068,-112.03574,2022-07-12 21:10:00
1657660800,83919,8.4,107.4,8.462,Hunter Junior High powered by UTOPIA Fiber,40.689068,-112.03574,2022-07-12 21:20:00
1657661400,83919,8.8,108.0,7.89,Hunter Junior High powered by UTOPIA Fiber,40.689068,-112.03574,2022-07-12 21:30:00
1657662000,83919,8.8,109.0,7.314,Hunter Junior High powered by UTOPIA Fiber,40.689068,-112.03574,2022-07-12 21:40:00
1657662600,83919,8.8,109.0,6.528,Hunter Junior High powered by UTOPIA Fiber,40.689068,-112.03574,2022-07-12 21:50:00
1657663200,83919,8.6,108.0,6.652,Hunter Junior High powered by UTOPIA Fiber,40.689068,-112.03574,2022-07-12 22:00:00
1657663800,83919,9.0,106.8,6.366,Hunter Junior High powered by UTOPIA Fiber,40.689068,-112.03574,2022-07-12 22:10:00
1657664400,83919,9.6,105.6,7.004,Hunter Junior High powered by UTOPIA Fiber,40.689068,-112.03574,2022-07-12 22:20:00
1657665000,83919,9.8,105.0,7.51,Hunter Junior High powered by UTOPIA Fiber,40.689068,-112.03574,2022-07-12 22:30:00
1657665600,83919,10.0,105.0,7.244,Hunter Junior High powered by UTOPIA Fiber,40.689068,-112.03574,2022-07-12 22:40:00
1657666200,83919,10.2,105.4,7.644,Hunter Junior High powered by UTOPIA Fiber,40.689068,-112.03574,2022-07-12 22:50:00
1657666800,83919,10.0,106.0,7.314,Hunter Junior High powered by UTOPIA Fiber,40.689068,-112.03574,2022-07-12 23:00:00
1657667400,83919,9.8,106.0,6.918,Hunter Junior High powered by UTOPIA Fiber,40.689068,-112.03574,2022-07-12 23:10:00
1657668000,83919,9.4,106.0,7.146,Hunter Junior High powered by UTOPIA Fiber,40.689068,-112.03574,2022-07-12 23:20:00
1657668600,83919,9.8,106.0,6.426,Hunter Junior High powered by UTOPIA Fiber,40.689068,-112.03574,2022-07-12 23:30:00
1657669200,83919,9.6,105.4,6.542,Hunter Junior High powered by UTOPIA Fiber,40.689068,-112.03574,2022-07-12 23:40:00
1657669800,83919,9.8,104.6,5.864,Hunter Junior High powered by UTOPIA Fiber,40.689068,-112.03574,2022-07-12 23:50:00
