time_stamp,sensor_index,humidity,temperature,pm2.5,sensor_name,latitude,longitude,datetime
1660089600,83919,10.6,101.0,5.756,Hunter Junior High powered by UTOPIA Fiber,40.689068,-112.03574,2022-08-10 00:00:00
1660090200,83919,11.0,101.0,5.514,Hunter Junior High powered by UTOPIA Fiber,40.689068,-112.03574,2022-08-10 00:10:00
1660090800,83919,9.6,102.4,5.36,Hunter Junior High powered by UTOPIA Fiber,40.689068,-112.03574,2022-08-10 00:20:00
1660091400,83919,9.8,102.2,5.248,Hunter Junior High powered by UTOPIA Fiber,40.689068,-112.03574,2022-08-10 00:30:00
1660092000,83919,10.0,101.4,5.824,Hunter Junior High powered by UTOPIA Fiber,40.689068,-112.03574,2022-08-10 00:40:00
1660092600,83919,10.2,101.0,5.258,Hunter Junior High powered by UTOPIA Fiber,40.689068,-112.03574,2022-08-10 00:50:00
1660093200,83919,10.8,100.0,5.648,Hunter Junior High powered by UTOPIA Fiber,40.689068,-112.03574,2022-08-10 01:00:00
1660093800,83919,10.8,99.6,5.762,Hunter Junior High powered by UTOPIA Fiber,40.689068,-112.03574,2022-08-10 01:10:00
1660094400,83919,11.0,99.2,6.52,Hunter Junior High powered by UTOPIA Fiber,40.689068,-112.03574,2022-08-10 01:20:00
1660095000,83919,11.0,100.2,6.2,Hunter Junior High powered by UTOPIA Fiber,40.689068,-112.03574,2022-08-10 01:30:00
1660095600,83919,11.2,100.6,5.884,Hunter Junior High powered by UTOPIA Fiber,40.689068,-112.03574,2022-08-10 01:40:00
1660096200,83919,13.0,98.4,6.236,Hunter Junior High powered by UTOPIA Fiber,40.689068,-112.03574,2022-08-10 01:50:00
1660096800,83919,14.4,96.4,6.27,Hunter Junior High powered by UTOPIA Fiber,40.689068,-112.03574,2022-08-10 02:00:00
1660097400,83919,15.6,95.2,6.286,Hunter Junior High powered by UTOPIA Fiber,40.689068,-112.03574,2022-08-10 02:10:00
1660098000,83919,17.2,93.2,6.93,Hunter Junior High powered by UTOPIA Fiber,40.689068,-112.03574,2022-08-10 02:20:00
1660098600,83919,18.0,90.8,6.962,Hunter Junior High powered by UTOPIA Fiber,40.689068,-112.03574,2022-08-10 02:30:00
1660099200,83919,18.8,88.6,6.792,Hunter Junior High powered by UTOPIA Fiber,40.689068,-112.03574,2022-08-10 02:40:00
1660099800,83919,19.0,87.2,7.016,Hunter Junior High powered by UTOPIA Fiber,40.689068,-112.03574,2022-08-10 02:50:00
1660100400,83919,19.0,86.4,7.48,Hunter Junior High powered by UTOPIA Fiber,40.689068,-112.03574,2022-08-10 03:00:00
1660101000,83919,19.6,86.0,7.024,Hunter Junior High powered by UTOPIA Fiber,40.689068,-112.03574,2022-08-10 03:10:00
1660101600,83919,19.6,85.4,6.88,Hunter Junior High powered by UTOPIA Fiber,40.689068,-112.03574,2022-08-10 03:20:00
1660102200,83919,20.0,85.0,6.894,Hunter Junior High powered by UTOPIA Fiber,40.689068,-112.03574,2022-08-10 03:30:00
1660102800,83919,20.0,84.4,6.654,Hunter Junior High powered by UTOPIA Fiber,40.689068,-112.03574,2022-08-10 03:40:00
1660103400,83919,20.0,84.0,6.852,Hunter Junior High powered by UTOPIA Fiber,40.689068,-112.03574,2022-08-10 03:50:00
1660104000,83919,19.8,84.0,6.76,Hunter Junior High powered by UTOPIA Fiber,40.689068,-112.03574,2022-08-10 04:00:00
1660104600,83919,19.8,84.0,6.226,Hunter Junior High powered by UTOPIA Fiber,40.689068,-112.03574,2022-08-10 04:10:00
1660105200,83919,20.0,84.0,6.734,Hunter Junior High powered by UTOPIA Fiber,40.689068,-112.03574,2022-08-10 04:20:00
1660105800,83919,20.0,84.0,6.478,Hunter Junior High powered by UTOPIA Fiber,40.689068,-112.03574,2022-08-10 04:30:00
1660106400,83919,21.2,84.0,6.264,Hunter Junior High powered by UTOPIA Fiber,40.689068,-112.03574,2022-08-10 04:40:00
1660107000,83919,21.8,83.0,6.436,Hunter Junior High powered by UTOPIA Fiber,40.689068,-112.03574,2022-08-10 04:50:00
1660107600,83919,22.0,83.0,6.532,Hunter Junior High powered by UTOPIA Fiber,40.689068,-112.03574,2022-08-10 05:00:00
1660108200,83919,22.0,83.4,6.216,Hunter Junior High powered by UTOPIA Fiber,40.689068,-112.03574,2022-08-10 05:10:00
1660108800,83919,21.8,84.0,7.12,Hunter Junior High powered by UTOPIA Fiber,40.689068,-112.03574,2022-08-10 05:20:00
1660109400,83919,21.8,84.6,7.242,Hunter Junior High powered by UTOPIA Fiber,40.689068,-112.03574,2022-08-10 05:30:00
1660110000,83919,22.4,85.0,8.338,Hunter Junior High powered by UTOPIA Fiber,40.689068,-112.03574,2022-08-10 05:40:00
1660110600,83919,22.6,85.0,10.02,Hunter Junior High powered by UTOPIA Fiber,40.689068,-112.03574,2022-08-10 05:50:00
1660111200,83919,22.6,85.0,8.026,Hunter Junior High powered by UTOPIA Fiber,40.689068,-112.03574,2022-08-10 06:00:00
1660111800,83919,21.8,85.4,8.052,Hunter Junior High powered by UTOPIA Fiber,40.689068,-112.03574,2022-08-10 06:10:00
1660112400,83919,21.2,86.0,7.838,Hunter Junior High powered by UTOPIA Fiber,40.689068,-112.03574,2022-08-10 06:20:00
1660113000,83919,20.6,86.8,8.426,Hunter Junior High powered by UTOPIA Fiber,40.689068,-112.03574,2022-08-10 06:30:00
1660113600,83919,21.0,86.8,8.696,Hunter Junior High powered by UTOPIA Fiber,40.689068,-112.03574,2022-08-10 06:40:00
1660114200,83919,23.0,86.0,8.976,Hunter Junior High powered by UTOPIA Fiber,40.689068,-112.03574,2022-08-10 06:50:00
1660114800,83919,23.6,86.0,9.108,Hunter Junior High powered by UTOPIA Fiber,40.689068,-112.03574,2022-08-10 07:00:00
1660115400,83919,22.2,86.0,8.842,Hunter Junior High powered by UTOPIA Fiber,40.689068,-112.03574,2022-08-10 07:10:00
1660116000,83919,23.0,85.6,9.146,Hunter Junior High powered by UTOPIA Fiber,40.689068,-112.03574,2022-08-10 07:20:00
1660116600,83919,24.0,84.6,9.194,Hunter Junior High powered by UTOPIA Fiber,40.689068,-112.03574,2022-08-10 07:30:00
1660117200,83919,24.6,84.0,9.82,Hunter Junior High powered by UTOPIA Fiber,40.689068,-112.03574,2022-08-10 07:40:00
1660117800,83919,23.8,84.0,9.222,Hunter Junior High powered by UTOPIA Fiber,40.689068,-112.03574,2022-08-10 07:50:00
1660118400,83919,22.6,84.0,8.68,Hunter Junior High powered by UTOPIA Fiber,40.689068,-112.03574,2022-08-10 08:00:00
1660119000,83919,23.4,84.0,8.818,Hunter Junior High powered by UTOPIA Fiber,40.689068,-112.03574,2022-08-10 08:10:00
1660119600,83919,23.8,83.2,9.096,Hunter Junior High powered by UTOPIA Fiber,40.689068,-112.03574,2022-08-10 08:20:00
1660120200,83919,23.4,83.0,8.724,Hunter Junior High powered by UTOPIA Fiber,40.689068,-112.03574,2022-08-10 08:30:00
1660120800,83919,24.2,83.0,8.792,Hunter Junior High powered by UTOPIA Fiber,40.689068,-112.03574,2022-08-10 08:40:00
1660121400,83919,24.8,82.0,7.986,Hunter Junior High powered by UTOPIA Fiber,40.689068,-112.03574,2022-08-10 08:50:00
1660122000,83919,25.0,81.8,7.93,Hunter Junior High powered by UTOPIA Fiber,40.689068,-112.03574,2022-08-10 09:00:00
1660122600,83919,26.0,81.0,8.052,Hunter Junior High powered by UTOPIA Fiber,40.689068,-112.03574,2022-08-10 09:10:00
1660123200,83919,25.8,81.6,8.528,Hunter Junior High powered by UTOPIA Fiber,40.689068,-112.03574,2022-08-10 09:20:00
1660123800,83919,26.4,82.0,7.974,Hunter Junior High powered by UTOPIA Fiber,40.689068,-112.03574,2022-08-10 09:30:00
1660124400,83919,26.8,82.0,7.99,Hunter Junior High powered by UTOPIA Fiber,40.689068,-112.03574,2022-08-10 09:40:00
1660125000,83919,27.2,82.2,7.122,Hunter Junior High powered by UTOPIA Fiber,40.689068,-112.03574,2022-08-10 09:50:00
1660125600,83919,28.0,83.0,5.28,Hunter Junior High powered by UTOPIA Fiber,40.689068,-112.03574,2022-08-10 10:00:00
1660126200,83919,28.2,83.0,5.116,Hunter Junior High powered by UTOPIA Fiber,40.689068,-112.03574,2022-08-10 10:10:00
1660126800,83919,29.0,83.0,4.544,Hunter Junior High powered by UTOPIA Fiber,40.689068,-112.03574,2022-08-10 10:20:00
1660127400,83919,29.8,83.0,4.246,Hunter Junior High powered by UTOPIA Fiber,40.689068,-112.03574,2022-08-10 10:30:00
1660128000,83919,30.4,83.0,4.284,Hunter Junior High powered by UTOPIA Fiber,40.689068,-112.03574,2022-08-10 10:40:00
1660128600,83919,30.0,83.0,3.846,Hunter Junior High powered by UTOPIA Fiber,40.689068,-112.03574,2022-08-10 10:50:00
1660129200,83919,30.0,83.0,3.272,Hunter Junior High powered by UTOPIA Fiber,40.689068,-112.03574,2022-08-10 11:00:00
1660129800,83919,29.0,83.0,3.64,Hunter Junior High powered by UTOPIA Fiber,40.689068,-112.03574,2022-08-10 11:10:00
1660130400,83919,29.0,83.0,4.382,Hunter Junior High powered by UTOPIA Fiber,40.689068,-112.03574,2022-08-10 11:20:00
1660131000,83919,30.6,82.2,4.546,Hunter Junior High powered by UTOPIA Fiber,40.689068,-112.03574,2022-08-10 11:30:00
1660131600,83919,30.0,82.0,5.17,Hunter Junior High powered by UTOPIA Fiber,40.689068,-112.03574,2022-08-10 11:40:00
1660132200,83919,31.0,81.0,5.434,Hunter Junior High powered by UTOPIA Fiber,40.689068,-112.03574,2022-08-10 11:50:00
1660132800,83919,32.2,81.0,3.342,Hunter Junior High powered by UTOPIA Fiber,40.689068,-112.03574,2022-08-10 12:00:00
1660133400,83919,32.4,81.6,3.29,Hunter Junior High powered by UTOPIA Fiber,40.689068,-112.03574,2022-08-10 12:10:00
1660134000,83919,32.4,82.0,2.658,Hunter Junior High powered by UTOPIA Fiber,40.689068,-112.03574,2022-08-10 12:20:00
1660134600,83919,33.0,81.8,2.656,Hunter Junior High powered by UTOPIA Fiber,40.689068,-112.03574,2022-08-10 12:30:00
1660135200,83919,33.2,81.4,2.502,Hunter Junior High powered by UTOPIA Fiber,40.689068,-112.03574,2022-08-10 12:40:00
1660135800,83919,33.8,81.0,2.2,Hunter Junior High powered by UTOPIA Fiber,40.689068,-112.03574,2022-08-10 12:50:00
1660136400,83919,34.6,80.4,2.412,Hunter Junior High powered by UTOPIA Fiber,40.689068,-112.03574,2022-08-10 13:00:00
1660137000,83919,35.8,80.2,2.13,Hunter Junior High powered by UTOPIA Fiber,40.689068,-112.03574,2022-08-10 13:10:00
1660137600,83919,35.8,81.2,1.698,Hunter Junior High powered by UTOPIA Fiber,40.689068,-112.03574,2022-08-10 13:20:00
1660138200,83919,33.8,82.6,1.206,Hunter Junior High powered by UTOPIA Fiber,40.689068,-112.03574,2022-08-10 13:30:00
1660138800,83919,32.2,83.0,1.112,Hunter Junior High powered by UTOPIA Fiber,40.689068,-112.03574,2022-08-10 13:40:00
1660139400,83919,32.6,83.0,1.11,Hunter Junior High powered by UTOPIA Fiber,40.689068,-112.03574,2022-08-10 13:50:00
1660140000,83919,32.2,83.4,1.61,Hunter Junior High powered by UTOPIA Fiber,40.689068,-112.03574,2022-08-10 14:00:00
1660140600,83919,32.0,84.0,1.714,Hunter Junior High powered by UTOPIA Fiber,40.689068,-112.03574,2022-08-10 14:10:00
1660141200,83919,32.2,84.0,1.288,Hunter Junior High powered by UTOPIA Fiber,40.689068,-112.03574,2022-08-10 14:20:00
1660141800,83919,32.6,84.6,1.51,Hunter Junior High powered by UTOPIA Fiber,40.689068,-112.03574,2022-08-10 14:30:00
1660142400,83919,33.6,84.0,1.352,Hunter Junior High powered by UTOPIA Fiber,40.689068,-112.03574,2022-08-10 14:40:00
1660143000,83919,34.2,84.6,1.542,Hunter Junior High powered by UTOPIA Fiber,40.689068,-112.03574,2022-08-10 14:50:00
1660143600,83919,33.6,85.0,1.55,Hunter Junior High powered by UTOPIA Fiber,40.689068,-112.03574,2022-08-10 15:00:00
1660144200,83919,33.4,84.4,1.57,Hunter Junior High powered by UTOPIA Fiber,40.689068,-112.03574,2022-08-10 15:10:00
1660144800,83919,32.8,84.0,1.428,Hunter Junior High powered by UTOPIA Fiber,40.689068,-112.03574,2022-08-10 15:20:00
1660145400,83919,33.8,83.2,1.41,Hunter Junior High powered by UTOPIA Fiber,40.689068,-112.03574,2022-08-10 15:30:00
1660146000,83919,34.8,83.4,1.82,Hunter Junior High powered by UTOPIA Fiber,40.689068,-112.03574,2022-08-10 15:40:00
1660146600,83919,34.2,83.0,1.516,Hunter Junior High powered by UTOPIA Fiber,40.689068,-112.03574,2022-08-10 15:50:00
1660147200,83919,34.8,83.0,1.23,Hunter Junior High powered by UTOPIA Fiber,40.689068,-112.03574,2022-08-10 16:00:00
1660147800,83919,35.4,83.0,1.368,Hunter Junior High powered by UTOPIA Fiber,40.689068,-112.03574,2022-08-10 16:10:00
1660148400,83919,35.6,83.0,1.916,Hunter Junior High powered by UTOPIA Fiber,40.689068,-112.03574,2022-08-10 16:20:00
1660149000,83919,38.2,83.0,2.038,Hunter Junior High powered by UTOPIA Fiber,40.689068,-112.03574,2022-08-10 16:30:00
1660149600,83919,36.6,84.2,2.404,Hunter Junior High powered by UTOPIA Fiber,40.689068,-112.03574,2022-08-10 16:40:00
1660150200,83919,34.6,85.4,2.658,Hunter Junior High powered by UTOPIA Fiber,40.689068,-112.03574,2022-08-10 16:50:00
1660150800,83919,30.6,86.6,1.588,Hunter Junior High powered by UTOPIA Fiber,40.689068,-112.03574,2022-08-10 17:00:00
1660151400,83919,27.8,89.2,1.002,Hunter Junior High powered by UTOPIA Fiber,40.689068,-112.03574,2022-08-10 17:10:00
1660152000,83919,26.4,91.2,0.846,Hunter Junior High powered by UTOPIA Fiber,40.689068,-112.03574,2022-08-10 17:20:00
1660152600,83919,23.8,92.6,1.014,Hunter Junior High powered by UTOPIA Fiber,40.689068,-112.03574,2022-08-10 17:30:00
1660153200,83919,24.2,94.2,1.3,Hunter Junior High powered by UTOPIA Fiber,40.689068,-112.03574,2022-08-10 17:40:00
1660153800,83919,22.6,95.6,1.562,Hunter Junior High powered by UTOPIA Fiber,40.689068,-112.03574,2022-08-10 17:50:00
1660154400,83919,22.2,96.4,1.39,Hunter Junior High powered by UTOPIA Fiber,40.689068,-112.03574,2022-08-10 18:00:00
1660155000,83919,21.4,97.0,1.534,Hunter Junior High powered by UTOPIA Fiber,40.689068,-112.03574,2022-08-10 18:10:00
1660155600,83919,21.0,97.8,1.308,Hunter Junior High powered by UTOPIA Fiber,40.689068,-112.03574,2022-08-10 18:20:00
1660156200,83919,19.6,98.0,1.538,Hunter Junior High powered by UTOPIA Fiber,40.689068,-112.03574,2022-08-10 18:30:00
1660156800,83919,19.4,98.6,1.43,Hunter Junior High powered by UTOPIA Fiber,40.689068,-112.03574,2022-08-10 18:40:00
1660157400,83919,20.6,100.2,1.696,Hunter Junior High powered by UTOPIA Fiber,40.689068,-112.03574,2022-08-10 18:50:00
1660158000,83919,17.8,101.4,1.738,Hunter Junior High powered by UTOPIA Fiber,40.689068,-112.03574,2022-08-10 19:00:00
1660158600,83919,17.2,102.0,1.73,Hunter Junior High powered by UTOPIA Fiber,40.689068,-112.03574,2022-08-10 19:10:00
1660159200,83919,17.4,102.8,1.284,Hunter Junior High powered by UTOPIA Fiber,40.689068,-112.03574,2022-08-10 19:20:00
1660159800,83919,17.8,103.8,1.306,Hunter Junior High powered by UTOPIA Fiber,40.689068,-112.03574,2022-08-10 19:30:00
1660160400,83919,15.4,104.2,1.564,Hunter Junior High powered by UTOPIA Fiber,40.689068,-112.03574,2022-08-10 19:40:00
1660161000,83919,16.2,104.8,1.45,Hunter Junior High powered by UTOPIA Fiber,40.689068,-112.03574,2022-08-10 19:50:00
1660161600,83919,16.6,104.8,1.54,Hunter Junior High powered by UTOPIA Fiber,40.689068,-112.03574,2022-08-10 20:00:00
1660162200,83919,18.2,103.6,1.54,Hunter Junior High powered by UTOPIA Fiber,40.689068,-112.03574,2022-08-10 20:10:00
1660162800,83919,19.4,100.4,2.064,Hunter Junior High powered by UTOPIA Fiber,40.689068,-112.03574,2022-08-10 20:20:00
1660163400,83919,21.0,99.0,2.398,Hunter Junior High powered by UTOPIA Fiber,40.689068,-112.03574,2022-08-10 20:30:00
1660164000,83919,20.6,98.6,2.264,Hunter Junior High powered by UTOPIA Fiber,40.689068,-112.03574,2022-08-10 20:40:00
1660164600,83919,20.0,99.0,2.234,Hunter Junior High powered by UTOPIA Fiber,40.689068,-112.03574,2022-08-10 20:50:00
1660165200,83919,19.4,99.6,2.238,Hunter Junior High powered by UTOPIA Fiber,40.689068,-112.03574,2022-08-10 21:00:00
1660165800,83919,19.8,99.6,2.146,Hunter Junior High powered by UTOPIA Fiber,40.689068,-112.03574,2022-08-10 21:10:00
1660166400,83919,21.2,98.0,2.08,Hunter Junior High powered by UTOPIA Fiber,40.689068,-112.03574,2022-08-10 21:20:00
1660167000,83919,23.4,95.8,2.48,Hunter Junior High powered by UTOPIA Fiber,40.689068,-112.03574,2022-08-10 21:30:00
1660167600,83919,24.6,94.4,2.638,Hunter Junior High powered by UTOPIA Fiber,40.689068,-112.03574,2022-08-10 21:40:00
1660168200,83919,24.6,93.2,2.968,Hunter Junior High powered by UTOPIA Fiber,40.689068,-112.03574,2022-08-10 21:50:00
1660168800,83919,25.4,92.6,3.288,Hunter Junior High powered by UTOPIA Fiber,40.689068,-112.03574,2022-08-10 22:00:00
1660169400,83919,24.8,92.0,2.386,Hunter Junior High powered by UTOPIA Fiber,40.689068,-112.03574,2022-08-10 22:10:00
1660170000,83919,25.6,92.6,1.868,Hunter Junior High powered by UTOPIA Fiber,40.689068,-112.03574,2022-08-10 22:20:00
1660170600,83919,24.4,93.8,2.272,Hunter Junior High powered by UTOPIA Fiber,40.689068,-112.03574,2022-08-10 22:30:00
1660171200,83919,23.8,94.8,1.842,Hunter Junior High powered by UTOPIA Fiber,40.689068,-112.03574,2022-08-10 22:40:00
1660171800,83919,23.4,95.0,1.754,Hunter Junior High powered by UTOPIA Fiber,40.689068,-112.03574,2022-08-10 22:50:00
1660172400,83919,22.2,95.0,1.726,Hunter Junior High powered by UTOPIA Fiber,40.689068,-112.03574,2022-08-10 23:00:00
1660173000,83919,21.8,96.0,1.596,Hunter Junior High powered by UTOPIA Fiber,40.689068,-112.03574,2022-08-10 23:10:00
1660173600,83919,21.4,95.6,1.5,Hunter Junior High powered by UTOPIA Fiber,40.689068,-112.03574,2022-08-10 23:20:00
1660174200,83919,21.2,95.0,1.568,Hunter Junior High powered by UTOPIA Fiber,40.689068,-112.03574,2022-08-10 23:30:00
1660174800,83919,21.6,95.0,1.704,Hunter Junior High powered by UTOPIA Fiber,40.689068,-112.03574,2022-08-10 23:40:00
1660175400,83919,22.6,94.2,1.712,Hunter Junior High powered by UTOPIA Fiber,40.689068,-112.03574,2022-08-10 23:50:00
1660176000,83919,25.0,93.2,1.506,Hunter Junior High powered by UTOPIA Fiber,40.689068,-112.03574,2022-08-11 00:00:00
1660176600,83919,25.4,92.0,1.488,Hunter Junior High powered by UTOPIA Fiber,40.689068,-112.03574,2022-08-11 00:10:00
1660177200,83919,25.0,92.0,1.424,Hunter Junior High powered by UTOPIA Fiber,40.689068,-112.03574,2022-08-11 00:20:00
1660177800,83919,25.0,91.0,1.266,Hunter Junior High powered by UTOPIA Fiber,40.689068,-112.03574,2022-08-11 00:30:00
1660178400,83919,26.0,90.6,1.194,Hunter Junior High powered by UTOPIA Fiber,40.689068,-112.03574,2022-08-11 00:40:00
1660179000,83919,30.0,88.6,1.77,Hunter Junior High powered by UTOPIA Fiber,40.689068,-112.03574,2022-08-11 00:50:00
1660179600,83919,34.8,86.4,2.216,Hunter Junior High powered by UTOPIA Fiber,40.689068,-112.03574,2022-08-11 01:00:00
1660180200,83919,38.6,84.2,2.118,Hunter Junior High powered by UTOPIA Fiber,40.689068,-112.03574,2022-08-11 01:10:00
1660180800,83919,39.4,83.0,1.772,Hunter Junior High powered by UTOPIA Fiber,40.689068,-112.03574,2022-08-11 01:20:00
1660181400,83919,38.4,83.0,2.02,Hunter Junior High powered by UTOPIA Fiber,40.689068,-112.03574,2022-08-11 01:30:00
1660182000,83919,36.8,83.0,1.272,Hunter Junior High powered by UTOPIA Fiber,40.689068,-112.03574,2022-08-11 01:40:00
1660182600,83919,35.6,84.0,1.334,Hunter Junior High powered by UTOPIA Fiber,40.689068,-112.03574,2022-08-11 01:50:00
1660183200,83919,34.6,84.0,1.132,Hunter Junior High powered by UTOPIA Fiber,40.689068,-112.03574,2022-08-11 02:00:00
1660183800,83919,33.0,84.2,1.096,Hunter Junior High powered by UTOPIA Fiber,40.689068,-112.03574,2022-08-11 02:10:00
1660184400,83919,33.0,84.2,0.944,Hunter Junior High powered by UTOPIA Fiber,40.689068,-112.03574,2022-08-11 02:20:00
1660185000,83919,34.0,84.0,1.372,Hunter Junior High powered by UTOPIA Fiber,40.689068,-112.03574,2022-08-11 02:30:00
1660185600,83919,37.0,83.0,2.422,Hunter Junior High powered by UTOPIA Fiber,40.689068,-112.03574,2022-08-11 02:40:00
1660186200,83919,40.6,81.6,2.18,Hunter Junior High powered by UTOPIA Fiber,40.689068,-112.03574,2022-08-11 02:50:00
1660186800,83919,44.4,80.4,2.95,Hunter Junior High powered by UTOPIA Fiber,40.689068,-112.03574,2022-08-11 03:00:00
1660187400,83919,46.6,79.2,2.564,Hunter Junior High powered by UTOPIA Fiber,40.689068,-112.03574,2022-08-11 03:10:00
1660188000,83919,46.6,78.4,1.876,Hunter Junior High powered by UTOPIA Fiber,40.689068,-112.03574,2022-08-11 03:20:00
1660188600,83919,46.6,78.6,1.482,Hunter Junior High powered by UTOPIA Fiber,40.689068,-112.03574,2022-08-11 03:30:00
1660189200,83919,49.0,77.8,2.034,Hunter Junior High powered by UTOPIA Fiber,40.689068,-112.03574,2022-08-11 03:40:00
1660189800,83919,50.0,77.0,1.778,Hunter Junior High powered by UTOPIA Fiber,40.689068,-112.03574,2022-08-11 03:50:00
1660190400,83919,49.4,77.0,1.254,Hunter Junior High powered by UTOPIA Fiber,40.689068,-112.03574,2022-08-11 04:00:00
1660191000,83919,50.0,77.0,1.022,Hunter Junior High powered by UTOPIA Fiber,40.689068,-112.03574,2022-08-11 04:10:00
1660191600,83919,50.0,77.0,0.75,Hunter Junior High powered by UTOPIA Fiber,40.689068,-112.03574,2022-08-11 04:20:00
1660192200,83919,50.2,77.0,1.188,Hunter Junior High powered by UTOPIA Fiber,40.689068,-112.03574,2022-08-11 04:30:00
1660192800,83919,50.8,77.0,0.724,Hunter Junior High powered by UTOPIA Fiber,40.689068,-112.03574,2022-08-11 04:40:00
1660193400,83919,49.4,77.0,0.35,Hunter Junior High powered by UTOPIA Fiber,40.689068,-112.03574,2022-08-11 04:50:00
1660194000,83919,48.2,76.4,0.166,Hunter Junior High powered by UTOPIA Fiber,40.689068,-112.03574,2022-08-11 05:00:00
1660194600,83919,48.6,77.0,0.2,Hunter Junior High powered by UTOPIA Fiber,40.689068,-112.03574,2022-08-11 05:10:00
1660195200,83919,51.0,77.0,0.576,Hunter Junior High powered by UTOPIA Fiber,40.689068,-112.03574,2022-08-11 05:20:00
1660195800,83919,51.0,77.0,0.956,Hunter Junior High powered by UTOPIA Fiber,40.689068,-112.03574,2022-08-11 05:30:00
1660196400,83919,54.2,76.6,1.348,Hunter Junior High powered by UTOPIA Fiber,40.689068,-112.03574,2022-08-11 05:40:00
1660197000,83919,58.0,75.0,1.636,Hunter Junior High powered by UTOPIA Fiber,40.689068,-112.03574,2022-08-11 05:50:00
1660197600,83919,59.8,74.2,1.636,Hunter Junior High powered by UTOPIA Fiber,40.689068,-112.03574,2022-08-11 06:00:00
1660198200,83919,60.6,74.0,1.802,Hunter Junior High powered by UTOPIA Fiber,40.689068,-112.03574,2022-08-11 06:10:00
1660198800,83919,60.2,73.8,1.684,Hunter Junior High powered by UTOPIA Fiber,40.689068,-112.03574,2022-08-11 06:20:00
1660199400,83919,61.8,73.0,1.52,Hunter Junior High powered by UTOPIA Fiber,40.689068,-112.03574,2022-08-11 06:30:00
1660200000,83919,61.6,73.2,1.212,Hunter Junior High powered by UTOPIA Fiber,40.689068,-112.03574,2022-08-11 06:40:00
1660200600,83919,60.0,73.2,1.296,Hunter Junior High powered by UTOPIA Fiber,40.689068,-112.03574,2022-08-11 06:50:00
1660201200,83919,59.0,73.8,0.85,Hunter Junior High powered by UTOPIA Fiber,40.689068,-112.03574,2022-08-11 07:00:00
1660201800,83919,58.2,74.0,0.882,Hunter Junior High powered by UTOPIA Fiber,40.689068,-112.03574,2022-08-11 07:10:00
1660202400,83919,57.8,73.6,0.938,Hunter Junior High powered by UTOPIA Fiber,40.689068,-112.03574,2022-08-11 07:20:00
1660203000,83919,58.0,73.0,0.858,Hunter Junior High powered by UTOPIA Fiber,40.689068,-112.03574,2022-08-11 07:30:00
1660203600,83919,57.0,73.0,0.95,Hunter Junior High powered by UTOPIA Fiber,40.689068,-112.03574,2022-08-11 07:40:00
1660204200,83919,56.0,73.4,0.772,Hunter Junior High powered by UTOPIA Fiber,40.689068,-112.03574,2022-08-11 07:50:00
1660204800,83919,54.8,74.0,1.878,Hunter Junior High powered by UTOPIA Fiber,40.689068,-112.03574,2022-08-11 08:00:00
1660205400,83919,52.8,74.8,2.634,Hunter Junior High powered by UTOPIA Fiber,40.689068,-112.03574,2022-08-11 08:10:00
1660206000,83919,52.0,75.0,1.88,Hunter Junior High powered by UTOPIA Fiber,40.689068,-112.03574,2022-08-11 08:20:00
1660206600,83919,50.4,75.4,1.83,Hunter Junior High powered by UTOPIA Fiber,40.689068,-112.03574,2022-08-11 08:30:00
1660207200,83919,48.2,76.4,1.704,Hunter Junior High powered by UTOPIA Fiber,40.689068,-112.03574,2022-08-11 08:40:00
1660207800,83919,46.4,76.4,1.4,Hunter Junior High powered by UTOPIA Fiber,40.689068,-112.03574,2022-08-11 08:50:00
1660208400,83919,45.8,77.0,1.774,Hunter Junior High powered by UTOPIA Fiber,40.689068,-112.03574,2022-08-11 09:00:00
1660209000,83919,45.6,77.0,1.73,Hunter Junior High powered by UTOPIA Fiber,40.689068,-112.03574,2022-08-11 09:10:00
1660209600,83919,45.6,77.0,1.714,Hunter Junior High powered by UTOPIA Fiber,40.689068,-112.03574,2022-08-11 09:20:00
1660210200,83919,47.4,77.0,1.956,Hunter Junior High powered by UTOPIA Fiber,40.689068,-112.03574,2022-08-11 09:30:00
1660210800,83919,47.4,77.0,1.75,Hunter Junior High powered by UTOPIA Fiber,40.689068,-112.03574,2022-08-11 09:40:00
1660211400,83919,48.2,77.0,2.25,Hunter Junior High powered by UTOPIA Fiber,40.689068,-112.03574,2022-08-11 09:50:00
1660212000,83919,48.8,76.6,2.372,Hunter Junior High powered by UTOPIA Fiber,40.689068,-112.03574,2022-08-11 10:00:00
1660212600,83919,48.8,76.0,2.162,Hunter Junior High powered by UTOPIA Fiber,40.689068,-112.03574,2022-08-11 10:10:00
1660213200,83919,48.0,76.0,1.952,Hunter Junior High powered by UTOPIA Fiber,40.689068,-112.03574,2022-08-11 10:20:00
1660213800,83919,48.4,76.0,2.164,Hunter Junior High powered by UTOPIA Fiber,40.689068,-112.03574,2022-08-11 10:30:00
1660214400,83919,48.2,75.0,2.056,Hunter Junior High powered by UTOPIA Fiber,40.689068,-112.03574,2022-08-11 10:40:00
1660215000,83919,48.4,75.0,2.028,Hunter Junior High powered by UTOPIA Fiber,40.689068,-112.03574,2022-08-11 10:50:00
1660215600,83919,49.8,75.0,2.114,Hunter Junior High powered by UTOPIA Fiber,40.689068,-112.03574,2022-08-11 11:00:00
1660216200,83919,49.4,74.6,1.854,Hunter Junior High powered by UTOPIA Fiber,40.689068,-112.03574,2022-08-11 11:10:00
1660216800,83919,50.0,74.0,1.85,Hunter Junior High powered by UTOPIA Fiber,40.689068,-112.03574,2022-08-11 11:20:00
1660217400,83919,50.4,74.0,1.918,Hunter Junior High powered by UTOPIA Fiber,40.689068,-112.03574,2022-08-11 11:30:00
1660218000,83919,50.8,74.0,1.946,Hunter Junior High powered by UTOPIA Fiber,40.689068,-112.03574,2022-08-11 11:40:00
1660218600,83919,51.8,74.0,11.002,Hunter Junior High powered by UTOPIA Fiber,40.689068,-112.03574,2022-08-11 11:50:00
1660219200,83919,50.4,74.0,1.988,Hunter Junior High powered by UTOPIA Fiber,40.689068,-112.03574,2022-08-11 12:00:00
1660219800,83919,51.6,74.0,2.046,Hunter Junior High powered by UTOPIA Fiber,40.689068,-112.03574,2022-08-11 12:10:00
1660220400,83919,51.8,74.0,2.466,Hunter Junior High powered by UTOPIA Fiber,40.689068,-112.03574,2022-08-11 12:20:00
1660221000,83919,53.2,74.0,2.634,Hunter Junior High powered by UTOPIA Fiber,40.689068,-112.03574,2022-08-11 12:30:00
1660221600,83919,53.4,74.0,2.908,Hunter Junior High powered by UTOPIA Fiber,40.689068,-112.03574,2022-08-11 12:40:00
1660222200,83919,53.8,74.0,3.75,Hunter Junior High powered by UTOPIA Fiber,40.689068,-112.03574,2022-08-11 12:50:00
1660222800,83919,54.2,74.0,3.336,Hunter Junior High powered by UTOPIA Fiber,40.689068,-112.03574,2022-08-11 13:00:00
1660223400,83919,51.0,74.8,2.662,Hunter Junior High powered by UTOPIA Fiber,40.689068,-112.03574,2022-08-11 13:10:00
1660224000,83919,51.0,75.0,2.282,Hunter Junior High powered by UTOPIA Fiber,40.689068,-112.03574,2022-08-11 13:20:00
1660224600,83919,49.2,75.0,1.932,Hunter Junior High powered by UTOPIA Fiber,40.689068,-112.03574,2022-08-11 13:30:00
1660225200,83919,50.0,76.0,1.864,Hunter Junior High powered by UTOPIA Fiber,40.689068,-112.03574,2022-08-11 13:40:00
1660225800,83919,49.8,76.8,2.12,Hunter Junior High powered by UTOPIA Fiber,40.689068,-112.03574,2022-08-11 13:50:00
1660226400,83919,49.4,78.0,2.838,Hunter Junior High powered by UTOPIA Fiber,40.689068,-112.03574,2022-08-11 14:00:00
1660227000,83919,49.4,78.8,3.018,Hunter Junior High powered by UTOPIA Fiber,40.689068,-112.03574,2022-08-11 14:10:00
1660227600,83919,47.6,79.8,3.37,Hunter Junior High powered by UTOPIA Fiber,40.689068,-112.03574,2022-08-11 14:20:00
1660228200,83919,46.8,80.0,3.448,Hunter Junior High powered by UTOPIA Fiber,40.689068,-112.03574,2022-08-11 14:30:00
1660228800,83919,45.6,80.2,3.424,Hunter Junior High powered by UTOPIA Fiber,40.689068,-112.03574,2022-08-11 14:40:00
1660229400,83919,43.8,81.0,2.482,Hunter Junior High powered by UTOPIA Fiber,40.689068,-112.03574,2022-08-11 14:50:00
1660230000,83919,43.2,81.0,2.304,Hunter Junior High powered by UTOPIA Fiber,40.689068,-112.03574,2022-08-11 15:00:00
1660230600,83919,42.8,81.0,2.228,Hunter Junior High powered by UTOPIA Fiber,40.689068,-112.03574,2022-08-11 15:10:00
1660231200,83919,42.4,80.8,2.42,Hunter Junior High powered by UTOPIA Fiber,40.689068,-112.03574,2022-08-11 15:20:00
1660231800,83919,43.0,80.0,2.604,Hunter Junior High powered by UTOPIA Fiber,40.689068,-112.03574,2022-08-11 15:30:00
1660232400,83919,43.2,80.0,2.654,Hunter Junior High powered by UTOPIA Fiber,40.689068,-112.03574,2022-08-11 15:40:00
1660233000,83919,43.4,80.0,2.63,Hunter Junior High powered by UTOPIA Fiber,40.689068,-112.03574,2022-08-11 15:50:00
1660233600,83919,42.2,80.8,2.594,Hunter Junior High powered by UTOPIA Fiber,40.689068,-112.03574,2022-08-11 16:00:00
1660234200,83919,42.0,82.0,2.848,Hunter Junior High powered by UTOPIA Fiber,40.689068,-112.03574,2022-08-11 16:10:00
1660234800,83919,40.8,84.2,2.706,Hunter Junior High powered by UTOPIA Fiber,40.689068,-112.03574,2022-08-11 16:20:00
1660235400,83919,38.6,86.2,3.364,Hunter Junior High powered by UTOPIA Fiber,40.689068,-112.03574,2022-08-11 16:30:00
1660236000,83919,37.2,87.0,3.482,Hunter Junior High powered by UTOPIA Fiber,40.689068,-112.03574,2022-08-11 16:40:00
1660236600,83919,36.2,87.0,3.496,Hunter Junior High powered by UTOPIA Fiber,40.689068,-112.03574,2022-08-11 16:50:00
1660237200,83919,37.0,86.4,3.148,Hunter Junior High powered by UTOPIA Fiber,40.689068,-112.03574,2022-08-11 17:00:00
1660237800,83919,37.4,86.4,2.794,Hunter Junior High powered by UTOPIA Fiber,40.689068,-112.03574,2022-08-11 17:10:00
1660238400,83919,36.6,87.0,2.838,Hunter Junior High powered by UTOPIA Fiber,40.689068,-112.03574,2022-08-11 17:20:00
1660239000,83919,35.6,87.0,3.286,Hunter Junior High powered by UTOPIA Fiber,40.689068,-112.03574,2022-08-11 17:30:00
1660239600,83919,36.2,87.0,4.212,Hunter Junior High powered by UTOPIA Fiber,40.689068,-112.03574,2022-08-11 17:40:00
1660240200,83919,37.6,86.4,3.75,Hunter Junior High powered by UTOPIA Fiber,40.689068,-112.03574,2022-08-11 17:50:00
1660240800,83919,38.2,86.4,3.952,Hunter Junior High powered by UTOPIA Fiber,40.689068,-112.03574,2022-08-11 18:00:00
1660241400,83919,36.4,87.6,4.154,Hunter Junior High powered by UTOPIA Fiber,40.689068,-112.03574,2022-08-11 18:10:00
1660242000,83919,36.2,89.0,3.508,Hunter Junior High powered by UTOPIA Fiber,40.689068,-112.03574,2022-08-11 18:20:00
1660242600,83919,35.0,89.4,3.968,Hunter Junior High powered by UTOPIA Fiber,40.689068,-112.03574,2022-08-11 18:30:00
1660243200,83919,33.2,89.8,3.87,Hunter Junior High powered by UTOPIA Fiber,40.689068,-112.03574,2022-08-11 18:40:00
1660243800,83919,33.4,89.8,4.606,Hunter Junior High powered by UTOPIA Fiber,40.689068,-112.03574,2022-08-11 18:50:00
1660244400,83919,32.6,90.4,4.126,Hunter Junior High powered by UTOPIA Fiber,40.689068,-112.03574,2022-08-11 19:00:00
1660245000,83919,32.0,91.2,5.286,Hunter Junior High powered by UTOPIA Fiber,40.689068,-112.03574,2022-08-11 19:10:00
1660245600,83919,30.8,91.8,4.244,Hunter Junior High powered by UTOPIA Fiber,40.689068,-112.03574,2022-08-11 19:20:00
1660246200,83919,29.8,92.4,4.492,Hunter Junior High powered by UTOPIA Fiber,40.689068,-112.03574,2022-08-11 19:30:00
1660246800,83919,28.4,93.0,3.716,Hunter Junior High powered by UTOPIA Fiber,40.689068,-112.03574,2022-08-11 19:40:00
1660247400,83919,29.2,92.0,3.312,Hunter Junior High powered by UTOPIA Fiber,40.689068,-112.03574,2022-08-11 19:50:00
1660248000,83919,28.8,93.2,3.58,Hunter Junior High powered by UTOPIA Fiber,40.689068,-112.03574,2022-08-11 20:00:00
1660248600,83919,27.8,93.4,2.806,Hunter Junior High powered by UTOPIA Fiber,40.689068,-112.03574,2022-08-11 20:10:00
1660249200,83919,27.8,93.8,2.66,Hunter Junior High powered by UTOPIA Fiber,40.689068,-112.03574,2022-08-11 20:20:00
1660249800,83919,27.2,94.2,2.672,Hunter Junior High powered by UTOPIA Fiber,40.689068,-112.03574,2022-08-11 20:30:00
1660250400,83919,26.6,93.8,1.926,Hunter Junior High powered by UTOPIA Fiber,40.689068,-112.03574,2022-08-11 20:40:00
1660251000,83919,29.0,90.8,2.286,Hunter Junior High powered by UTOPIA Fiber,40.689068,-112.03574,2022-08-11 20:50:00
1660251600,83919,29.0,90.0,1.808,Hunter Junior High powered by UTOPIA Fiber,40.689068,-112.03574,2022-08-11 21:00:00
1660252200,83919,28.2,91.2,1.836,Hunter Junior High powered by UTOPIA Fiber,40.689068,-112.03574,2022-08-11 21:10:00
1660252800,83919,28.0,91.6,1.742,Hunter Junior High powered by UTOPIA Fiber,40.689068,-112.03574,2022-08-11 21:20:00
1660253400,83919,28.8,91.6,2.02,Hunter Junior High powered by UTOPIA Fiber,40.689068,-112.03574,2022-08-11 21:30:00
1660254000,83919,30.2,91.0,2.202,Hunter Junior High powered by UTOPIA Fiber,40.689068,-112.03574,2022-08-11 21:40:00
1660254600,83919,30.4,90.0,2.424,Hunter Junior High powered by UTOPIA Fiber,40.689068,-112.03574,2022-08-11 21:50:00
1660255200,83919,31.4,90.0,2.296,Hunter Junior High powered by UTOPIA Fiber,40.689068,-112.03574,2022-08-11 22:00:00
1660255800,83919,32.0,89.8,2.022,Hunter Junior High powered by UTOPIA Fiber,40.689068,-112.03574,2022-08-11 22:10:00
1660256400,83919,32.0,89.6,1.736,Hunter Junior High powered by UTOPIA Fiber,40.689068,-112.03574,2022-08-11 22:20:00
1660257000,83919,30.4,90.2,1.924,Hunter Junior High powered by UTOPIA Fiber,40.689068,-112.03574,2022-08-11 22:30:00
1660257600,83919,29.6,91.0,1.536,Hunter Junior High powered by UTOPIA Fiber,40.689068,-112.03574,2022-08-11 22:40:00
1660258200,83919,29.0,90.4,1.336,Hunter Junior High powered by UTOPIA Fiber,40.689068,-112.03574,2022-08-11 22:50:00
1660258800,83919,29.4,90.0,1.468,Hunter Junior High powered by UTOPIA Fiber,40.689068,-112.03574,2022-08-11 23:00:00
1660259400,83919,29.6,90.0,1.602,Hunter Junior High powered by UTOPIA Fiber,40.689068,-112.03574,2022-08-11 23:10:00
1660260000,83919,30.0,90.0,1.506,Hunter Junior High powered by UTOPIA Fiber,40.689068,-112.03574,2022-08-11 23:20:00
1660260600,83919,29.2,90.0,1.432,Hunter Junior High powered by UTOPIA Fiber,40.689068,-112.03574,2022-08-11 23:30:00
1660261200,83919,30.0,90.0,1.424,Hunter Junior High powered by UTOPIA Fiber,40.689068,-112.03574,2022-08-11 23:40:00
1660261800,83919,31.8,88.8,1.508,Hunter Junior High powered by UTOPIA Fiber,40.689068,-112.03574,2022-08-11 23:50:00
