time_stamp,sensor_index,humidity,temperature,pm2.5,sensor_name,latitude,longitude,datetime
1659916800,83919,21.2,92.4,6.57,Hunter Junior High powered by UTOPIA Fiber,40.689068,-112.03574,2022-08-08 00:00:00
1659917400,83919,21.0,92.0,6.788,Hunter Junior High powered by UTOPIA Fiber,40.689068,-112.03574,2022-08-08 00:10:00
1659918000,83919,21.4,92.8,6.64,Hunter Junior High powered by UTOPIA Fiber,40.689068,-112.03574,2022-08-08 00:20:00
1659918600,83919,21.0,93.0,6.622,Hunter Junior High powered by UTOPIA Fiber,40.689068,-112.03574,2022-08-08 00:30:00
1659919200,83919,21.0,93.0,6.474,Hunter Junior High powered by UTOPIA Fiber,40.689068,-112.03574,2022-08-08 00:40:00
1659919800,83919,21.4,91.8,6.978,Hunter Junior High powered by UTOPIA Fiber,40.689068,-112.03574,2022-08-08 00:50:00
1659920400,83919,22.6,91.2,6.754,Hunter Junior High powered by UTOPIA Fiber,40.689068,-112.03574,2022-08-08 01:00:00
1659921000,83919,22.4,91.0,7.158,Hunter Junior High powered by UTOPIA Fiber,40.689068,-112.03574,2022-08-08 01:10:00
1659921600,83919,22.0,91.0,7.62,Hunter Junior High powered by UTOPIA Fiber,40.689068,-112.03574,2022-08-08 01:20:00
1659922200,83919,21.4,92.0,7.458,Hunter Junior High powered by UTOPIA Fiber,40.689068,-112.03574,2022-08-08 01:30:00
1659922800,83919,20.8,91.8,8.392,Hunter Junior High powered by UTOPIA Fiber,40.689068,-112.03574,2022-08-08 01:40:00
1659923400,83919,22.4,90.0,7.326,Hunter Junior High powered by UTOPIA Fiber,40.689068,-112.03574,2022-08-08 01:50:00
1659924000,83919,23.4,89.0,6.892,Hunter Junior High powered by UTOPIA Fiber,40.689068,-112.03574,2022-08-08 02:00:00
1659924600,83919,23.8,88.0,6.65,Hunter Junior High powered by UTOPIA Fiber,40.689068,-112.03574,2022-08-08 02:10:00
1659925200,83919,23.6,87.4,7.216,Hunter Junior High powered by UTOPIA Fiber,40.689068,-112.03574,2022-08-08 02:20:00
1659925800,83919,25.6,86.0,7.632,Hunter Junior High powered by UTOPIA Fiber,40.689068,-112.03574,2022-08-08 02:30:00
1659926400,83919,28.8,83.2,7.678,Hunter Junior High powered by UTOPIA Fiber,40.689068,-112.03574,2022-08-08 02:40:00
1659927000,83919,30.4,80.6,8.152,Hunter Junior High powered by UTOPIA Fiber,40.689068,-112.03574,2022-08-08 02:50:00
1659927600,83919,31.6,79.4,7.884,Hunter Junior High powered by UTOPIA Fiber,40.689068,-112.03574,2022-08-08 03:00:00
1659928200,83919,32.0,78.4,8.368,Hunter Junior High powered by UTOPIA Fiber,40.689068,-112.03574,2022-08-08 03:10:00
1659928800,83919,32.0,77.6,8.288,Hunter Junior High powered by UTOPIA Fiber,40.689068,-112.03574,2022-08-08 03:20:00
1659929400,83919,32.0,77.0,8.514,Hunter Junior High powered by UTOPIA Fiber,40.689068,-112.03574,2022-08-08 03:30:00
1659930000,83919,31.2,76.8,8.906,Hunter Junior High powered by UTOPIA Fiber,40.689068,-112.03574,2022-08-08 03:40:00
1659930600,83919,30.8,76.2,8.78,Hunter Junior High powered by UTOPIA Fiber,40.689068,-112.03574,2022-08-08 03:50:00
1659931200,83919,30.0,76.8,9.218,Hunter Junior High powered by UTOPIA Fiber,40.689068,-112.03574,2022-08-08 04:00:00
1659931800,83919,29.2,76.0,9.002,Hunter Junior High powered by UTOPIA Fiber,40.689068,-112.03574,2022-08-08 04:10:00
1659932400,83919,29.0,76.0,9.41,Hunter Junior High powered by UTOPIA Fiber,40.689068,-112.03574,2022-08-08 04:20:00
1659933000,83919,29.2,76.0,9.156,Hunter Junior High powered by UTOPIA Fiber,40.689068,-112.03574,2022-08-08 04:30:00
1659933600,83919,29.0,76.6,10.918,Hunter Junior High powered by UTOPIA Fiber,40.689068,-112.03574,2022-08-08 04:40:00
1659934200,83919,28.2,76.2,9.642,Hunter Junior High powered by UTOPIA Fiber,40.689068,-112.03574,2022-08-08 04:50:00
1659934800,83919,27.2,76.2,9.282,Hunter Junior High powered by UTOPIA Fiber,40.689068,-112.03574,2022-08-08 05:00:00
1659935400,83919,27.8,76.0,9.184,Hunter Junior High powered by UTOPIA Fiber,40.689068,-112.03574,2022-08-08 05:10:00
1659936000,83919,30.0,75.8,9.544,Hunter Junior High powered by UTOPIA Fiber,40.689068,-112.03574,2022-08-08 05:20:00
1659936600,83919,30.4,75.6,9.452,Hunter Junior High powered by UTOPIA Fiber,40.689068,-112.03574,2022-08-08 05:30:00
1659937200,83919,30.2,75.8,9.272,Hunter Junior High powered by UTOPIA Fiber,40.689068,-112.03574,2022-08-08 05:40:00
1659937800,83919,30.2,75.0,8.872,Hunter Junior High powered by UTOPIA Fiber,40.689068,-112.03574,2022-08-08 05:50:00
1659938400,83919,31.0,74.6,8.872,Hunter Junior High powered by UTOPIA Fiber,40.689068,-112.03574,2022-08-08 06:00:00
1659939000,83919,32.0,74.0,8.368,Hunter Junior High powered by UTOPIA Fiber,40.689068,-112.03574,2022-08-08 06:10:00
1659939600,83919,32.0,74.0,8.512,Hunter Junior High powered by UTOPIA Fiber,40.689068,-112.03574,2022-08-08 06:20:00
1659940200,83919,32.0,74.4,8.49,Hunter Junior High powered by UTOPIA Fiber,40.689068,-112.03574,2022-08-08 06:30:00
1659940800,83919,32.8,74.6,9.198,Hunter Junior High powered by UTOPIA Fiber,40.689068,-112.03574,2022-08-08 06:40:00
1659941400,83919,32.0,74.8,9.284,Hunter Junior High powered by UTOPIA Fiber,40.689068,-112.03574,2022-08-08 06:50:00
1659942000,83919,32.0,74.6,9.09,Hunter Junior High powered by UTOPIA Fiber,40.689068,-112.03574,2022-08-08 07:00:00
1659942600,83919,31.6,74.2,9.284,Hunter Junior High powered by UTOPIA Fiber,40.689068,-112.03574,2022-08-08 07:10:00
1659943200,83919,31.4,74.6,8.312,Hunter Junior High powered by UTOPIA Fiber,40.689068,-112.03574,2022-08-08 07:20:00
1659943800,83919,32.0,74.0,8.276,Hunter Junior High powered by UTOPIA Fiber,40.689068,-112.03574,2022-08-08 07:30:00
1659944400,83919,32.8,74.2,8.084,Hunter Junior High powered by UTOPIA Fiber,40.689068,-112.03574,2022-08-08 07:40:00
1659945000,83919,33.4,74.0,8.274,Hunter Junior High powered by UTOPIA Fiber,40.689068,-112.03574,2022-08-08 07:50:00
1659945600,83919,33.2,73.8,8.112,Hunter Junior High powered by UTOPIA Fiber,40.689068,-112.03574,2022-08-08 08:00:00
1659946200,83919,33.8,73.0,7.826,Hunter Junior High powered by UTOPIA Fiber,40.689068,-112.03574,2022-08-08 08:10:00
1659946800,83919,34.0,72.8,9.6,Hunter Junior High powered by UTOPIA Fiber,40.689068,-112.03574,2022-08-08 08:20:00
1659947400,83919,34.6,72.0,8.256,Hunter Junior High powered by UTOPIA Fiber,40.689068,-112.03574,2022-08-08 08:30:00
1659948000,83919,35.0,72.0,8.242,Hunter Junior High powered by UTOPIA Fiber,40.689068,-112.03574,2022-08-08 08:40:00
1659948600,83919,35.0,72.0,7.644,Hunter Junior High powered by UTOPIA Fiber,40.689068,-112.03574,2022-08-08 08:50:00
1659949200,83919,35.4,72.0,8.372,Hunter Junior High powered by UTOPIA Fiber,40.689068,-112.03574,2022-08-08 09:00:00
1659949800,83919,36.0,71.6,7.95,Hunter Junior High powered by UTOPIA Fiber,40.689068,-112.03574,2022-08-08 09:10:00
1659950400,83919,36.4,71.6,7.69,Hunter Junior High powered by UTOPIA Fiber,40.689068,-112.03574,2022-08-08 09:20:00
1659951000,83919,36.0,72.0,7.976,Hunter Junior High powered by UTOPIA Fiber,40.689068,-112.03574,2022-08-08 09:30:00
1659951600,83919,36.0,72.0,8.484,Hunter Junior High powered by UTOPIA Fiber,40.689068,-112.03574,2022-08-08 09:40:00
1659952200,83919,37.6,72.0,10.454,Hunter Junior High powered by UTOPIA Fiber,40.689068,-112.03574,2022-08-08 09:50:00
1659952800,83919,37.4,72.0,10.308,Hunter Junior High powered by UTOPIA Fiber,40.689068,-112.03574,2022-08-08 10:00:00
1659953400,83919,37.8,71.6,10.258,Hunter Junior High powered by UTOPIA Fiber,40.689068,-112.03574,2022-08-08 10:10:00
1659954000,83919,38.0,71.0,9.954,Hunter Junior High powered by UTOPIA Fiber,40.689068,-112.03574,2022-08-08 10:20:00
1659954600,83919,38.0,71.0,9.92,Hunter Junior High powered by UTOPIA Fiber,40.689068,-112.03574,2022-08-08 10:30:00
1659955200,83919,37.0,71.0,9.492,Hunter Junior High powered by UTOPIA Fiber,40.689068,-112.03574,2022-08-08 10:40:00
1659955800,83919,34.8,71.4,8.822,Hunter Junior High powered by UTOPIA Fiber,40.689068,-112.03574,2022-08-08 10:50:00
1659956400,83919,33.6,72.0,8.602,Hunter Junior High powered by UTOPIA Fiber,40.689068,-112.03574,2022-08-08 11:00:00
1659957000,83919,33.6,72.0,8.996,Hunter Junior High powered by UTOPIA Fiber,40.689068,-112.03574,2022-08-08 11:10:00
1659957600,83919,33.0,72.0,9.182,Hunter Junior High powered by UTOPIA Fiber,40.689068,-112.03574,2022-08-08 11:20:00
1659958200,83919,34.4,71.6,9.338,Hunter Junior High powered by UTOPIA Fiber,40.689068,-112.03574,2022-08-08 11:30:00
1659958800,83919,34.6,71.0,8.446,Hunter Junior High powered by UTOPIA Fiber,40.689068,-112.03574,2022-08-08 11:40:00
1659959400,83919,34.2,71.0,8.948,Hunter Junior High powered by UTOPIA Fiber,40.689068,-112.03574,2022-08-08 11:50:00
1659960000,83919,35.4,71.0,9.99,Hunter Junior High powered by UTOPIA Fiber,40.689068,-112.03574,2022-08-08 12:00:00
1659960600,83919,37.2,70.6,10.782,Hunter Junior High powered by UTOPIA Fiber,40.689068,-112.03574,2022-08-08 12:10:00
1659961200,83919,39.6,69.4,12.368,Hunter Junior High powered by UTOPIA Fiber,40.689068,-112.03574,2022-08-08 12:20:00
1659961800,83919,41.0,69.0,12.536,Hunter Junior High powered by UTOPIA Fiber,40.689068,-112.03574,2022-08-08 12:30:00
1659962400,83919,41.0,69.0,13.546,Hunter Junior High powered by UTOPIA Fiber,40.689068,-112.03574,2022-08-08 12:40:00
1659963000,83919,41.8,69.0,15.076,Hunter Junior High powered by UTOPIA Fiber,40.689068,-112.03574,2022-08-08 12:50:00
1659963600,83919,42.6,68.8,15.456,Hunter Junior High powered by UTOPIA Fiber,40.689068,-112.03574,2022-08-08 13:00:00
1659964200,83919,42.0,69.0,16.21,Hunter Junior High powered by UTOPIA Fiber,40.689068,-112.03574,2022-08-08 13:10:00
1659964800,83919,41.6,69.6,13.892,Hunter Junior High powered by UTOPIA Fiber,40.689068,-112.03574,2022-08-08 13:20:00
1659965400,83919,43.4,70.2,14.356,Hunter Junior High powered by UTOPIA Fiber,40.689068,-112.03574,2022-08-08 13:30:00
1659966000,83919,43.0,71.0,15.128,Hunter Junior High powered by UTOPIA Fiber,40.689068,-112.03574,2022-08-08 13:40:00
1659966600,83919,43.4,71.6,13.584,Hunter Junior High powered by UTOPIA Fiber,40.689068,-112.03574,2022-08-08 13:50:00
1659967200,83919,41.8,72.4,12.342,Hunter Junior High powered by UTOPIA Fiber,40.689068,-112.03574,2022-08-08 14:00:00
1659967800,83919,36.2,73.8,10.946,Hunter Junior High powered by UTOPIA Fiber,40.689068,-112.03574,2022-08-08 14:10:00
1659968400,83919,36.8,75.2,10.65,Hunter Junior High powered by UTOPIA Fiber,40.689068,-112.03574,2022-08-08 14:20:00
1659969000,83919,36.0,76.2,10.712,Hunter Junior High powered by UTOPIA Fiber,40.689068,-112.03574,2022-08-08 14:30:00
1659969600,83919,35.4,77.0,11.044,Hunter Junior High powered by UTOPIA Fiber,40.689068,-112.03574,2022-08-08 14:40:00
1659970200,83919,35.6,77.6,10.944,Hunter Junior High powered by UTOPIA Fiber,40.689068,-112.03574,2022-08-08 14:50:00
1659970800,83919,35.0,78.4,11.034,Hunter Junior High powered by UTOPIA Fiber,40.689068,-112.03574,2022-08-08 15:00:00
1659971400,83919,34.2,79.2,10.866,Hunter Junior High powered by UTOPIA Fiber,40.689068,-112.03574,2022-08-08 15:10:00
1659972000,83919,32.8,80.0,10.954,Hunter Junior High powered by UTOPIA Fiber,40.689068,-112.03574,2022-08-08 15:20:00
1659972600,83919,31.2,81.0,10.836,Hunter Junior High powered by UTOPIA Fiber,40.689068,-112.03574,2022-08-08 15:30:00
1659973200,83919,29.8,82.0,11.048,Hunter Junior High powered by UTOPIA Fiber,40.689068,-112.03574,2022-08-08 15:40:00
1659973800,83919,29.4,82.6,10.574,Hunter Junior High powered by UTOPIA Fiber,40.689068,-112.03574,2022-08-08 15:50:00
1659974400,83919,27.8,83.2,10.74,Hunter Junior High powered by UTOPIA Fiber,40.689068,-112.03574,2022-08-08 16:00:00
1659975000,83919,27.4,84.0,10.714,Hunter Junior High powered by UTOPIA Fiber,40.689068,-112.03574,2022-08-08 16:10:00
1659975600,83919,27.2,85.4,10.828,Hunter Junior High powered by UTOPIA Fiber,40.689068,-112.03574,2022-08-08 16:20:00
1659976200,83919,26.2,86.4,10.282,Hunter Junior High powered by UTOPIA Fiber,40.689068,-112.03574,2022-08-08 16:30:00
1659976800,83919,24.8,88.0,10.158,Hunter Junior High powered by UTOPIA Fiber,40.689068,-112.03574,2022-08-08 16:40:00
1659977400,83919,24.0,89.6,10.338,Hunter Junior High powered by UTOPIA Fiber,40.689068,-112.03574,2022-08-08 16:50:00
1659978000,83919,21.8,90.2,8.918,Hunter Junior High powered by UTOPIA Fiber,40.689068,-112.03574,2022-08-08 17:00:00
1659978600,83919,20.2,91.0,8.748,Hunter Junior High powered by UTOPIA Fiber,40.689068,-112.03574,2022-08-08 17:10:00
1659979200,83919,20.2,92.2,8.748,Hunter Junior High powered by UTOPIA Fiber,40.689068,-112.03574,2022-08-08 17:20:00
1659979800,83919,18.4,93.4,8.448,Hunter Junior High powered by UTOPIA Fiber,40.689068,-112.03574,2022-08-08 17:30:00
1659980400,83919,17.0,94.4,7.8,Hunter Junior High powered by UTOPIA Fiber,40.689068,-112.03574,2022-08-08 17:40:00
1659981000,83919,15.6,95.0,7.622,Hunter Junior High powered by UTOPIA Fiber,40.689068,-112.03574,2022-08-08 17:50:00
1659981600,83919,15.2,95.6,7.308,Hunter Junior High powered by UTOPIA Fiber,40.689068,-112.03574,2022-08-08 18:00:00
1659982200,83919,14.8,96.8,7.636,Hunter Junior High powered by UTOPIA Fiber,40.689068,-112.03574,2022-08-08 18:10:00
1659982800,83919,14.2,97.6,7.516,Hunter Junior High powered by UTOPIA Fiber,40.689068,-112.03574,2022-08-08 18:20:00
1659983400,83919,13.2,97.4,7.278,Hunter Junior High powered by UTOPIA Fiber,40.689068,-112.03574,2022-08-08 18:30:00
1659984000,83919,14.2,97.0,7.822,Hunter Junior High powered by UTOPIA Fiber,40.689068,-112.03574,2022-08-08 18:40:00
1659984600,83919,14.0,97.0,8.476,Hunter Junior High powered by UTOPIA Fiber,40.689068,-112.03574,2022-08-08 18:50:00
1659985200,83919,14.2,97.6,8.478,Hunter Junior High powered by UTOPIA Fiber,40.689068,-112.03574,2022-08-08 19:00:00
1659985800,83919,12.8,98.0,8.814,Hunter Junior High powered by UTOPIA Fiber,40.689068,-112.03574,2022-08-08 19:10:00
1659986400,83919,13.6,99.2,8.462,Hunter Junior High powered by UTOPIA Fiber,40.689068,-112.03574,2022-08-08 19:20:00
1659987000,83919,13.0,100.2,8.4,Hunter Junior High powered by UTOPIA Fiber,40.689068,-112.03574,2022-08-08 19:30:00
1659987600,83919,12.4,100.2,8.364,Hunter Junior High powered by UTOPIA Fiber,40.689068,-112.03574,2022-08-08 19:40:00
1659988200,83919,11.4,100.8,7.55,Hunter Junior High powered by UTOPIA Fiber,40.689068,-112.03574,2022-08-08 19:50:00
1659988800,83919,11.0,101.6,7.128,Hunter Junior High powered by UTOPIA Fiber,40.689068,-112.03574,2022-08-08 20:00:00
1659989400,83919,10.4,102.6,6.496,Hunter Junior High powered by UTOPIA Fiber,40.689068,-112.03574,2022-08-08 20:10:00
1659990000,83919,9.6,103.8,6.286,Hunter Junior High powered by UTOPIA Fiber,40.689068,-112.03574,2022-08-08 20:20:00
1659990600,83919,9.4,104.0,6.038,Hunter Junior High powered by UTOPIA Fiber,40.689068,-112.03574,2022-08-08 20:30:00
1659991200,83919,9.0,104.4,6.154,Hunter Junior High powered by UTOPIA Fiber,40.689068,-112.03574,2022-08-08 20:40:00
1659991800,83919,9.6,105.4,6.488,Hunter Junior High powered by UTOPIA Fiber,40.689068,-112.03574,2022-08-08 20:50:00
1659992400,83919,9.6,105.8,6.744,Hunter Junior High powered by UTOPIA Fiber,40.689068,-112.03574,2022-08-08 21:00:00
1659993000,83919,8.6,105.8,6.172,Hunter Junior High powered by UTOPIA Fiber,40.689068,-112.03574,2022-08-08 21:10:00
1659993600,83919,9.2,103.2,6.51,Hunter Junior High powered by UTOPIA Fiber,40.689068,-112.03574,2022-08-08 21:20:00
1659994200,83919,10.8,101.4,7.458,Hunter Junior High powered by UTOPIA Fiber,40.689068,-112.03574,2022-08-08 21:30:00
1659994800,83919,10.6,100.2,7.204,Hunter Junior High powered by UTOPIA Fiber,40.689068,-112.03574,2022-08-08 21:40:00
1659995400,83919,10.0,98.4,6.296,Hunter Junior High powered by UTOPIA Fiber,40.689068,-112.03574,2022-08-08 21:50:00
1659996000,83919,10.6,97.2,6.674,Hunter Junior High powered by UTOPIA Fiber,40.689068,-112.03574,2022-08-08 22:00:00
1659996600,83919,11.0,96.6,6.276,Hunter Junior High powered by UTOPIA Fiber,40.689068,-112.03574,2022-08-08 22:10:00
1659997200,83919,11.0,96.2,6.178,Hunter Junior High powered by UTOPIA Fiber,40.689068,-112.03574,2022-08-08 22:20:00
1659997800,83919,11.0,96.0,6.544,Hunter Junior High powered by UTOPIA Fiber,40.689068,-112.03574,2022-08-08 22:30:00
1659998400,83919,10.8,96.4,6.498,Hunter Junior High powered by UTOPIA Fiber,40.689068,-112.03574,2022-08-08 22:40:00
1659999000,83919,10.0,96.2,6.69,Hunter Junior High powered by UTOPIA Fiber,40.689068,-112.03574,2022-08-08 22:50:00
1659999600,83919,9.8,96.0,5.74,Hunter Junior High powered by UTOPIA Fiber,40.689068,-112.03574,2022-08-08 23:00:00
1660000200,83919,10.0,96.6,5.954,Hunter Junior High powered by UTOPIA Fiber,40.689068,-112.03574,2022-08-08 23:10:00
1660000800,83919,10.0,96.8,5.522,Hunter Junior High powered by UTOPIA Fiber,40.689068,-112.03574,2022-08-08 23:20:00
1660001400,83919,11.2,97.0,6.546,Hunter Junior High powered by UTOPIA Fiber,40.689068,-112.03574,2022-08-08 23:30:00
1660002000,83919,11.2,97.0,6.23,Hunter Junior High powered by UTOPIA Fiber,40.689068,-112.03574,2022-08-08 23:40:00
1660002600,83919,11.0,98.2,6.304,Hunter Junior High powered by UTOPIA Fiber,40.689068,-112.03574,2022-08-08 23:50:00
1660003200,83919,11.6,98.0,6.818,Hunter Junior High powered by UTOPIA Fiber,40.689068,-112.03574,2022-08-09 00:00:00
1660003800,83919,11.6,97.0,6.81,Hunter Junior High powered by UTOPIA Fiber,40.689068,-112.03574,2022-08-09 00:10:00
1660004400,83919,11.4,99.4,6.69,Hunter Junior High powered by UTOPIA Fiber,40.689068,-112.03574,2022-08-09 00:20:00
1660005000,83919,11.2,99.0,6.732,Hunter Junior High powered by UTOPIA Fiber,40.689068,-112.03574,2022-08-09 00:30:00
1660005600,83919,11.2,98.6,7.026,Hunter Junior High powered by UTOPIA Fiber,40.689068,-112.03574,2022-08-09 00:40:00
1660006200,83919,11.2,97.6,6.77,Hunter Junior High powered by UTOPIA Fiber,40.689068,-112.03574,2022-08-09 00:50:00
1660006800,83919,11.6,97.0,6.494,Hunter Junior High powered by UTOPIA Fiber,40.689068,-112.03574,2022-08-09 01:00:00
1660007400,83919,10.8,97.0,5.368,Hunter Junior High powered by UTOPIA Fiber,40.689068,-112.03574,2022-08-09 01:10:00
1660008000,83919,11.0,97.0,5.622,Hunter Junior High powered by UTOPIA Fiber,40.689068,-112.03574,2022-08-09 01:20:00
1660008600,83919,10.6,98.0,5.364,Hunter Junior High powered by UTOPIA Fiber,40.689068,-112.03574,2022-08-09 01:30:00
1660009200,83919,9.4,98.2,5.918,Hunter Junior High powered by UTOPIA Fiber,40.689068,-112.03574,2022-08-09 01:40:00
1660009800,83919,10.8,96.6,6.32,Hunter Junior High powered by UTOPIA Fiber,40.689068,-112.03574,2022-08-09 01:50:00
1660010400,83919,11.8,95.2,6.346,Hunter Junior High powered by UTOPIA Fiber,40.689068,-112.03574,2022-08-09 02:00:00
1660011000,83919,12.4,93.8,6.298,Hunter Junior High powered by UTOPIA Fiber,40.689068,-112.03574,2022-08-09 02:10:00
1660011600,83919,15.0,91.0,6.948,Hunter Junior High powered by UTOPIA Fiber,40.689068,-112.03574,2022-08-09 02:20:00
1660012200,83919,17.2,87.4,5.862,Hunter Junior High powered by UTOPIA Fiber,40.689068,-112.03574,2022-08-09 02:30:00
1660012800,83919,18.4,84.8,6.182,Hunter Junior High powered by UTOPIA Fiber,40.689068,-112.03574,2022-08-09 02:40:00
1660013400,83919,19.8,82.6,5.936,Hunter Junior High powered by UTOPIA Fiber,40.689068,-112.03574,2022-08-09 02:50:00
1660014000,83919,20.2,81.4,6.068,Hunter Junior High powered by UTOPIA Fiber,40.689068,-112.03574,2022-08-09 03:00:00
1660014600,83919,20.8,81.0,6.514,Hunter Junior High powered by UTOPIA Fiber,40.689068,-112.03574,2022-08-09 03:10:00
1660015200,83919,21.0,81.0,6.794,Hunter Junior High powered by UTOPIA Fiber,40.689068,-112.03574,2022-08-09 03:20:00
1660015800,83919,21.4,80.4,6.178,Hunter Junior High powered by UTOPIA Fiber,40.689068,-112.03574,2022-08-09 03:30:00
1660016400,83919,21.8,80.0,6.204,Hunter Junior High powered by UTOPIA Fiber,40.689068,-112.03574,2022-08-09 03:40:00
1660017000,83919,22.0,79.6,6.074,Hunter Junior High powered by UTOPIA Fiber,40.689068,-112.03574,2022-08-09 03:50:00
1660017600,83919,22.0,79.0,6.424,Hunter Junior High powered by UTOPIA Fiber,40.689068,-112.03574,2022-08-09 04:00:00
1660018200,83919,22.0,79.0,6.656,Hunter Junior High powered by UTOPIA Fiber,40.689068,-112.03574,2022-08-09 04:10:00
1660018800,83919,21.8,79.2,6.11,Hunter Junior High powered by UTOPIA Fiber,40.689068,-112.03574,2022-08-09 04:20:00
1660019400,83919,22.2,79.0,6.596,Hunter Junior High powered by UTOPIA Fiber,40.689068,-112.03574,2022-08-09 04:30:00
1660020000,83919,23.4,78.2,6.946,Hunter Junior High powered by UTOPIA Fiber,40.689068,-112.03574,2022-08-09 04:40:00
1660020600,83919,24.0,78.0,6.93,Hunter Junior High powered by UTOPIA Fiber,40.689068,-112.03574,2022-08-09 04:50:00
1660021200,83919,24.0,78.0,6.838,Hunter Junior High powered by UTOPIA Fiber,40.689068,-112.03574,2022-08-09 05:00:00
1660021800,83919,23.4,79.0,7.576,Hunter Junior High powered by UTOPIA Fiber,40.689068,-112.03574,2022-08-09 05:10:00
1660022400,83919,22.6,79.2,7.746,Hunter Junior High powered by UTOPIA Fiber,40.689068,-112.03574,2022-08-09 05:20:00
1660023000,83919,23.8,79.6,7.632,Hunter Junior High powered by UTOPIA Fiber,40.689068,-112.03574,2022-08-09 05:30:00
1660023600,83919,30.6,78.2,7.836,Hunter Junior High powered by UTOPIA Fiber,40.689068,-112.03574,2022-08-09 05:40:00
1660024200,83919,33.6,75.4,7.956,Hunter Junior High powered by UTOPIA Fiber,40.689068,-112.03574,2022-08-09 05:50:00
1660024800,83919,34.8,72.6,8.266,Hunter Junior High powered by UTOPIA Fiber,40.689068,-112.03574,2022-08-09 06:00:00
1660025400,83919,37.0,71.4,8.18,Hunter Junior High powered by UTOPIA Fiber,40.689068,-112.03574,2022-08-09 06:10:00
1660026000,83919,37.2,71.0,8.01,Hunter Junior High powered by UTOPIA Fiber,40.689068,-112.03574,2022-08-09 06:20:00
1660026600,83919,36.4,70.4,8.056,Hunter Junior High powered by UTOPIA Fiber,40.689068,-112.03574,2022-08-09 06:30:00
1660027200,83919,35.4,71.6,8.286,Hunter Junior High powered by UTOPIA Fiber,40.689068,-112.03574,2022-08-09 06:40:00
1660027800,83919,34.8,72.4,8.69,Hunter Junior High powered by UTOPIA Fiber,40.689068,-112.03574,2022-08-09 06:50:00
1660028400,83919,34.2,73.4,8.902,Hunter Junior High powered by UTOPIA Fiber,40.689068,-112.03574,2022-08-09 07:00:00
1660029000,83919,34.0,74.0,9.402,Hunter Junior High powered by UTOPIA Fiber,40.689068,-112.03574,2022-08-09 07:10:00
1660029600,83919,34.6,74.0,9.246,Hunter Junior High powered by UTOPIA Fiber,40.689068,-112.03574,2022-08-09 07:20:00
1660030200,83919,32.2,74.0,9.49,Hunter Junior High powered by UTOPIA Fiber,40.689068,-112.03574,2022-08-09 07:30:00
1660030800,83919,30.2,74.8,9.002,Hunter Junior High powered by UTOPIA Fiber,40.689068,-112.03574,2022-08-09 07:40:00
1660031400,83919,32.2,74.2,8.888,Hunter Junior High powered by UTOPIA Fiber,40.689068,-112.03574,2022-08-09 07:50:00
1660032000,83919,33.0,73.4,8.936,Hunter Junior High powered by UTOPIA Fiber,40.689068,-112.03574,2022-08-09 08:00:00
1660032600,83919,33.0,72.8,9.29,Hunter Junior High powered by UTOPIA Fiber,40.689068,-112.03574,2022-08-09 08:10:00
1660033200,83919,32.4,72.4,10.014,Hunter Junior High powered by UTOPIA Fiber,40.689068,-112.03574,2022-08-09 08:20:00
1660033800,83919,31.2,73.0,8.486,Hunter Junior High powered by UTOPIA Fiber,40.689068,-112.03574,2022-08-09 08:30:00
1660034400,83919,31.0,73.6,8.478,Hunter Junior High powered by UTOPIA Fiber,40.689068,-112.03574,2022-08-09 08:40:00
1660035000,83919,31.2,73.6,10.088,Hunter Junior High powered by UTOPIA Fiber,40.689068,-112.03574,2022-08-09 08:50:00
1660035600,83919,31.8,73.4,9.388,Hunter Junior High powered by UTOPIA Fiber,40.689068,-112.03574,2022-08-09 09:00:00
1660036200,83919,29.6,74.0,8.95,Hunter Junior High powered by UTOPIA Fiber,40.689068,-112.03574,2022-08-09 09:10:00
1660036800,83919,27.8,74.6,7.86,Hunter Junior High powered by UTOPIA Fiber,40.689068,-112.03574,2022-08-09 09:20:00
1660037400,83919,27.6,75.0,7.774,Hunter Junior High powered by UTOPIA Fiber,40.689068,-112.03574,2022-08-09 09:30:00
1660038000,83919,27.6,75.0,7.31,Hunter Junior High powered by UTOPIA Fiber,40.689068,-112.03574,2022-08-09 09:40:00
1660038600,83919,27.2,75.0,7.896,Hunter Junior High powered by UTOPIA Fiber,40.689068,-112.03574,2022-08-09 09:50:00
1660039200,83919,27.6,75.0,13.088,Hunter Junior High powered by UTOPIA Fiber,40.689068,-112.03574,2022-08-09 10:00:00
1660039800,83919,27.8,74.2,7.25,Hunter Junior High powered by UTOPIA Fiber,40.689068,-112.03574,2022-08-09 10:10:00
1660040400,83919,26.8,74.0,7.018,Hunter Junior High powered by UTOPIA Fiber,40.689068,-112.03574,2022-08-09 10:20:00
1660041000,83919,28.6,74.6,6.826,Hunter Junior High powered by UTOPIA Fiber,40.689068,-112.03574,2022-08-09 10:30:00
1660041600,83919,30.2,74.0,7.694,Hunter Junior High powered by UTOPIA Fiber,40.689068,-112.03574,2022-08-09 10:40:00
1660042200,83919,31.2,73.4,10.964,Hunter Junior High powered by UTOPIA Fiber,40.689068,-112.03574,2022-08-09 10:50:00
1660042800,83919,32.4,73.0,9.224,Hunter Junior High powered by UTOPIA Fiber,40.689068,-112.03574,2022-08-09 11:00:00
1660043400,83919,33.4,72.6,8.558,Hunter Junior High powered by UTOPIA Fiber,40.689068,-112.03574,2022-08-09 11:10:00
1660044000,83919,35.4,71.2,8.316,Hunter Junior High powered by UTOPIA Fiber,40.689068,-112.03574,2022-08-09 11:20:00
1660044600,83919,35.2,71.0,8.572,Hunter Junior High powered by UTOPIA Fiber,40.689068,-112.03574,2022-08-09 11:30:00
1660045200,83919,34.0,71.6,8.56,Hunter Junior High powered by UTOPIA Fiber,40.689068,-112.03574,2022-08-09 11:40:00
1660045800,83919,33.0,72.0,8.826,Hunter Junior High powered by UTOPIA Fiber,40.689068,-112.03574,2022-08-09 11:50:00
1660046400,83919,30.4,72.0,9.282,Hunter Junior High powered by UTOPIA Fiber,40.689068,-112.03574,2022-08-09 12:00:00
1660047000,83919,29.6,73.0,8.528,Hunter Junior High powered by UTOPIA Fiber,40.689068,-112.03574,2022-08-09 12:10:00
1660047600,83919,28.2,73.0,8.24,Hunter Junior High powered by UTOPIA Fiber,40.689068,-112.03574,2022-08-09 12:20:00
1660048200,83919,27.4,73.0,8.236,Hunter Junior High powered by UTOPIA Fiber,40.689068,-112.03574,2022-08-09 12:30:00
1660048800,83919,26.2,74.0,7.542,Hunter Junior High powered by UTOPIA Fiber,40.689068,-112.03574,2022-08-09 12:40:00
1660049400,83919,26.4,74.0,8.136,Hunter Junior High powered by UTOPIA Fiber,40.689068,-112.03574,2022-08-09 12:50:00
1660050000,83919,26.0,74.0,8.652,Hunter Junior High powered by UTOPIA Fiber,40.689068,-112.03574,2022-08-09 13:00:00
1660050600,83919,27.8,74.6,7.958,Hunter Junior High powered by UTOPIA Fiber,40.689068,-112.03574,2022-08-09 13:10:00
1660051200,83919,28.2,75.0,7.64,Hunter Junior High powered by UTOPIA Fiber,40.689068,-112.03574,2022-08-09 13:20:00
1660051800,83919,31.4,75.2,7.92,Hunter Junior High powered by UTOPIA Fiber,40.689068,-112.03574,2022-08-09 13:30:00
1660052400,83919,31.2,75.0,8.616,Hunter Junior High powered by UTOPIA Fiber,40.689068,-112.03574,2022-08-09 13:40:00
1660053000,83919,30.6,75.4,8.624,Hunter Junior High powered by UTOPIA Fiber,40.689068,-112.03574,2022-08-09 13:50:00
1660053600,83919,29.6,76.2,8.244,Hunter Junior High powered by UTOPIA Fiber,40.689068,-112.03574,2022-08-09 14:00:00
1660054200,83919,27.2,77.0,7.364,Hunter Junior High powered by UTOPIA Fiber,40.689068,-112.03574,2022-08-09 14:10:00
1660054800,83919,25.8,78.0,7.506,Hunter Junior High powered by UTOPIA Fiber,40.689068,-112.03574,2022-08-09 14:20:00
1660055400,83919,25.0,78.6,7.314,Hunter Junior High powered by UTOPIA Fiber,40.689068,-112.03574,2022-08-09 14:30:00
1660056000,83919,25.0,79.8,7.344,Hunter Junior High powered by UTOPIA Fiber,40.689068,-112.03574,2022-08-09 14:40:00
1660056600,83919,23.8,80.8,7.056,Hunter Junior High powered by UTOPIA Fiber,40.689068,-112.03574,2022-08-09 14:50:00
1660057200,83919,23.0,81.6,7.296,Hunter Junior High powered by UTOPIA Fiber,40.689068,-112.03574,2022-08-09 15:00:00
1660057800,83919,22.2,82.4,7.312,Hunter Junior High powered by UTOPIA Fiber,40.689068,-112.03574,2022-08-09 15:10:00
1660058400,83919,22.0,83.4,7.232,Hunter Junior High powered by UTOPIA Fiber,40.689068,-112.03574,2022-08-09 15:20:00
1660059000,83919,20.6,84.0,7.282,Hunter Junior High powered by UTOPIA Fiber,40.689068,-112.03574,2022-08-09 15:30:00
1660059600,83919,20.4,84.8,7.282,Hunter Junior High powered by UTOPIA Fiber,40.689068,-112.03574,2022-08-09 15:40:00
1660060200,83919,20.6,85.6,6.732,Hunter Junior High powered by UTOPIA Fiber,40.689068,-112.03574,2022-08-09 15:50:00
1660060800,83919,20.0,86.2,7.098,Hunter Junior High powered by UTOPIA Fiber,40.689068,-112.03574,2022-08-09 16:00:00
1660061400,83919,18.4,87.4,7.368,Hunter Junior High powered by UTOPIA Fiber,40.689068,-112.03574,2022-08-09 16:10:00
1660062000,83919,18.4,88.6,7.09,Hunter Junior High powered by UTOPIA Fiber,40.689068,-112.03574,2022-08-09 16:20:00
1660062600,83919,16.8,89.6,6.84,Hunter Junior High powered by UTOPIA Fiber,40.689068,-112.03574,2022-08-09 16:30:00
1660063200,83919,16.8,90.8,7.054,Hunter Junior High powered by UTOPIA Fiber,40.689068,-112.03574,2022-08-09 16:40:00
1660063800,83919,16.2,91.8,6.788,Hunter Junior High powered by UTOPIA Fiber,40.689068,-112.03574,2022-08-09 16:50:00
1660064400,83919,15.0,93.4,6.792,Hunter Junior High powered by UTOPIA Fiber,40.689068,-112.03574,2022-08-09 17:00:00
1660065000,83919,15.4,94.6,6.68,Hunter Junior High powered by UTOPIA Fiber,40.689068,-112.03574,2022-08-09 17:10:00
1660065600,83919,14.4,96.0,7.07,Hunter Junior High powered by UTOPIA Fiber,40.689068,-112.03574,2022-08-09 17:20:00
1660066200,83919,13.4,96.0,7.138,Hunter Junior High powered by UTOPIA Fiber,40.689068,-112.03574,2022-08-09 17:30:00
1660066800,83919,13.8,97.0,7.09,Hunter Junior High powered by UTOPIA Fiber,40.689068,-112.03574,2022-08-09 17:40:00
1660067400,83919,14.0,98.0,7.214,Hunter Junior High powered by UTOPIA Fiber,40.689068,-112.03574,2022-08-09 17:50:00
1660068000,83919,13.8,98.8,7.31,Hunter Junior High powered by UTOPIA Fiber,40.689068,-112.03574,2022-08-09 18:00:00
1660068600,83919,14.4,99.6,7.06,Hunter Junior High powered by UTOPIA Fiber,40.689068,-112.03574,2022-08-09 18:10:00
1660069200,83919,13.4,100.0,6.79,Hunter Junior High powered by UTOPIA Fiber,40.689068,-112.03574,2022-08-09 18:20:00
1660069800,83919,13.0,99.6,7.2,Hunter Junior High powered by UTOPIA Fiber,40.689068,-112.03574,2022-08-09 18:30:00
1660070400,83919,14.2,100.0,7.872,Hunter Junior High powered by UTOPIA Fiber,40.689068,-112.03574,2022-08-09 18:40:00
1660071000,83919,13.6,100.2,7.93,Hunter Junior High powered by UTOPIA Fiber,40.689068,-112.03574,2022-08-09 18:50:00
1660071600,83919,13.4,101.0,8.256,Hunter Junior High powered by UTOPIA Fiber,40.689068,-112.03574,2022-08-09 19:00:00
1660072200,83919,11.6,101.0,8.198,Hunter Junior High powered by UTOPIA Fiber,40.689068,-112.03574,2022-08-09 19:10:00
1660072800,83919,11.0,102.0,7.166,Hunter Junior High powered by UTOPIA Fiber,40.689068,-112.03574,2022-08-09 19:20:00
1660073400,83919,10.6,102.8,5.416,Hunter Junior High powered by UTOPIA Fiber,40.689068,-112.03574,2022-08-09 19:30:00
1660074000,83919,8.2,104.2,5.574,Hunter Junior High powered by UTOPIA Fiber,40.689068,-112.03574,2022-08-09 19:40:00
1660074600,83919,8.0,104.8,5.55,Hunter Junior High powered by UTOPIA Fiber,40.689068,-112.03574,2022-08-09 19:50:00
1660075200,83919,9.8,106.0,5.768,Hunter Junior High powered by UTOPIA Fiber,40.689068,-112.03574,2022-08-09 20:00:00
1660075800,83919,7.2,107.2,5.53,Hunter Junior High powered by UTOPIA Fiber,40.689068,-112.03574,2022-08-09 20:10:00
1660076400,83919,8.0,108.4,5.4,Hunter Junior High powered by UTOPIA Fiber,40.689068,-112.03574,2022-08-09 20:20:00
1660077000,83919,7.4,108.8,6.186,Hunter Junior High powered by UTOPIA Fiber,40.689068,-112.03574,2022-08-09 20:30:00
1660077600,83919,7.0,108.8,6.566,Hunter Junior High powered by UTOPIA Fiber,40.689068,-112.03574,2022-08-09 20:40:00
1660078200,83919,7.2,109.2,5.382,Hunter Junior High powered by UTOPIA Fiber,40.689068,-112.03574,2022-08-09 20:50:00
1660078800,83919,7.0,109.2,6.62,Hunter Junior High powered by UTOPIA Fiber,40.689068,-112.03574,2022-08-09 21:00:00
1660079400,83919,7.2,109.2,7.038,Hunter Junior High powered by UTOPIA Fiber,40.689068,-112.03574,2022-08-09 21:10:00
1660080000,83919,7.0,109.2,7.094,Hunter Junior High powered by UTOPIA Fiber,40.689068,-112.03574,2022-08-09 21:20:00
1660080600,83919,8.8,107.4,7.684,Hunter Junior High powered by UTOPIA Fiber,40.689068,-112.03574,2022-08-09 21:30:00
1660081200,83919,9.4,104.2,7.42,Hunter Junior High powered by UTOPIA Fiber,40.689068,-112.03574,2022-08-09 21:40:00
1660081800,83919,9.6,103.0,7.152,Hunter Junior High powered by UTOPIA Fiber,40.689068,-112.03574,2022-08-09 21:50:00
1660082400,83919,11.2,101.8,6.652,Hunter Junior High powered by UTOPIA Fiber,40.689068,-112.03574,2022-08-09 22:00:00
1660083000,83919,10.2,101.0,6.7,Hunter Junior High powered by UTOPIA Fiber,40.689068,-112.03574,2022-08-09 22:10:00
1660083600,83919,11.2,101.0,7.054,Hunter Junior High powered by UTOPIA Fiber,40.689068,-112.03574,2022-08-09 22:20:00
1660084200,83919,10.4,101.2,6.76,Hunter Junior High powered by UTOPIA Fiber,40.689068,-112.03574,2022-08-09 22:30:00
1660084800,83919,9.8,101.0,8.524,Hunter Junior High powered by UTOPIA Fiber,40.689068,-112.03574,2022-08-09 22:40:00
1660085400,83919,10.2,101.0,6.382,Hunter Junior High powered by UTOPIA Fiber,40.689068,-112.03574,2022-08-09 22:50:00
1660086000,83919,10.6,100.2,7.204,Hunter Junior High powered by UTOPIA Fiber,40.689068,-112.03574,2022-08-09 23:00:00
1660086600,83919,10.8,100.4,6.456,Hunter Junior High powered by UTOPIA Fiber,40.689068,-112.03574,2022-08-09 23:10:00
1660087200,83919,10.4,101.0,6.584,Hunter Junior High powered by UTOPIA Fiber,40.689068,-112.03574,2022-08-09 23:20:00
1660087800,83919,11.0,100.0,6.222,Hunter Junior High powered by UTOPIA Fiber,40.689068,-112.03574,2022-08-09 23:30:00
1660088400,83919,11.0,100.0,5.924,Hunter Junior High powered by UTOPIA Fiber,40.689068,-112.03574,2022-08-09 23:40:00
1660089000,83919,10.8,101.4,5.91,Hunter Junior High powered by UTOPIA Fiber,40.689068,-112.03574,2022-08-09 23:50:00
