time_stamp,sensor_index,humidity,temperature,pm2.5,sensor_name,latitude,longitude,datetime
1660262400,83919,31.2,88.0,1.458,Hunter Junior High powered by UTOPIA Fiber,40.689068,-112.03574,2022-08-12 00:00:00
1660263000,83919,31.4,88.0,1.632,Hunter Junior High powered by UTOPIA Fiber,40.689068,-112.03574,2022-08-12 00:10:00
1660263600,83919,31.0,88.0,1.46,Hunter Junior High powered by UTOPIA Fiber,40.689068,-112.03574,2022-08-12 00:20:00
1660264200,83919,30.6,88.0,1.758,Hunter Junior High powered by UTOPIA Fiber,40.689068,-112.03574,2022-08-12 00:30:00
1660264800,83919,31.6,88.0,1.758,Hunter Junior High powered by UTOPIA Fiber,40.689068,-112.03574,2022-08-12 00:40:00
1660265400,83919,33.2,86.8,2.112,Hunter Junior High powered by UTOPIA Fiber,40.689068,-112.03574,2022-08-12 00:50:00
1660266000,83919,36.2,85.4,2.02,Hunter Junior High powered by UTOPIA Fiber,40.689068,-112.03574,2022-08-12 01:00:00
1660266600,83919,38.0,84.0,2.286,Hunter Junior High powered by UTOPIA Fiber,40.689068,-112.03574,2022-08-12 01:10:00
1660267200,83919,42.8,83.2,3.108,Hunter Junior High powered by UTOPIA Fiber,40.689068,-112.03574,2022-08-12 01:20:00
1660267800,83919,48.4,81.6,4.478,Hunter Junior High powered by UTOPIA Fiber,40.689068,-112.03574,2022-08-12 01:30:00
1660268400,83919,49.2,81.0,4.324,Hunter Junior High powered by UTOPIA Fiber,40.689068,-112.03574,2022-08-12 01:40:00
1660269000,83919,50.4,80.8,4.482,Hunter Junior High powered by UTOPIA Fiber,40.689068,-112.03574,2022-08-12 01:50:00
1660269600,83919,51.8,81.0,4.854,Hunter Junior High powered by UTOPIA Fiber,40.689068,-112.03574,2022-08-12 02:00:00
1660270200,83919,52.8,80.2,5.098,Hunter Junior High powered by UTOPIA Fiber,40.689068,-112.03574,2022-08-12 02:10:00
1660270800,83919,56.2,79.8,5.28,Hunter Junior High powered by UTOPIA Fiber,40.689068,-112.03574,2022-08-12 02:20:00
1660271400,83919,56.6,79.2,5.572,Hunter Junior High powered by UTOPIA Fiber,40.689068,-112.03574,2022-08-12 02:30:00
1660272000,83919,57.8,79.0,5.784,Hunter Junior High powered by UTOPIA Fiber,40.689068,-112.03574,2022-08-12 02:40:00
1660272600,83919,57.4,79.0,6.476,Hunter Junior High powered by UTOPIA Fiber,40.689068,-112.03574,2022-08-12 02:50:00
1660273200,83919,55.2,79.0,5.736,Hunter Junior High powered by UTOPIA Fiber,40.689068,-112.03574,2022-08-12 03:00:00
1660273800,83919,52.2,79.0,5.128,Hunter Junior High powered by UTOPIA Fiber,40.689068,-112.03574,2022-08-12 03:10:00
1660274400,83919,48.6,79.0,3.58,Hunter Junior High powered by UTOPIA Fiber,40.689068,-112.03574,2022-08-12 03:20:00
1660275000,83919,49.0,79.2,4.046,Hunter Junior High powered by UTOPIA Fiber,40.689068,-112.03574,2022-08-12 03:30:00
1660275600,83919,48.2,79.0,3.618,Hunter Junior High powered by UTOPIA Fiber,40.689068,-112.03574,2022-08-12 03:40:00
1660276200,83919,48.8,79.0,3.39,Hunter Junior High powered by UTOPIA Fiber,40.689068,-112.03574,2022-08-12 03:50:00
1660276800,83919,47.4,79.2,3.222,Hunter Junior High powered by UTOPIA Fiber,40.689068,-112.03574,2022-08-12 04:00:00
1660277400,83919,45.6,79.0,2.256,Hunter Junior High powered by UTOPIA Fiber,40.689068,-112.03574,2022-08-12 04:10:00
1660278000,83919,43.2,79.4,2.116,Hunter Junior High powered by UTOPIA Fiber,40.689068,-112.03574,2022-08-12 04:20:00
1660278600,83919,40.4,79.4,1.33,Hunter Junior High powered by UTOPIA Fiber,40.689068,-112.03574,2022-08-12 04:30:00
1660279200,83919,38.2,80.0,0.832,Hunter Junior High powered by UTOPIA Fiber,40.689068,-112.03574,2022-08-12 04:40:00
1660279800,83919,37.0,80.4,0.542,Hunter Junior High powered by UTOPIA Fiber,40.689068,-112.03574,2022-08-12 04:50:00
1660280400,83919,37.0,80.0,0.572,Hunter Junior High powered by UTOPIA Fiber,40.689068,-112.03574,2022-08-12 05:00:00
1660281000,83919,37.0,80.2,0.802,Hunter Junior High powered by UTOPIA Fiber,40.689068,-112.03574,2022-08-12 05:10:00
1660281600,83919,37.0,80.2,0.834,Hunter Junior High powered by UTOPIA Fiber,40.689068,-112.03574,2022-08-12 05:20:00
1660282200,83919,37.0,80.0,0.75,Hunter Junior High powered by UTOPIA Fiber,40.689068,-112.03574,2022-08-12 05:30:00
1660282800,83919,38.4,80.0,0.688,Hunter Junior High powered by UTOPIA Fiber,40.689068,-112.03574,2022-08-12 05:40:00
1660283400,83919,39.8,80.0,1.64,Hunter Junior High powered by UTOPIA Fiber,40.689068,-112.03574,2022-08-12 05:50:00
1660284000,83919,42.0,80.0,1.972,Hunter Junior High powered by UTOPIA Fiber,40.689068,-112.03574,2022-08-12 06:00:00
1660284600,83919,42.0,80.0,1.924,Hunter Junior High powered by UTOPIA Fiber,40.689068,-112.03574,2022-08-12 06:10:00
1660285200,83919,43.4,79.6,2.174,Hunter Junior High powered by UTOPIA Fiber,40.689068,-112.03574,2022-08-12 06:20:00
1660285800,83919,42.0,79.0,1.37,Hunter Junior High powered by UTOPIA Fiber,40.689068,-112.03574,2022-08-12 06:30:00
1660286400,83919,41.0,79.0,1.36,Hunter Junior High powered by UTOPIA Fiber,40.689068,-112.03574,2022-08-12 06:40:00
1660287000,83919,41.0,79.0,1.238,Hunter Junior High powered by UTOPIA Fiber,40.689068,-112.03574,2022-08-12 06:50:00
1660287600,83919,41.4,79.0,1.536,Hunter Junior High powered by UTOPIA Fiber,40.689068,-112.03574,2022-08-12 07:00:00
1660288200,83919,40.6,79.0,1.456,Hunter Junior High powered by UTOPIA Fiber,40.689068,-112.03574,2022-08-12 07:10:00
1660288800,83919,40.4,79.0,1.506,Hunter Junior High powered by UTOPIA Fiber,40.689068,-112.03574,2022-08-12 07:20:00
1660289400,83919,43.0,79.0,1.748,Hunter Junior High powered by UTOPIA Fiber,40.689068,-112.03574,2022-08-12 07:30:00
1660290000,83919,44.0,78.6,1.944,Hunter Junior High powered by UTOPIA Fiber,40.689068,-112.03574,2022-08-12 07:40:00
1660290600,83919,45.0,78.0,2.052,Hunter Junior High powered by UTOPIA Fiber,40.689068,-112.03574,2022-08-12 07:50:00
1660291200,83919,46.0,77.2,2.386,Hunter Junior High powered by UTOPIA Fiber,40.689068,-112.03574,2022-08-12 08:00:00
1660291800,83919,46.8,76.8,2.47,Hunter Junior High powered by UTOPIA Fiber,40.689068,-112.03574,2022-08-12 08:10:00
1660292400,83919,49.0,76.0,2.486,Hunter Junior High powered by UTOPIA Fiber,40.689068,-112.03574,2022-08-12 08:20:00
1660293000,83919,50.2,76.6,2.552,Hunter Junior High powered by UTOPIA Fiber,40.689068,-112.03574,2022-08-12 08:30:00
1660293600,83919,50.2,77.0,2.778,Hunter Junior High powered by UTOPIA Fiber,40.689068,-112.03574,2022-08-12 08:40:00
1660294200,83919,51.0,76.6,3.032,Hunter Junior High powered by UTOPIA Fiber,40.689068,-112.03574,2022-08-12 08:50:00
1660294800,83919,51.6,76.0,2.76,Hunter Junior High powered by UTOPIA Fiber,40.689068,-112.03574,2022-08-12 09:00:00
1660295400,83919,51.8,76.0,3.11,Hunter Junior High powered by UTOPIA Fiber,40.689068,-112.03574,2022-08-12 09:10:00
1660296000,83919,49.8,76.8,3.058,Hunter Junior High powered by UTOPIA Fiber,40.689068,-112.03574,2022-08-12 09:20:00
1660296600,83919,49.0,77.0,2.806,Hunter Junior High powered by UTOPIA Fiber,40.689068,-112.03574,2022-08-12 09:30:00
1660297200,83919,48.6,77.4,2.894,Hunter Junior High powered by UTOPIA Fiber,40.689068,-112.03574,2022-08-12 09:40:00
1660297800,83919,49.6,78.0,3.044,Hunter Junior High powered by UTOPIA Fiber,40.689068,-112.03574,2022-08-12 09:50:00
1660298400,83919,49.0,78.0,3.296,Hunter Junior High powered by UTOPIA Fiber,40.689068,-112.03574,2022-08-12 10:00:00
1660299000,83919,49.0,78.0,3.75,Hunter Junior High powered by UTOPIA Fiber,40.689068,-112.03574,2022-08-12 10:10:00
1660299600,83919,49.0,78.0,3.576,Hunter Junior High powered by UTOPIA Fiber,40.689068,-112.03574,2022-08-12 10:20:00
1660300200,83919,48.2,78.0,3.63,Hunter Junior High powered by UTOPIA Fiber,40.689068,-112.03574,2022-08-12 10:30:00
1660300800,83919,46.8,78.0,3.024,Hunter Junior High powered by UTOPIA Fiber,40.689068,-112.03574,2022-08-12 10:40:00
1660301400,83919,45.6,78.0,2.914,Hunter Junior High powered by UTOPIA Fiber,40.689068,-112.03574,2022-08-12 10:50:00
1660302000,83919,45.8,77.4,2.978,Hunter Junior High powered by UTOPIA Fiber,40.689068,-112.03574,2022-08-12 11:00:00
1660302600,83919,46.0,77.0,3.766,Hunter Junior High powered by UTOPIA Fiber,40.689068,-112.03574,2022-08-12 11:10:00
1660303200,83919,46.4,77.6,3.892,Hunter Junior High powered by UTOPIA Fiber,40.689068,-112.03574,2022-08-12 11:20:00
1660303800,83919,46.0,78.0,4.044,Hunter Junior High powered by UTOPIA Fiber,40.689068,-112.03574,2022-08-12 11:30:00
1660304400,83919,45.0,78.0,3.82,Hunter Junior High powered by UTOPIA Fiber,40.689068,-112.03574,2022-08-12 11:40:00
1660305000,83919,44.0,78.0,3.88,Hunter Junior High powered by UTOPIA Fiber,40.689068,-112.03574,2022-08-12 11:50:00
1660305600,83919,44.8,77.2,3.752,Hunter Junior High powered by UTOPIA Fiber,40.689068,-112.03574,2022-08-12 12:00:00
1660306200,83919,43.2,77.8,3.238,Hunter Junior High powered by UTOPIA Fiber,40.689068,-112.03574,2022-08-12 12:10:00
1660306800,83919,41.8,78.0,3.18,Hunter Junior High powered by UTOPIA Fiber,40.689068,-112.03574,2022-08-12 12:20:00
1660307400,83919,40.8,78.6,2.674,Hunter Junior High powered by UTOPIA Fiber,40.689068,-112.03574,2022-08-12 12:30:00
1660308000,83919,39.4,79.2,2.41,Hunter Junior High powered by UTOPIA Fiber,40.689068,-112.03574,2022-08-12 12:40:00
1660308600,83919,38.0,80.0,2.778,Hunter Junior High powered by UTOPIA Fiber,40.689068,-112.03574,2022-08-12 12:50:00
1660309200,83919,38.2,80.0,2.484,Hunter Junior High powered by UTOPIA Fiber,40.689068,-112.03574,2022-08-12 13:00:00
1660309800,83919,39.2,80.0,2.712,Hunter Junior High powered by UTOPIA Fiber,40.689068,-112.03574,2022-08-12 13:10:00
1660310400,83919,40.6,80.0,2.836,Hunter Junior High powered by UTOPIA Fiber,40.689068,-112.03574,2022-08-12 13:20:00
1660311000,83919,42.4,79.0,3.312,Hunter Junior High powered by UTOPIA Fiber,40.689068,-112.03574,2022-08-12 13:30:00
1660311600,83919,42.8,79.0,3.852,Hunter Junior High powered by UTOPIA Fiber,40.689068,-112.03574,2022-08-12 13:40:00
1660312200,83919,43.8,79.0,3.744,Hunter Junior High powered by UTOPIA Fiber,40.689068,-112.03574,2022-08-12 13:50:00
1660312800,83919,45.2,79.0,4.168,Hunter Junior High powered by UTOPIA Fiber,40.689068,-112.03574,2022-08-12 14:00:00
1660313400,83919,45.2,79.0,4.256,Hunter Junior High powered by UTOPIA Fiber,40.689068,-112.03574,2022-08-12 14:10:00
1660314000,83919,44.8,79.2,4.282,Hunter Junior High powered by UTOPIA Fiber,40.689068,-112.03574,2022-08-12 14:20:00
1660314600,83919,44.2,80.0,3.62,Hunter Junior High powered by UTOPIA Fiber,40.689068,-112.03574,2022-08-12 14:30:00
1660315200,83919,43.8,80.6,3.606,Hunter Junior High powered by UTOPIA Fiber,40.689068,-112.03574,2022-08-12 14:40:00
1660315800,83919,44.0,80.6,3.824,Hunter Junior High powered by UTOPIA Fiber,40.689068,-112.03574,2022-08-12 14:50:00
1660316400,83919,43.0,81.0,3.992,Hunter Junior High powered by UTOPIA Fiber,40.689068,-112.03574,2022-08-12 15:00:00
1660317000,83919,42.8,81.4,4.066,Hunter Junior High powered by UTOPIA Fiber,40.689068,-112.03574,2022-08-12 15:10:00
1660317600,83919,42.6,81.8,4.444,Hunter Junior High powered by UTOPIA Fiber,40.689068,-112.03574,2022-08-12 15:20:00
1660318200,83919,41.6,82.2,3.82,Hunter Junior High powered by UTOPIA Fiber,40.689068,-112.03574,2022-08-12 15:30:00
1660318800,83919,40.4,83.4,3.522,Hunter Junior High powered by UTOPIA Fiber,40.689068,-112.03574,2022-08-12 15:40:00
1660319400,83919,38.4,85.0,3.358,Hunter Junior High powered by UTOPIA Fiber,40.689068,-112.03574,2022-08-12 15:50:00
1660320000,83919,36.0,86.4,3.374,Hunter Junior High powered by UTOPIA Fiber,40.689068,-112.03574,2022-08-12 16:00:00
1660320600,83919,34.2,87.0,3.31,Hunter Junior High powered by UTOPIA Fiber,40.689068,-112.03574,2022-08-12 16:10:00
1660321200,83919,34.4,87.0,3.094,Hunter Junior High powered by UTOPIA Fiber,40.689068,-112.03574,2022-08-12 16:20:00
1660321800,83919,33.2,88.0,2.838,Hunter Junior High powered by UTOPIA Fiber,40.689068,-112.03574,2022-08-12 16:30:00
1660322400,83919,31.4,89.6,2.88,Hunter Junior High powered by UTOPIA Fiber,40.689068,-112.03574,2022-08-12 16:40:00
1660323000,83919,30.4,91.4,3.014,Hunter Junior High powered by UTOPIA Fiber,40.689068,-112.03574,2022-08-12 16:50:00
1660323600,83919,29.0,91.4,2.964,Hunter Junior High powered by UTOPIA Fiber,40.689068,-112.03574,2022-08-12 17:00:00
1660324200,83919,29.4,90.8,3.074,Hunter Junior High powered by UTOPIA Fiber,40.689068,-112.03574,2022-08-12 17:10:00
1660324800,83919,29.4,91.0,2.706,Hunter Junior High powered by UTOPIA Fiber,40.689068,-112.03574,2022-08-12 17:20:00
1660325400,83919,29.0,91.6,2.996,Hunter Junior High powered by UTOPIA Fiber,40.689068,-112.03574,2022-08-12 17:30:00
1660326000,83919,29.2,92.6,2.584,Hunter Junior High powered by UTOPIA Fiber,40.689068,-112.03574,2022-08-12 17:40:00
1660326600,83919,28.4,93.8,2.97,Hunter Junior High powered by UTOPIA Fiber,40.689068,-112.03574,2022-08-12 17:50:00
1660327200,83919,26.6,94.8,2.974,Hunter Junior High powered by UTOPIA Fiber,40.689068,-112.03574,2022-08-12 18:00:00
1660327800,83919,24.8,96.0,2.926,Hunter Junior High powered by UTOPIA Fiber,40.689068,-112.03574,2022-08-12 18:10:00
1660328400,83919,25.0,95.6,2.782,Hunter Junior High powered by UTOPIA Fiber,40.689068,-112.03574,2022-08-12 18:20:00
1660329000,83919,27.4,95.2,3.65,Hunter Junior High powered by UTOPIA Fiber,40.689068,-112.03574,2022-08-12 18:30:00
1660329600,83919,24.4,96.4,2.314,Hunter Junior High powered by UTOPIA Fiber,40.689068,-112.03574,2022-08-12 18:40:00
1660330200,83919,22.6,96.2,2.438,Hunter Junior High powered by UTOPIA Fiber,40.689068,-112.03574,2022-08-12 18:50:00
1660330800,83919,22.4,95.8,2.1,Hunter Junior High powered by UTOPIA Fiber,40.689068,-112.03574,2022-08-12 19:00:00
1660331400,83919,22.0,95.8,2.18,Hunter Junior High powered by UTOPIA Fiber,40.689068,-112.03574,2022-08-12 19:10:00
1660332000,83919,22.2,95.4,2.044,Hunter Junior High powered by UTOPIA Fiber,40.689068,-112.03574,2022-08-12 19:20:00
1660332600,83919,23.0,95.8,2.622,Hunter Junior High powered by UTOPIA Fiber,40.689068,-112.03574,2022-08-12 19:30:00
1660333200,83919,23.6,96.4,2.478,Hunter Junior High powered by UTOPIA Fiber,40.689068,-112.03574,2022-08-12 19:40:00
1660333800,83919,24.0,97.0,3.442,Hunter Junior High powered by UTOPIA Fiber,40.689068,-112.03574,2022-08-12 19:50:00
1660334400,83919,23.8,97.8,3.704,Hunter Junior High powered by UTOPIA Fiber,40.689068,-112.03574,2022-08-12 20:00:00
1660335000,83919,22.6,99.4,3.814,Hunter Junior High powered by UTOPIA Fiber,40.689068,-112.03574,2022-08-12 20:10:00
1660335600,83919,22.6,98.8,3.632,Hunter Junior High powered by UTOPIA Fiber,40.689068,-112.03574,2022-08-12 20:20:00
1660336200,83919,21.0,100.4,3.472,Hunter Junior High powered by UTOPIA Fiber,40.689068,-112.03574,2022-08-12 20:30:00
1660336800,83919,20.6,101.4,3.354,Hunter Junior High powered by UTOPIA Fiber,40.689068,-112.03574,2022-08-12 20:40:00
1660337400,83919,19.6,102.2,2.93,Hunter Junior High powered by UTOPIA Fiber,40.689068,-112.03574,2022-08-12 20:50:00
1660338000,83919,19.6,101.2,3.066,Hunter Junior High powered by UTOPIA Fiber,40.689068,-112.03574,2022-08-12 21:00:00
1660338600,83919,20.0,101.4,3.142,Hunter Junior High powered by UTOPIA Fiber,40.689068,-112.03574,2022-08-12 21:10:00
1660339200,83919,20.8,100.0,3.606,Hunter Junior High powered by UTOPIA Fiber,40.689068,-112.03574,2022-08-12 21:20:00
1660339800,83919,22.8,96.4,3.532,Hunter Junior High powered by UTOPIA Fiber,40.689068,-112.03574,2022-08-12 21:30:00
1660340400,83919,24.4,94.4,3.382,Hunter Junior High powered by UTOPIA Fiber,40.689068,-112.03574,2022-08-12 21:40:00
1660341000,83919,25.2,94.0,3.318,Hunter Junior High powered by UTOPIA Fiber,40.689068,-112.03574,2022-08-12 21:50:00
1660341600,83919,25.0,94.0,3.346,Hunter Junior High powered by UTOPIA Fiber,40.689068,-112.03574,2022-08-12 22:00:00
1660342200,83919,25.0,95.2,3.442,Hunter Junior High powered by UTOPIA Fiber,40.689068,-112.03574,2022-08-12 22:10:00
1660342800,83919,25.4,96.0,3.436,Hunter Junior High powered by UTOPIA Fiber,40.689068,-112.03574,2022-08-12 22:20:00
1660343400,83919,28.2,96.0,3.412,Hunter Junior High powered by UTOPIA Fiber,40.689068,-112.03574,2022-08-12 22:30:00
1660344000,83919,27.2,95.0,3.44,Hunter Junior High powered by UTOPIA Fiber,40.689068,-112.03574,2022-08-12 22:40:00
1660344600,83919,32.0,89.6,3.292,Hunter Junior High powered by UTOPIA Fiber,40.689068,-112.03574,2022-08-12 22:50:00
1660345200,83919,48.2,79.8,4.19,Hunter Junior High powered by UTOPIA Fiber,40.689068,-112.03574,2022-08-12 23:00:00
1660345800,83919,55.2,77.4,4.244,Hunter Junior High powered by UTOPIA Fiber,40.689068,-112.03574,2022-08-12 23:10:00
1660346400,83919,57.2,76.4,4.376,Hunter Junior High powered by UTOPIA Fiber,40.689068,-112.03574,2022-08-12 23:20:00
1660347000,83919,56.6,75.8,4.0,Hunter Junior High powered by UTOPIA Fiber,40.689068,-112.03574,2022-08-12 23:30:00
1660347600,83919,56.4,75.0,3.778,Hunter Junior High powered by UTOPIA Fiber,40.689068,-112.03574,2022-08-12 23:40:00
1660348200,83919,59.6,74.2,5.022,Hunter Junior High powered by UTOPIA Fiber,40.689068,-112.03574,2022-08-12 23:50:00
1660348800,83919,60.2,73.0,3.922,Hunter Junior High powered by UTOPIA Fiber,40.689068,-112.03574,2022-08-13 00:00:00
1660349400,83919,56.2,74.2,2.176,Hunter Junior High powered by UTOPIA Fiber,40.689068,-112.03574,2022-08-13 00:10:00
1660350000,83919,52.2,76.2,1.916,Hunter Junior High powered by UTOPIA Fiber,40.689068,-112.03574,2022-08-13 00:20:00
1660350600,83919,51.6,78.2,1.312,Hunter Junior High powered by UTOPIA Fiber,40.689068,-112.03574,2022-08-13 00:30:00
1660351200,83919,50.8,79.0,1.668,Hunter Junior High powered by UTOPIA Fiber,40.689068,-112.03574,2022-08-13 00:40:00
1660351800,83919,48.8,79.0,2.266,Hunter Junior High powered by UTOPIA Fiber,40.689068,-112.03574,2022-08-13 00:50:00
1660352400,83919,44.8,79.0,1.846,Hunter Junior High powered by UTOPIA Fiber,40.689068,-112.03574,2022-08-13 01:00:00
1660353000,83919,44.2,79.6,2.328,Hunter Junior High powered by UTOPIA Fiber,40.689068,-112.03574,2022-08-13 01:10:00
1660353600,83919,43.8,80.8,2.98,Hunter Junior High powered by UTOPIA Fiber,40.689068,-112.03574,2022-08-13 01:20:00
1660354200,83919,43.6,81.0,3.25,Hunter Junior High powered by UTOPIA Fiber,40.689068,-112.03574,2022-08-13 01:30:00
1660354800,83919,44.4,81.2,3.116,Hunter Junior High powered by UTOPIA Fiber,40.689068,-112.03574,2022-08-13 01:40:00
1660355400,83919,47.4,81.6,5.252,Hunter Junior High powered by UTOPIA Fiber,40.689068,-112.03574,2022-08-13 01:50:00
1660356000,83919,49.0,81.0,4.956,Hunter Junior High powered by UTOPIA Fiber,40.689068,-112.03574,2022-08-13 02:00:00
1660356600,83919,50.0,81.0,4.9,Hunter Junior High powered by UTOPIA Fiber,40.689068,-112.03574,2022-08-13 02:10:00
1660357200,83919,50.0,81.0,4.826,Hunter Junior High powered by UTOPIA Fiber,40.689068,-112.03574,2022-08-13 02:20:00
1660357800,83919,49.4,80.6,4.554,Hunter Junior High powered by UTOPIA Fiber,40.689068,-112.03574,2022-08-13 02:30:00
1660358400,83919,47.6,81.0,4.278,Hunter Junior High powered by UTOPIA Fiber,40.689068,-112.03574,2022-08-13 02:40:00
1660359000,83919,46.8,81.0,4.564,Hunter Junior High powered by UTOPIA Fiber,40.689068,-112.03574,2022-08-13 02:50:00
1660359600,83919,47.0,81.0,4.698,Hunter Junior High powered by UTOPIA Fiber,40.689068,-112.03574,2022-08-13 03:00:00
1660360200,83919,46.8,80.6,6.49,Hunter Junior High powered by UTOPIA Fiber,40.689068,-112.03574,2022-08-13 03:10:00
1660360800,83919,46.6,80.0,5.718,Hunter Junior High powered by UTOPIA Fiber,40.689068,-112.03574,2022-08-13 03:20:00
1660361400,83919,47.0,80.2,6.268,Hunter Junior High powered by UTOPIA Fiber,40.689068,-112.03574,2022-08-13 03:30:00
1660362000,83919,47.2,81.0,6.518,Hunter Junior High powered by UTOPIA Fiber,40.689068,-112.03574,2022-08-13 03:40:00
1660362600,83919,47.6,80.0,6.796,Hunter Junior High powered by UTOPIA Fiber,40.689068,-112.03574,2022-08-13 03:50:00
1660363200,83919,47.0,80.0,5.786,Hunter Junior High powered by UTOPIA Fiber,40.689068,-112.03574,2022-08-13 04:00:00
1660363800,83919,47.0,80.2,5.214,Hunter Junior High powered by UTOPIA Fiber,40.689068,-112.03574,2022-08-13 04:10:00
1660364400,83919,46.8,80.6,7.336,Hunter Junior High powered by UTOPIA Fiber,40.689068,-112.03574,2022-08-13 04:20:00
1660365000,83919,47.0,80.0,6.292,Hunter Junior High powered by UTOPIA Fiber,40.689068,-112.03574,2022-08-13 04:30:00
1660365600,83919,46.8,80.0,4.916,Hunter Junior High powered by UTOPIA Fiber,40.689068,-112.03574,2022-08-13 04:40:00
1660366200,83919,46.0,80.0,4.014,Hunter Junior High powered by UTOPIA Fiber,40.689068,-112.03574,2022-08-13 04:50:00
1660366800,83919,46.0,80.0,4.102,Hunter Junior High powered by UTOPIA Fiber,40.689068,-112.03574,2022-08-13 05:00:00
1660367400,83919,46.6,80.0,4.614,Hunter Junior High powered by UTOPIA Fiber,40.689068,-112.03574,2022-08-13 05:10:00
1660368000,83919,45.8,80.0,4.584,Hunter Junior High powered by UTOPIA Fiber,40.689068,-112.03574,2022-08-13 05:20:00
1660368600,83919,45.6,79.0,5.11,Hunter Junior High powered by UTOPIA Fiber,40.689068,-112.03574,2022-08-13 05:30:00
1660369200,83919,44.2,79.0,3.654,Hunter Junior High powered by UTOPIA Fiber,40.689068,-112.03574,2022-08-13 05:40:00
1660369800,83919,43.2,79.0,2.726,Hunter Junior High powered by UTOPIA Fiber,40.689068,-112.03574,2022-08-13 05:50:00
1660370400,83919,43.6,79.6,3.01,Hunter Junior High powered by UTOPIA Fiber,40.689068,-112.03574,2022-08-13 06:00:00
1660371000,83919,44.0,79.2,2.598,Hunter Junior High powered by UTOPIA Fiber,40.689068,-112.03574,2022-08-13 06:10:00
1660371600,83919,44.4,79.0,2.906,Hunter Junior High powered by UTOPIA Fiber,40.689068,-112.03574,2022-08-13 06:20:00
1660372200,83919,45.0,79.0,2.416,Hunter Junior High powered by UTOPIA Fiber,40.689068,-112.03574,2022-08-13 06:30:00
1660372800,83919,45.0,79.0,2.866,Hunter Junior High powered by UTOPIA Fiber,40.689068,-112.03574,2022-08-13 06:40:00
1660373400,83919,46.0,78.2,2.554,Hunter Junior High powered by UTOPIA Fiber,40.689068,-112.03574,2022-08-13 06:50:00
1660374000,83919,45.4,79.0,2.764,Hunter Junior High powered by UTOPIA Fiber,40.689068,-112.03574,2022-08-13 07:00:00
1660374600,83919,44.0,79.2,2.838,Hunter Junior High powered by UTOPIA Fiber,40.689068,-112.03574,2022-08-13 07:10:00
1660375200,83919,43.2,80.0,2.422,Hunter Junior High powered by UTOPIA Fiber,40.689068,-112.03574,2022-08-13 07:20:00
1660375800,83919,42.8,79.8,2.476,Hunter Junior High powered by UTOPIA Fiber,40.689068,-112.03574,2022-08-13 07:30:00
1660376400,83919,44.0,79.6,2.56,Hunter Junior High powered by UTOPIA Fiber,40.689068,-112.03574,2022-08-13 07:40:00
1660377000,83919,44.4,79.0,2.37,Hunter Junior High powered by UTOPIA Fiber,40.689068,-112.03574,2022-08-13 07:50:00
1660377600,83919,44.0,79.0,2.652,Hunter Junior High powered by UTOPIA Fiber,40.689068,-112.03574,2022-08-13 08:00:00
1660378200,83919,44.0,79.0,2.856,Hunter Junior High powered by UTOPIA Fiber,40.689068,-112.03574,2022-08-13 08:10:00
1660378800,83919,44.4,78.8,2.842,Hunter Junior High powered by UTOPIA Fiber,40.689068,-112.03574,2022-08-13 08:20:00
1660379400,83919,45.0,78.4,2.776,Hunter Junior High powered by UTOPIA Fiber,40.689068,-112.03574,2022-08-13 08:30:00
1660380000,83919,43.6,79.0,2.808,Hunter Junior High powered by UTOPIA Fiber,40.689068,-112.03574,2022-08-13 08:40:00
1660380600,83919,43.6,79.0,2.472,Hunter Junior High powered by UTOPIA Fiber,40.689068,-112.03574,2022-08-13 08:50:00
1660381200,83919,43.8,79.0,2.702,Hunter Junior High powered by UTOPIA Fiber,40.689068,-112.03574,2022-08-13 09:00:00
1660381800,83919,43.2,79.0,2.73,Hunter Junior High powered by UTOPIA Fiber,40.689068,-112.03574,2022-08-13 09:10:00
1660382400,83919,44.2,79.0,2.97,Hunter Junior High powered by UTOPIA Fiber,40.689068,-112.03574,2022-08-13 09:20:00
1660383000,83919,44.0,79.0,3.112,Hunter Junior High powered by UTOPIA Fiber,40.689068,-112.03574,2022-08-13 09:30:00
1660383600,83919,44.0,79.0,3.108,Hunter Junior High powered by UTOPIA Fiber,40.689068,-112.03574,2022-08-13 09:40:00
1660384200,83919,43.2,79.0,2.494,Hunter Junior High powered by UTOPIA Fiber,40.689068,-112.03574,2022-08-13 09:50:00
1660384800,83919,42.4,80.0,2.674,Hunter Junior High powered by UTOPIA Fiber,40.689068,-112.03574,2022-08-13 10:00:00
1660385400,83919,43.0,80.0,2.614,Hunter Junior High powered by UTOPIA Fiber,40.689068,-112.03574,2022-08-13 10:10:00
1660386000,83919,43.6,80.0,2.976,Hunter Junior High powered by UTOPIA Fiber,40.689068,-112.03574,2022-08-13 10:20:00
1660386600,83919,44.4,80.0,2.832,Hunter Junior High powered by UTOPIA Fiber,40.689068,-112.03574,2022-08-13 10:30:00
1660387200,83919,45.2,79.6,3.084,Hunter Junior High powered by UTOPIA Fiber,40.689068,-112.03574,2022-08-13 10:40:00
1660387800,83919,44.6,79.4,3.216,Hunter Junior High powered by UTOPIA Fiber,40.689068,-112.03574,2022-08-13 10:50:00
1660388400,83919,43.2,79.0,3.102,Hunter Junior High powered by UTOPIA Fiber,40.689068,-112.03574,2022-08-13 11:00:00
1660389000,83919,42.6,79.4,2.962,Hunter Junior High powered by UTOPIA Fiber,40.689068,-112.03574,2022-08-13 11:10:00
1660389600,83919,43.8,79.0,3.116,Hunter Junior High powered by UTOPIA Fiber,40.689068,-112.03574,2022-08-13 11:20:00
1660390200,83919,45.4,79.0,3.52,Hunter Junior High powered by UTOPIA Fiber,40.689068,-112.03574,2022-08-13 11:30:00
1660390800,83919,46.0,78.6,3.788,Hunter Junior High powered by UTOPIA Fiber,40.689068,-112.03574,2022-08-13 11:40:00
1660391400,83919,46.4,78.0,3.918,Hunter Junior High powered by UTOPIA Fiber,40.689068,-112.03574,2022-08-13 11:50:00
1660392000,83919,46.8,78.0,3.428,Hunter Junior High powered by UTOPIA Fiber,40.689068,-112.03574,2022-08-13 12:00:00
1660392600,83919,46.2,78.0,3.212,Hunter Junior High powered by UTOPIA Fiber,40.689068,-112.03574,2022-08-13 12:10:00
1660393200,83919,45.8,78.4,3.2,Hunter Junior High powered by UTOPIA Fiber,40.689068,-112.03574,2022-08-13 12:20:00
1660393800,83919,45.6,79.0,3.37,Hunter Junior High powered by UTOPIA Fiber,40.689068,-112.03574,2022-08-13 12:30:00
1660394400,83919,46.0,79.0,3.728,Hunter Junior High powered by UTOPIA Fiber,40.689068,-112.03574,2022-08-13 12:40:00
1660395000,83919,46.0,78.6,3.562,Hunter Junior High powered by UTOPIA Fiber,40.689068,-112.03574,2022-08-13 12:50:00
1660395600,83919,45.6,79.0,3.592,Hunter Junior High powered by UTOPIA Fiber,40.689068,-112.03574,2022-08-13 13:00:00
1660396200,83919,46.0,78.2,3.354,Hunter Junior High powered by UTOPIA Fiber,40.689068,-112.03574,2022-08-13 13:10:00
1660396800,83919,45.8,78.0,3.028,Hunter Junior High powered by UTOPIA Fiber,40.689068,-112.03574,2022-08-13 13:20:00
1660397400,83919,45.4,78.0,2.604,Hunter Junior High powered by UTOPIA Fiber,40.689068,-112.03574,2022-08-13 13:30:00
1660398000,83919,45.2,78.0,2.756,Hunter Junior High powered by UTOPIA Fiber,40.689068,-112.03574,2022-08-13 13:40:00
1660398600,83919,45.0,78.0,2.578,Hunter Junior High powered by UTOPIA Fiber,40.689068,-112.03574,2022-08-13 13:50:00
1660399200,83919,45.2,78.0,2.86,Hunter Junior High powered by UTOPIA Fiber,40.689068,-112.03574,2022-08-13 14:00:00
1660399800,83919,44.6,78.0,2.956,Hunter Junior High powered by UTOPIA Fiber,40.689068,-112.03574,2022-08-13 14:10:00
1660400400,83919,44.4,78.2,2.338,Hunter Junior High powered by UTOPIA Fiber,40.689068,-112.03574,2022-08-13 14:20:00
1660401000,83919,43.6,79.2,2.494,Hunter Junior High powered by UTOPIA Fiber,40.689068,-112.03574,2022-08-13 14:30:00
1660401600,83919,43.0,80.2,2.844,Hunter Junior High powered by UTOPIA Fiber,40.689068,-112.03574,2022-08-13 14:40:00
1660402200,83919,42.4,81.2,2.946,Hunter Junior High powered by UTOPIA Fiber,40.689068,-112.03574,2022-08-13 14:50:00
1660402800,83919,42.0,82.0,3.572,Hunter Junior High powered by UTOPIA Fiber,40.689068,-112.03574,2022-08-13 15:00:00
1660403400,83919,40.8,83.0,3.022,Hunter Junior High powered by UTOPIA Fiber,40.689068,-112.03574,2022-08-13 15:10:00
1660404000,83919,39.4,84.0,2.962,Hunter Junior High powered by UTOPIA Fiber,40.689068,-112.03574,2022-08-13 15:20:00
1660404600,83919,37.0,84.6,2.872,Hunter Junior High powered by UTOPIA Fiber,40.689068,-112.03574,2022-08-13 15:30:00
1660405200,83919,37.2,85.2,2.828,Hunter Junior High powered by UTOPIA Fiber,40.689068,-112.03574,2022-08-13 15:40:00
1660405800,83919,36.0,86.0,2.944,Hunter Junior High powered by UTOPIA Fiber,40.689068,-112.03574,2022-08-13 15:50:00
1660406400,83919,35.8,87.0,2.776,Hunter Junior High powered by UTOPIA Fiber,40.689068,-112.03574,2022-08-13 16:00:00
1660407000,83919,34.8,87.0,2.688,Hunter Junior High powered by UTOPIA Fiber,40.689068,-112.03574,2022-08-13 16:10:00
1660407600,83919,35.2,88.0,2.91,Hunter Junior High powered by UTOPIA Fiber,40.689068,-112.03574,2022-08-13 16:20:00
1660408200,83919,35.2,87.0,2.594,Hunter Junior High powered by UTOPIA Fiber,40.689068,-112.03574,2022-08-13 16:30:00
1660408800,83919,34.6,87.0,2.606,Hunter Junior High powered by UTOPIA Fiber,40.689068,-112.03574,2022-08-13 16:40:00
1660409400,83919,34.4,87.8,2.778,Hunter Junior High powered by UTOPIA Fiber,40.689068,-112.03574,2022-08-13 16:50:00
1660410000,83919,33.4,88.0,3.148,Hunter Junior High powered by UTOPIA Fiber,40.689068,-112.03574,2022-08-13 17:00:00
1660410600,83919,33.8,88.0,3.442,Hunter Junior High powered by UTOPIA Fiber,40.689068,-112.03574,2022-08-13 17:10:00
1660411200,83919,33.2,88.6,3.096,Hunter Junior High powered by UTOPIA Fiber,40.689068,-112.03574,2022-08-13 17:20:00
1660411800,83919,31.0,90.2,2.916,Hunter Junior High powered by UTOPIA Fiber,40.689068,-112.03574,2022-08-13 17:30:00
1660412400,83919,29.8,91.2,2.828,Hunter Junior High powered by UTOPIA Fiber,40.689068,-112.03574,2022-08-13 17:40:00
1660413000,83919,29.2,92.8,3.132,Hunter Junior High powered by UTOPIA Fiber,40.689068,-112.03574,2022-08-13 17:50:00
1660413600,83919,28.8,93.6,3.248,Hunter Junior High powered by UTOPIA Fiber,40.689068,-112.03574,2022-08-13 18:00:00
1660414200,83919,27.6,94.0,2.966,Hunter Junior High powered by UTOPIA Fiber,40.689068,-112.03574,2022-08-13 18:10:00
1660414800,83919,27.0,95.0,2.896,Hunter Junior High powered by UTOPIA Fiber,40.689068,-112.03574,2022-08-13 18:20:00
1660415400,83919,27.0,94.6,3.168,Hunter Junior High powered by UTOPIA Fiber,40.689068,-112.03574,2022-08-13 18:30:00
1660416000,83919,26.2,94.8,3.108,Hunter Junior High powered by UTOPIA Fiber,40.689068,-112.03574,2022-08-13 18:40:00
1660416600,83919,24.4,94.2,2.606,Hunter Junior High powered by UTOPIA Fiber,40.689068,-112.03574,2022-08-13 18:50:00
1660417200,83919,24.0,95.0,2.864,Hunter Junior High powered by UTOPIA Fiber,40.689068,-112.03574,2022-08-13 19:00:00
1660417800,83919,23.0,95.0,2.318,Hunter Junior High powered by UTOPIA Fiber,40.689068,-112.03574,2022-08-13 19:10:00
1660418400,83919,24.0,96.8,2.354,Hunter Junior High powered by UTOPIA Fiber,40.689068,-112.03574,2022-08-13 19:20:00
1660419000,83919,22.8,99.8,2.57,Hunter Junior High powered by UTOPIA Fiber,40.689068,-112.03574,2022-08-13 19:30:00
1660419600,83919,21.0,100.0,2.278,Hunter Junior High powered by UTOPIA Fiber,40.689068,-112.03574,2022-08-13 19:40:00
1660420200,83919,20.6,99.8,2.16,Hunter Junior High powered by UTOPIA Fiber,40.689068,-112.03574,2022-08-13 19:50:00
1660420800,83919,21.2,99.0,2.238,Hunter Junior High powered by UTOPIA Fiber,40.689068,-112.03574,2022-08-13 20:00:00
1660421400,83919,22.2,95.8,2.584,Hunter Junior High powered by UTOPIA Fiber,40.689068,-112.03574,2022-08-13 20:10:00
1660422000,83919,24.4,93.4,2.882,Hunter Junior High powered by UTOPIA Fiber,40.689068,-112.03574,2022-08-13 20:20:00
1660422600,83919,28.0,91.4,3.85,Hunter Junior High powered by UTOPIA Fiber,40.689068,-112.03574,2022-08-13 20:30:00
1660423200,83919,29.0,90.6,4.17,Hunter Junior High powered by UTOPIA Fiber,40.689068,-112.03574,2022-08-13 20:40:00
1660423800,83919,30.4,90.0,3.852,Hunter Junior High powered by UTOPIA Fiber,40.689068,-112.03574,2022-08-13 20:50:00
1660424400,83919,31.4,89.8,4.382,Hunter Junior High powered by UTOPIA Fiber,40.689068,-112.03574,2022-08-13 21:00:00
1660425000,83919,32.0,89.0,4.452,Hunter Junior High powered by UTOPIA Fiber,40.689068,-112.03574,2022-08-13 21:10:00
1660425600,83919,33.0,89.0,4.496,Hunter Junior High powered by UTOPIA Fiber,40.689068,-112.03574,2022-08-13 21:20:00
1660426200,83919,32.4,89.0,4.16,Hunter Junior High powered by UTOPIA Fiber,40.689068,-112.03574,2022-08-13 21:30:00
1660426800,83919,32.4,89.0,4.002,Hunter Junior High powered by UTOPIA Fiber,40.689068,-112.03574,2022-08-13 21:40:00
1660427400,83919,31.8,89.0,3.872,Hunter Junior High powered by UTOPIA Fiber,40.689068,-112.03574,2022-08-13 21:50:00
1660428000,83919,31.6,89.4,3.686,Hunter Junior High powered by UTOPIA Fiber,40.689068,-112.03574,2022-08-13 22:00:00
1660428600,83919,31.4,90.0,3.876,Hunter Junior High powered by UTOPIA Fiber,40.689068,-112.03574,2022-08-13 22:10:00
1660429200,83919,32.2,90.0,3.534,Hunter Junior High powered by UTOPIA Fiber,40.689068,-112.03574,2022-08-13 22:20:00
1660429800,83919,36.2,90.0,3.542,Hunter Junior High powered by UTOPIA Fiber,40.689068,-112.03574,2022-08-13 22:30:00
1660430400,83919,33.6,90.4,3.376,Hunter Junior High powered by UTOPIA Fiber,40.689068,-112.03574,2022-08-13 22:40:00
1660431000,83919,33.0,91.6,3.13,Hunter Junior High powered by UTOPIA Fiber,40.689068,-112.03574,2022-08-13 22:50:00
1660431600,83919,29.6,92.8,5.122,Hunter Junior High powered by UTOPIA Fiber,40.689068,-112.03574,2022-08-13 23:00:00
1660432200,83919,28.6,94.2,3.46,Hunter Junior High powered by UTOPIA Fiber,40.689068,-112.03574,2022-08-13 23:10:00
1660432800,83919,27.2,94.8,3.356,Hunter Junior High powered by UTOPIA Fiber,40.689068,-112.03574,2022-08-13 23:20:00
1660433400,83919,26.2,94.8,3.486,Hunter Junior High powered by UTOPIA Fiber,40.689068,-112.03574,2022-08-13 23:30:00
1660434000,83919,26.8,93.6,2.872,Hunter Junior High powered by UTOPIA Fiber,40.689068,-112.03574,2022-08-13 23:40:00
1660434600,83919,26.4,94.6,2.65,Hunter Junior High powered by UTOPIA Fiber,40.689068,-112.03574,2022-08-13 23:50:00
