time_stamp,sensor_index,humidity,temperature,pm2.5,sensor_name,latitude,longitude,datetime
1656806400,83919,7.0,99.6,0.598,Hunter Junior High powered by UTOPIA Fiber,40.689068,-112.03574,2022-07-03 00:00:00
1656807000,83919,7.6,99.2,0.482,Hunter Junior High powered by UTOPIA Fiber,40.689068,-112.03574,2022-07-03 00:10:00
1656807600,83919,7.8,98.2,0.476,Hunter Junior High powered by UTOPIA Fiber,40.689068,-112.03574,2022-07-03 00:20:00
1656808200,83919,7.8,98.2,0.562,Hunter Junior High powered by UTOPIA Fiber,40.689068,-112.03574,2022-07-03 00:30:00
1656808800,83919,8.4,99.0,0.414,Hunter Junior High powered by UTOPIA Fiber,40.689068,-112.03574,2022-07-03 00:40:00
1656809400,83919,8.2,99.0,0.564,Hunter Junior High powered by UTOPIA Fiber,40.689068,-112.03574,2022-07-03 00:50:00
1656810000,83919,7.4,99.0,0.526,Hunter Junior High powered by UTOPIA Fiber,40.689068,-112.03574,2022-07-03 01:00:00
1656810600,83919,8.0,98.4,0.686,Hunter Junior High powered by UTOPIA Fiber,40.689068,-112.03574,2022-07-03 01:10:00
1656811200,83919,7.8,98.4,0.884,Hunter Junior High powered by UTOPIA Fiber,40.689068,-112.03574,2022-07-03 01:20:00
1656811800,83919,7.4,98.0,0.718,Hunter Junior High powered by UTOPIA Fiber,40.689068,-112.03574,2022-07-03 01:30:00
1656812400,83919,7.8,98.0,0.734,Hunter Junior High powered by UTOPIA Fiber,40.689068,-112.03574,2022-07-03 01:40:00
1656813000,83919,7.6,97.0,0.514,Hunter Junior High powered by UTOPIA Fiber,40.689068,-112.03574,2022-07-03 01:50:00
1656813600,83919,8.0,96.0,0.808,Hunter Junior High powered by UTOPIA Fiber,40.689068,-112.03574,2022-07-03 02:00:00
1656814200,83919,8.0,96.4,0.924,Hunter Junior High powered by UTOPIA Fiber,40.689068,-112.03574,2022-07-03 02:10:00
1656814800,83919,8.4,96.4,1.018,Hunter Junior High powered by UTOPIA Fiber,40.689068,-112.03574,2022-07-03 02:20:00
1656815400,83919,9.2,95.0,1.368,Hunter Junior High powered by UTOPIA Fiber,40.689068,-112.03574,2022-07-03 02:30:00
1656816000,83919,9.0,94.0,2.108,Hunter Junior High powered by UTOPIA Fiber,40.689068,-112.03574,2022-07-03 02:40:00
1656816600,83919,9.6,93.2,1.508,Hunter Junior High powered by UTOPIA Fiber,40.689068,-112.03574,2022-07-03 02:50:00
1656817200,83919,9.4,92.0,1.176,Hunter Junior High powered by UTOPIA Fiber,40.689068,-112.03574,2022-07-03 03:00:00
1656817800,83919,9.8,91.6,1.076,Hunter Junior High powered by UTOPIA Fiber,40.689068,-112.03574,2022-07-03 03:10:00
1656818400,83919,9.6,91.0,1.266,Hunter Junior High powered by UTOPIA Fiber,40.689068,-112.03574,2022-07-03 03:20:00
1656819000,83919,10.0,90.2,1.646,Hunter Junior High powered by UTOPIA Fiber,40.689068,-112.03574,2022-07-03 03:30:00
1656819600,83919,10.0,90.0,1.216,Hunter Junior High powered by UTOPIA Fiber,40.689068,-112.03574,2022-07-03 03:40:00
1656820200,83919,10.0,90.0,1.762,Hunter Junior High powered by UTOPIA Fiber,40.689068,-112.03574,2022-07-03 03:50:00
1656820800,83919,10.2,90.4,3.678,Hunter Junior High powered by UTOPIA Fiber,40.689068,-112.03574,2022-07-03 04:00:00
1656821400,83919,11.0,90.2,22.594,Hunter Junior High powered by UTOPIA Fiber,40.689068,-112.03574,2022-07-03 04:10:00
1656822000,83919,11.2,89.8,18.062,Hunter Junior High powered by UTOPIA Fiber,40.689068,-112.03574,2022-07-03 04:20:00
1656822600,83919,11.6,88.8,20.778,Hunter Junior High powered by UTOPIA Fiber,40.689068,-112.03574,2022-07-03 04:30:00
1656823200,83919,12.0,88.2,25.184,Hunter Junior High powered by UTOPIA Fiber,40.689068,-112.03574,2022-07-03 04:40:00
1656823800,83919,12.0,88.0,14.132,Hunter Junior High powered by UTOPIA Fiber,40.689068,-112.03574,2022-07-03 04:50:00
1656824400,83919,12.0,87.4,13.598,Hunter Junior High powered by UTOPIA Fiber,40.689068,-112.03574,2022-07-03 05:00:00
1656825000,83919,12.2,87.0,16.06,Hunter Junior High powered by UTOPIA Fiber,40.689068,-112.03574,2022-07-03 05:10:00
1656825600,83919,13.0,86.0,16.896,Hunter Junior High powered by UTOPIA Fiber,40.689068,-112.03574,2022-07-03 05:20:00
1656826200,83919,13.2,85.2,13.186,Hunter Junior High powered by UTOPIA Fiber,40.689068,-112.03574,2022-07-03 05:30:00
1656826800,83919,13.0,85.0,10.048,Hunter Junior High powered by UTOPIA Fiber,40.689068,-112.03574,2022-07-03 05:40:00
1656827400,83919,13.2,85.0,6.55,Hunter Junior High powered by UTOPIA Fiber,40.689068,-112.03574,2022-07-03 05:50:00
1656828000,83919,13.2,85.0,3.524,Hunter Junior High powered by UTOPIA Fiber,40.689068,-112.03574,2022-07-03 06:00:00
1656828600,83919,13.8,84.2,2.622,Hunter Junior High powered by UTOPIA Fiber,40.689068,-112.03574,2022-07-03 06:10:00
1656829200,83919,14.6,84.0,3.604,Hunter Junior High powered by UTOPIA Fiber,40.689068,-112.03574,2022-07-03 06:20:00
1656829800,83919,17.2,84.0,3.818,Hunter Junior High powered by UTOPIA Fiber,40.689068,-112.03574,2022-07-03 06:30:00
1656830400,83919,19.6,83.8,7.222,Hunter Junior High powered by UTOPIA Fiber,40.689068,-112.03574,2022-07-03 06:40:00
1656831000,83919,20.0,83.2,2.182,Hunter Junior High powered by UTOPIA Fiber,40.689068,-112.03574,2022-07-03 06:50:00
1656831600,83919,20.4,83.0,1.706,Hunter Junior High powered by UTOPIA Fiber,40.689068,-112.03574,2022-07-03 07:00:00
1656832200,83919,22.0,83.0,1.646,Hunter Junior High powered by UTOPIA Fiber,40.689068,-112.03574,2022-07-03 07:10:00
1656832800,83919,22.4,82.4,1.772,Hunter Junior High powered by UTOPIA Fiber,40.689068,-112.03574,2022-07-03 07:20:00
1656833400,83919,23.0,82.0,1.394,Hunter Junior High powered by UTOPIA Fiber,40.689068,-112.03574,2022-07-03 07:30:00
1656834000,83919,23.2,82.0,1.896,Hunter Junior High powered by UTOPIA Fiber,40.689068,-112.03574,2022-07-03 07:40:00
1656834600,83919,24.0,82.0,1.568,Hunter Junior High powered by UTOPIA Fiber,40.689068,-112.03574,2022-07-03 07:50:00
1656835200,83919,23.2,81.6,1.958,Hunter Junior High powered by UTOPIA Fiber,40.689068,-112.03574,2022-07-03 08:00:00
1656835800,83919,23.0,81.0,1.732,Hunter Junior High powered by UTOPIA Fiber,40.689068,-112.03574,2022-07-03 08:10:00
1656836400,83919,21.8,81.0,1.176,Hunter Junior High powered by UTOPIA Fiber,40.689068,-112.03574,2022-07-03 08:20:00
1656837000,83919,18.6,81.0,1.198,Hunter Junior High powered by UTOPIA Fiber,40.689068,-112.03574,2022-07-03 08:30:00
1656837600,83919,14.8,80.8,0.862,Hunter Junior High powered by UTOPIA Fiber,40.689068,-112.03574,2022-07-03 08:40:00
1656838200,83919,13.8,81.0,0.622,Hunter Junior High powered by UTOPIA Fiber,40.689068,-112.03574,2022-07-03 08:50:00
1656838800,83919,15.0,81.0,0.366,Hunter Junior High powered by UTOPIA Fiber,40.689068,-112.03574,2022-07-03 09:00:00
1656839400,83919,16.6,81.0,0.476,Hunter Junior High powered by UTOPIA Fiber,40.689068,-112.03574,2022-07-03 09:10:00
1656840000,83919,18.6,81.0,0.676,Hunter Junior High powered by UTOPIA Fiber,40.689068,-112.03574,2022-07-03 09:20:00
1656840600,83919,19.0,80.8,0.342,Hunter Junior High powered by UTOPIA Fiber,40.689068,-112.03574,2022-07-03 09:30:00
1656841200,83919,18.0,80.8,0.744,Hunter Junior High powered by UTOPIA Fiber,40.689068,-112.03574,2022-07-03 09:40:00
1656841800,83919,18.0,81.0,0.564,Hunter Junior High powered by UTOPIA Fiber,40.689068,-112.03574,2022-07-03 09:50:00
1656842400,83919,18.2,80.6,0.506,Hunter Junior High powered by UTOPIA Fiber,40.689068,-112.03574,2022-07-03 10:00:00
1656843000,83919,18.4,80.2,0.49,Hunter Junior High powered by UTOPIA Fiber,40.689068,-112.03574,2022-07-03 10:10:00
1656843600,83919,18.0,81.0,0.39,Hunter Junior High powered by UTOPIA Fiber,40.689068,-112.03574,2022-07-03 10:20:00
1656844200,83919,17.0,81.0,0.6,Hunter Junior High powered by UTOPIA Fiber,40.689068,-112.03574,2022-07-03 10:30:00
1656844800,83919,17.0,81.0,0.34,Hunter Junior High powered by UTOPIA Fiber,40.689068,-112.03574,2022-07-03 10:40:00
1656845400,83919,16.8,81.0,0.24,Hunter Junior High powered by UTOPIA Fiber,40.689068,-112.03574,2022-07-03 10:50:00
1656846000,83919,16.0,81.0,0.192,Hunter Junior High powered by UTOPIA Fiber,40.689068,-112.03574,2022-07-03 11:00:00
1656846600,83919,16.2,80.8,0.242,Hunter Junior High powered by UTOPIA Fiber,40.689068,-112.03574,2022-07-03 11:10:00
1656847200,83919,16.8,80.0,0.52,Hunter Junior High powered by UTOPIA Fiber,40.689068,-112.03574,2022-07-03 11:20:00
1656847800,83919,17.8,80.0,0.338,Hunter Junior High powered by UTOPIA Fiber,40.689068,-112.03574,2022-07-03 11:30:00
1656848400,83919,18.2,80.0,0.392,Hunter Junior High powered by UTOPIA Fiber,40.689068,-112.03574,2022-07-03 11:40:00
1656849000,83919,19.2,79.6,0.394,Hunter Junior High powered by UTOPIA Fiber,40.689068,-112.03574,2022-07-03 11:50:00
1656849600,83919,20.0,79.0,0.69,Hunter Junior High powered by UTOPIA Fiber,40.689068,-112.03574,2022-07-03 12:00:00
1656850200,83919,20.0,79.0,0.678,Hunter Junior High powered by UTOPIA Fiber,40.689068,-112.03574,2022-07-03 12:10:00
1656850800,83919,19.6,79.6,0.422,Hunter Junior High powered by UTOPIA Fiber,40.689068,-112.03574,2022-07-03 12:20:00
1656851400,83919,19.6,80.0,0.408,Hunter Junior High powered by UTOPIA Fiber,40.689068,-112.03574,2022-07-03 12:30:00
1656852000,83919,19.0,80.0,0.46,Hunter Junior High powered by UTOPIA Fiber,40.689068,-112.03574,2022-07-03 12:40:00
1656852600,83919,19.8,79.8,0.28,Hunter Junior High powered by UTOPIA Fiber,40.689068,-112.03574,2022-07-03 12:50:00
1656853200,83919,19.2,80.0,0.562,Hunter Junior High powered by UTOPIA Fiber,40.689068,-112.03574,2022-07-03 13:00:00
1656853800,83919,18.8,80.0,0.688,Hunter Junior High powered by UTOPIA Fiber,40.689068,-112.03574,2022-07-03 13:10:00
1656854400,83919,19.0,80.0,0.518,Hunter Junior High powered by UTOPIA Fiber,40.689068,-112.03574,2022-07-03 13:20:00
1656855000,83919,18.0,81.0,0.28,Hunter Junior High powered by UTOPIA Fiber,40.689068,-112.03574,2022-07-03 13:30:00
1656855600,83919,18.0,81.0,0.506,Hunter Junior High powered by UTOPIA Fiber,40.689068,-112.03574,2022-07-03 13:40:00
1656856200,83919,17.0,82.0,0.474,Hunter Junior High powered by UTOPIA Fiber,40.689068,-112.03574,2022-07-03 13:50:00
1656856800,83919,17.0,82.4,0.472,Hunter Junior High powered by UTOPIA Fiber,40.689068,-112.03574,2022-07-03 14:00:00
1656857400,83919,17.0,83.0,0.542,Hunter Junior High powered by UTOPIA Fiber,40.689068,-112.03574,2022-07-03 14:10:00
1656858000,83919,16.6,83.4,0.256,Hunter Junior High powered by UTOPIA Fiber,40.689068,-112.03574,2022-07-03 14:20:00
1656858600,83919,16.2,84.0,0.58,Hunter Junior High powered by UTOPIA Fiber,40.689068,-112.03574,2022-07-03 14:30:00
1656859200,83919,16.8,84.8,0.296,Hunter Junior High powered by UTOPIA Fiber,40.689068,-112.03574,2022-07-03 14:40:00
1656859800,83919,16.0,85.0,0.58,Hunter Junior High powered by UTOPIA Fiber,40.689068,-112.03574,2022-07-03 14:50:00
1656860400,83919,15.6,85.8,0.302,Hunter Junior High powered by UTOPIA Fiber,40.689068,-112.03574,2022-07-03 15:00:00
1656861000,83919,15.4,86.4,0.224,Hunter Junior High powered by UTOPIA Fiber,40.689068,-112.03574,2022-07-03 15:10:00
1656861600,83919,15.0,87.4,0.222,Hunter Junior High powered by UTOPIA Fiber,40.689068,-112.03574,2022-07-03 15:20:00
1656862200,83919,14.4,88.0,0.406,Hunter Junior High powered by UTOPIA Fiber,40.689068,-112.03574,2022-07-03 15:30:00
1656862800,83919,14.2,88.8,0.304,Hunter Junior High powered by UTOPIA Fiber,40.689068,-112.03574,2022-07-03 15:40:00
1656863400,83919,14.0,89.8,0.486,Hunter Junior High powered by UTOPIA Fiber,40.689068,-112.03574,2022-07-03 15:50:00
1656864000,83919,14.2,90.0,0.414,Hunter Junior High powered by UTOPIA Fiber,40.689068,-112.03574,2022-07-03 16:00:00
1656864600,83919,13.2,90.6,0.242,Hunter Junior High powered by UTOPIA Fiber,40.689068,-112.03574,2022-07-03 16:10:00
1656865200,83919,13.4,91.4,0.3,Hunter Junior High powered by UTOPIA Fiber,40.689068,-112.03574,2022-07-03 16:20:00
1656865800,83919,13.6,91.2,0.298,Hunter Junior High powered by UTOPIA Fiber,40.689068,-112.03574,2022-07-03 16:30:00
1656866400,83919,13.0,92.2,0.3,Hunter Junior High powered by UTOPIA Fiber,40.689068,-112.03574,2022-07-03 16:40:00
1656867000,83919,12.2,92.6,0.188,Hunter Junior High powered by UTOPIA Fiber,40.689068,-112.03574,2022-07-03 16:50:00
1656867600,83919,11.4,92.6,0.086,Hunter Junior High powered by UTOPIA Fiber,40.689068,-112.03574,2022-07-03 17:00:00
1656868200,83919,11.2,92.6,0.056,Hunter Junior High powered by UTOPIA Fiber,40.689068,-112.03574,2022-07-03 17:10:00
1656868800,83919,11.6,92.8,0.118,Hunter Junior High powered by UTOPIA Fiber,40.689068,-112.03574,2022-07-03 17:20:00
1656869400,83919,11.2,92.6,0.118,Hunter Junior High powered by UTOPIA Fiber,40.689068,-112.03574,2022-07-03 17:30:00
1656870000,83919,10.8,94.2,0.082,Hunter Junior High powered by UTOPIA Fiber,40.689068,-112.03574,2022-07-03 17:40:00
1656870600,83919,10.6,94.8,0.236,Hunter Junior High powered by UTOPIA Fiber,40.689068,-112.03574,2022-07-03 17:50:00
1656871200,83919,10.4,95.0,0.052,Hunter Junior High powered by UTOPIA Fiber,40.689068,-112.03574,2022-07-03 18:00:00
1656871800,83919,10.4,95.0,0.106,Hunter Junior High powered by UTOPIA Fiber,40.689068,-112.03574,2022-07-03 18:10:00
1656872400,83919,10.0,94.2,0.004,Hunter Junior High powered by UTOPIA Fiber,40.689068,-112.03574,2022-07-03 18:20:00
1656873000,83919,10.4,93.8,0.276,Hunter Junior High powered by UTOPIA Fiber,40.689068,-112.03574,2022-07-03 18:30:00
1656873600,83919,10.0,94.2,0.07,Hunter Junior High powered by UTOPIA Fiber,40.689068,-112.03574,2022-07-03 18:40:00
1656874200,83919,9.8,94.0,0.452,Hunter Junior High powered by UTOPIA Fiber,40.689068,-112.03574,2022-07-03 18:50:00
1656874800,83919,9.8,94.6,0.052,Hunter Junior High powered by UTOPIA Fiber,40.689068,-112.03574,2022-07-03 19:00:00
1656875400,83919,9.2,94.2,0.202,Hunter Junior High powered by UTOPIA Fiber,40.689068,-112.03574,2022-07-03 19:10:00
1656876000,83919,9.2,94.8,0.162,Hunter Junior High powered by UTOPIA Fiber,40.689068,-112.03574,2022-07-03 19:20:00
1656876600,83919,8.6,94.8,0.182,Hunter Junior High powered by UTOPIA Fiber,40.689068,-112.03574,2022-07-03 19:30:00
1656877200,83919,8.6,95.2,0.234,Hunter Junior High powered by UTOPIA Fiber,40.689068,-112.03574,2022-07-03 19:40:00
1656877800,83919,9.2,96.2,0.276,Hunter Junior High powered by UTOPIA Fiber,40.689068,-112.03574,2022-07-03 19:50:00
1656878400,83919,8.2,96.8,0.33,Hunter Junior High powered by UTOPIA Fiber,40.689068,-112.03574,2022-07-03 20:00:00
1656879000,83919,8.2,97.8,0.07,Hunter Junior High powered by UTOPIA Fiber,40.689068,-112.03574,2022-07-03 20:10:00
1656879600,83919,7.8,97.8,0.066,Hunter Junior High powered by UTOPIA Fiber,40.689068,-112.03574,2022-07-03 20:20:00
1656880200,83919,8.2,98.2,0.118,Hunter Junior High powered by UTOPIA Fiber,40.689068,-112.03574,2022-07-03 20:30:00
1656880800,83919,7.8,98.4,0.202,Hunter Junior High powered by UTOPIA Fiber,40.689068,-112.03574,2022-07-03 20:40:00
1656881400,83919,7.4,99.2,0.404,Hunter Junior High powered by UTOPIA Fiber,40.689068,-112.03574,2022-07-03 20:50:00
1656882000,83919,7.0,98.6,0.442,Hunter Junior High powered by UTOPIA Fiber,40.689068,-112.03574,2022-07-03 21:00:00
1656882600,83919,7.4,98.8,0.384,Hunter Junior High powered by UTOPIA Fiber,40.689068,-112.03574,2022-07-03 21:10:00
1656883200,83919,6.8,99.4,0.214,Hunter Junior High powered by UTOPIA Fiber,40.689068,-112.03574,2022-07-03 21:20:00
1656883800,83919,6.4,99.0,0.144,Hunter Junior High powered by UTOPIA Fiber,40.689068,-112.03574,2022-07-03 21:30:00
1656884400,83919,6.2,98.6,0.362,Hunter Junior High powered by UTOPIA Fiber,40.689068,-112.03574,2022-07-03 21:40:00
1656885000,83919,7.0,97.2,0.37,Hunter Junior High powered by UTOPIA Fiber,40.689068,-112.03574,2022-07-03 21:50:00
1656885600,83919,7.8,96.4,0.26,Hunter Junior High powered by UTOPIA Fiber,40.689068,-112.03574,2022-07-03 22:00:00
1656886200,83919,8.0,97.0,0.412,Hunter Junior High powered by UTOPIA Fiber,40.689068,-112.03574,2022-07-03 22:10:00
1656886800,83919,7.6,97.0,0.4,Hunter Junior High powered by UTOPIA Fiber,40.689068,-112.03574,2022-07-03 22:20:00
1656887400,83919,7.2,97.0,0.536,Hunter Junior High powered by UTOPIA Fiber,40.689068,-112.03574,2022-07-03 22:30:00
1656888000,83919,6.6,97.0,0.436,Hunter Junior High powered by UTOPIA Fiber,40.689068,-112.03574,2022-07-03 22:40:00
1656888600,83919,7.0,97.0,0.664,Hunter Junior High powered by UTOPIA Fiber,40.689068,-112.03574,2022-07-03 22:50:00
1656889200,83919,6.6,96.8,0.67,Hunter Junior High powered by UTOPIA Fiber,40.689068,-112.03574,2022-07-03 23:00:00
1656889800,83919,5.6,96.8,0.574,Hunter Junior High powered by UTOPIA Fiber,40.689068,-112.03574,2022-07-03 23:10:00
1656890400,83919,5.8,97.0,0.478,Hunter Junior High powered by UTOPIA Fiber,40.689068,-112.03574,2022-07-03 23:20:00
1656891000,83919,5.6,97.0,0.434,Hunter Junior High powered by UTOPIA Fiber,40.689068,-112.03574,2022-07-03 23:30:00
1656891600,83919,5.8,97.6,0.76,Hunter Junior High powered by UTOPIA Fiber,40.689068,-112.03574,2022-07-03 23:40:00
1656892200,83919,6.0,98.2,0.59,Hunter Junior High powered by UTOPIA Fiber,40.689068,-112.03574,2022-07-03 23:50:00
1656892800,83919,5.6,98.0,0.74,Hunter Junior High powered by UTOPIA Fiber,40.689068,-112.03574,2022-07-04 00:00:00
1656893400,83919,5.8,97.4,0.868,Hunter Junior High powered by UTOPIA Fiber,40.689068,-112.03574,2022-07-04 00:10:00
1656894000,83919,6.4,97.0,0.714,Hunter Junior High powered by UTOPIA Fiber,40.689068,-112.03574,2022-07-04 00:20:00
1656894600,83919,6.2,96.6,0.96,Hunter Junior High powered by UTOPIA Fiber,40.689068,-112.03574,2022-07-04 00:30:00
1656895200,83919,6.0,96.8,1.042,Hunter Junior High powered by UTOPIA Fiber,40.689068,-112.03574,2022-07-04 00:40:00
1656895800,83919,5.4,96.0,0.822,Hunter Junior High powered by UTOPIA Fiber,40.689068,-112.03574,2022-07-04 00:50:00
1656896400,83919,5.6,96.6,1.204,Hunter Junior High powered by UTOPIA Fiber,40.689068,-112.03574,2022-07-04 01:00:00
1656897000,83919,5.2,97.8,1.454,Hunter Junior High powered by UTOPIA Fiber,40.689068,-112.03574,2022-07-04 01:10:00
1656897600,83919,5.6,97.2,1.05,Hunter Junior High powered by UTOPIA Fiber,40.689068,-112.03574,2022-07-04 01:20:00
1656898200,83919,5.8,96.0,0.824,Hunter Junior High powered by UTOPIA Fiber,40.689068,-112.03574,2022-07-04 01:30:00
1656898800,83919,5.6,96.0,1.056,Hunter Junior High powered by UTOPIA Fiber,40.689068,-112.03574,2022-07-04 01:40:00
1656899400,83919,5.2,96.0,0.956,Hunter Junior High powered by UTOPIA Fiber,40.689068,-112.03574,2022-07-04 01:50:00
1656900000,83919,5.2,95.6,1.114,Hunter Junior High powered by UTOPIA Fiber,40.689068,-112.03574,2022-07-04 02:00:00
1656900600,83919,6.0,94.2,1.524,Hunter Junior High powered by UTOPIA Fiber,40.689068,-112.03574,2022-07-04 02:10:00
1656901200,83919,6.4,93.4,1.234,Hunter Junior High powered by UTOPIA Fiber,40.689068,-112.03574,2022-07-04 02:20:00
1656901800,83919,6.8,92.6,1.502,Hunter Junior High powered by UTOPIA Fiber,40.689068,-112.03574,2022-07-04 02:30:00
1656902400,83919,6.6,92.0,4.93,Hunter Junior High powered by UTOPIA Fiber,40.689068,-112.03574,2022-07-04 02:40:00
1656903000,83919,6.8,91.0,3.742,Hunter Junior High powered by UTOPIA Fiber,40.689068,-112.03574,2022-07-04 02:50:00
1656903600,83919,7.0,90.4,6.942,Hunter Junior High powered by UTOPIA Fiber,40.689068,-112.03574,2022-07-04 03:00:00
1656904200,83919,7.0,89.8,2.522,Hunter Junior High powered by UTOPIA Fiber,40.689068,-112.03574,2022-07-04 03:10:00
1656904800,83919,7.4,88.8,5.176,Hunter Junior High powered by UTOPIA Fiber,40.689068,-112.03574,2022-07-04 03:20:00
1656905400,83919,7.2,88.2,7.774,Hunter Junior High powered by UTOPIA Fiber,40.689068,-112.03574,2022-07-04 03:30:00
1656906000,83919,7.0,88.0,4.528,Hunter Junior High powered by UTOPIA Fiber,40.689068,-112.03574,2022-07-04 03:40:00
1656906600,83919,7.0,88.6,7.976,Hunter Junior High powered by UTOPIA Fiber,40.689068,-112.03574,2022-07-04 03:50:00
1656907200,83919,7.0,88.0,11.55,Hunter Junior High powered by UTOPIA Fiber,40.689068,-112.03574,2022-07-04 04:00:00
1656907800,83919,7.0,88.2,15.298,Hunter Junior High powered by UTOPIA Fiber,40.689068,-112.03574,2022-07-04 04:10:00
1656908400,83919,7.0,88.4,11.366,Hunter Junior High powered by UTOPIA Fiber,40.689068,-112.03574,2022-07-04 04:20:00
1656909000,83919,6.6,88.0,25.24,Hunter Junior High powered by UTOPIA Fiber,40.689068,-112.03574,2022-07-04 04:30:00
1656909600,83919,6.6,88.0,11.134,Hunter Junior High powered by UTOPIA Fiber,40.689068,-112.03574,2022-07-04 04:40:00
1656910200,83919,7.4,87.4,14.546,Hunter Junior High powered by UTOPIA Fiber,40.689068,-112.03574,2022-07-04 04:50:00
1656910800,83919,8.2,87.0,14.798,Hunter Junior High powered by UTOPIA Fiber,40.689068,-112.03574,2022-07-04 05:00:00
1656911400,83919,8.0,87.0,9.788,Hunter Junior High powered by UTOPIA Fiber,40.689068,-112.03574,2022-07-04 05:10:00
1656912000,83919,8.0,86.4,5.67,Hunter Junior High powered by UTOPIA Fiber,40.689068,-112.03574,2022-07-04 05:20:00
1656912600,83919,8.0,86.0,3.382,Hunter Junior High powered by UTOPIA Fiber,40.689068,-112.03574,2022-07-04 05:30:00
1656913200,83919,8.0,86.0,5.862,Hunter Junior High powered by UTOPIA Fiber,40.689068,-112.03574,2022-07-04 05:40:00
1656913800,83919,8.4,85.8,8.262,Hunter Junior High powered by UTOPIA Fiber,40.689068,-112.03574,2022-07-04 05:50:00
1656914400,83919,8.8,85.0,26.376,Hunter Junior High powered by UTOPIA Fiber,40.689068,-112.03574,2022-07-04 06:00:00
1656915000,83919,8.0,86.0,1.924,Hunter Junior High powered by UTOPIA Fiber,40.689068,-112.03574,2022-07-04 06:10:00
1656915600,83919,8.0,86.0,0.95,Hunter Junior High powered by UTOPIA Fiber,40.689068,-112.03574,2022-07-04 06:20:00
1656916200,83919,8.0,85.4,0.58,Hunter Junior High powered by UTOPIA Fiber,40.689068,-112.03574,2022-07-04 06:30:00
1656916800,83919,8.0,85.2,0.738,Hunter Junior High powered by UTOPIA Fiber,40.689068,-112.03574,2022-07-04 06:40:00
1656917400,83919,8.8,85.0,0.698,Hunter Junior High powered by UTOPIA Fiber,40.689068,-112.03574,2022-07-04 06:50:00
1656918000,83919,9.0,84.2,1.444,Hunter Junior High powered by UTOPIA Fiber,40.689068,-112.03574,2022-07-04 07:00:00
1656918600,83919,10.0,83.4,1.044,Hunter Junior High powered by UTOPIA Fiber,40.689068,-112.03574,2022-07-04 07:10:00
1656919200,83919,9.4,82.8,0.684,Hunter Junior High powered by UTOPIA Fiber,40.689068,-112.03574,2022-07-04 07:20:00
1656919800,83919,10.0,82.0,1.088,Hunter Junior High powered by UTOPIA Fiber,40.689068,-112.03574,2022-07-04 07:30:00
1656920400,83919,10.8,81.6,0.69,Hunter Junior High powered by UTOPIA Fiber,40.689068,-112.03574,2022-07-04 07:40:00
1656921000,83919,10.8,81.0,0.814,Hunter Junior High powered by UTOPIA Fiber,40.689068,-112.03574,2022-07-04 07:50:00
1656921600,83919,11.0,81.0,0.496,Hunter Junior High powered by UTOPIA Fiber,40.689068,-112.03574,2022-07-04 08:00:00
1656922200,83919,10.8,80.4,1.102,Hunter Junior High powered by UTOPIA Fiber,40.689068,-112.03574,2022-07-04 08:10:00
1656922800,83919,11.0,80.0,0.946,Hunter Junior High powered by UTOPIA Fiber,40.689068,-112.03574,2022-07-04 08:20:00
1656923400,83919,11.0,79.8,0.7,Hunter Junior High powered by UTOPIA Fiber,40.689068,-112.03574,2022-07-04 08:30:00
1656924000,83919,11.0,80.0,0.63,Hunter Junior High powered by UTOPIA Fiber,40.689068,-112.03574,2022-07-04 08:40:00
1656924600,83919,11.0,80.0,0.606,Hunter Junior High powered by UTOPIA Fiber,40.689068,-112.03574,2022-07-04 08:50:00
1656925200,83919,11.8,79.8,0.764,Hunter Junior High powered by UTOPIA Fiber,40.689068,-112.03574,2022-07-04 09:00:00
1656925800,83919,11.6,79.2,0.52,Hunter Junior High powered by UTOPIA Fiber,40.689068,-112.03574,2022-07-04 09:10:00
1656926400,83919,11.6,79.0,0.534,Hunter Junior High powered by UTOPIA Fiber,40.689068,-112.03574,2022-07-04 09:20:00
1656927000,83919,11.8,79.0,0.806,Hunter Junior High powered by UTOPIA Fiber,40.689068,-112.03574,2022-07-04 09:30:00
1656927600,83919,12.0,79.0,0.856,Hunter Junior High powered by UTOPIA Fiber,40.689068,-112.03574,2022-07-04 09:40:00
1656928200,83919,12.0,78.2,0.814,Hunter Junior High powered by UTOPIA Fiber,40.689068,-112.03574,2022-07-04 09:50:00
1656928800,83919,12.0,78.0,0.582,Hunter Junior High powered by UTOPIA Fiber,40.689068,-112.03574,2022-07-04 10:00:00
1656929400,83919,13.0,78.0,0.65,Hunter Junior High powered by UTOPIA Fiber,40.689068,-112.03574,2022-07-04 10:10:00
1656930000,83919,13.0,78.0,0.782,Hunter Junior High powered by UTOPIA Fiber,40.689068,-112.03574,2022-07-04 10:20:00
1656930600,83919,13.0,77.6,0.694,Hunter Junior High powered by UTOPIA Fiber,40.689068,-112.03574,2022-07-04 10:30:00
1656931200,83919,13.0,77.0,0.442,Hunter Junior High powered by UTOPIA Fiber,40.689068,-112.03574,2022-07-04 10:40:00
1656931800,83919,13.4,77.6,0.306,Hunter Junior High powered by UTOPIA Fiber,40.689068,-112.03574,2022-07-04 10:50:00
1656932400,83919,13.0,78.0,0.536,Hunter Junior High powered by UTOPIA Fiber,40.689068,-112.03574,2022-07-04 11:00:00
1656933000,83919,13.4,78.0,0.454,Hunter Junior High powered by UTOPIA Fiber,40.689068,-112.03574,2022-07-04 11:10:00
1656933600,83919,14.0,77.0,0.426,Hunter Junior High powered by UTOPIA Fiber,40.689068,-112.03574,2022-07-04 11:20:00
1656934200,83919,14.0,77.0,0.638,Hunter Junior High powered by UTOPIA Fiber,40.689068,-112.03574,2022-07-04 11:30:00
1656934800,83919,14.0,77.0,0.506,Hunter Junior High powered by UTOPIA Fiber,40.689068,-112.03574,2022-07-04 11:40:00
1656935400,83919,14.0,76.2,0.382,Hunter Junior High powered by UTOPIA Fiber,40.689068,-112.03574,2022-07-04 11:50:00
1656936000,83919,14.6,76.0,0.598,Hunter Junior High powered by UTOPIA Fiber,40.689068,-112.03574,2022-07-04 12:00:00
1656936600,83919,15.2,75.0,0.468,Hunter Junior High powered by UTOPIA Fiber,40.689068,-112.03574,2022-07-04 12:10:00
1656937200,83919,15.8,75.0,0.516,Hunter Junior High powered by UTOPIA Fiber,40.689068,-112.03574,2022-07-04 12:20:00
1656937800,83919,15.8,75.0,0.418,Hunter Junior High powered by UTOPIA Fiber,40.689068,-112.03574,2022-07-04 12:30:00
1656938400,83919,16.0,75.0,0.486,Hunter Junior High powered by UTOPIA Fiber,40.689068,-112.03574,2022-07-04 12:40:00
1656939000,83919,15.4,75.2,0.418,Hunter Junior High powered by UTOPIA Fiber,40.689068,-112.03574,2022-07-04 12:50:00
1656939600,83919,15.0,76.0,0.496,Hunter Junior High powered by UTOPIA Fiber,40.689068,-112.03574,2022-07-04 13:00:00
1656940200,83919,14.8,76.8,0.38,Hunter Junior High powered by UTOPIA Fiber,40.689068,-112.03574,2022-07-04 13:10:00
1656940800,83919,14.0,77.8,0.598,Hunter Junior High powered by UTOPIA Fiber,40.689068,-112.03574,2022-07-04 13:20:00
1656941400,83919,14.0,78.0,0.444,Hunter Junior High powered by UTOPIA Fiber,40.689068,-112.03574,2022-07-04 13:30:00
1656942000,83919,14.0,78.8,0.298,Hunter Junior High powered by UTOPIA Fiber,40.689068,-112.03574,2022-07-04 13:40:00
1656942600,83919,13.8,79.6,0.464,Hunter Junior High powered by UTOPIA Fiber,40.689068,-112.03574,2022-07-04 13:50:00
1656943200,83919,13.0,80.0,0.332,Hunter Junior High powered by UTOPIA Fiber,40.689068,-112.03574,2022-07-04 14:00:00
1656943800,83919,13.0,80.2,0.3,Hunter Junior High powered by UTOPIA Fiber,40.689068,-112.03574,2022-07-04 14:10:00
1656944400,83919,12.8,81.2,0.228,Hunter Junior High powered by UTOPIA Fiber,40.689068,-112.03574,2022-07-04 14:20:00
1656945000,83919,12.8,81.8,0.526,Hunter Junior High powered by UTOPIA Fiber,40.689068,-112.03574,2022-07-04 14:30:00
1656945600,83919,13.4,82.8,0.502,Hunter Junior High powered by UTOPIA Fiber,40.689068,-112.03574,2022-07-04 14:40:00
1656946200,83919,15.0,83.2,0.634,Hunter Junior High powered by UTOPIA Fiber,40.689068,-112.03574,2022-07-04 14:50:00
1656946800,83919,14.8,84.0,0.65,Hunter Junior High powered by UTOPIA Fiber,40.689068,-112.03574,2022-07-04 15:00:00
1656947400,83919,15.4,84.2,0.664,Hunter Junior High powered by UTOPIA Fiber,40.689068,-112.03574,2022-07-04 15:10:00
1656948000,83919,13.6,84.6,0.53,Hunter Junior High powered by UTOPIA Fiber,40.689068,-112.03574,2022-07-04 15:20:00
1656948600,83919,13.2,85.6,0.422,Hunter Junior High powered by UTOPIA Fiber,40.689068,-112.03574,2022-07-04 15:30:00
1656949200,83919,12.6,86.0,0.204,Hunter Junior High powered by UTOPIA Fiber,40.689068,-112.03574,2022-07-04 15:40:00
1656949800,83919,12.4,86.0,0.37,Hunter Junior High powered by UTOPIA Fiber,40.689068,-112.03574,2022-07-04 15:50:00
1656950400,83919,11.6,86.0,0.452,Hunter Junior High powered by UTOPIA Fiber,40.689068,-112.03574,2022-07-04 16:00:00
1656951000,83919,11.8,86.2,0.396,Hunter Junior High powered by UTOPIA Fiber,40.689068,-112.03574,2022-07-04 16:10:00
1656951600,83919,11.4,87.0,0.166,Hunter Junior High powered by UTOPIA Fiber,40.689068,-112.03574,2022-07-04 16:20:00
1656952200,83919,11.6,88.2,0.236,Hunter Junior High powered by UTOPIA Fiber,40.689068,-112.03574,2022-07-04 16:30:00
1656952800,83919,11.2,89.0,0.264,Hunter Junior High powered by UTOPIA Fiber,40.689068,-112.03574,2022-07-04 16:40:00
1656953400,83919,10.4,90.0,0.232,Hunter Junior High powered by UTOPIA Fiber,40.689068,-112.03574,2022-07-04 16:50:00
1656954000,83919,10.6,91.0,0.388,Hunter Junior High powered by UTOPIA Fiber,40.689068,-112.03574,2022-07-04 17:00:00
1656954600,83919,9.8,90.6,0.3,Hunter Junior High powered by UTOPIA Fiber,40.689068,-112.03574,2022-07-04 17:10:00
1656955200,83919,9.8,90.4,0.304,Hunter Junior High powered by UTOPIA Fiber,40.689068,-112.03574,2022-07-04 17:20:00
1656955800,83919,10.2,90.6,0.218,Hunter Junior High powered by UTOPIA Fiber,40.689068,-112.03574,2022-07-04 17:30:00
1656956400,83919,10.0,91.8,0.552,Hunter Junior High powered by UTOPIA Fiber,40.689068,-112.03574,2022-07-04 17:40:00
1656957000,83919,9.8,92.4,0.212,Hunter Junior High powered by UTOPIA Fiber,40.689068,-112.03574,2022-07-04 17:50:00
1656957600,83919,9.8,92.4,0.43,Hunter Junior High powered by UTOPIA Fiber,40.689068,-112.03574,2022-07-04 18:00:00
1656958200,83919,9.8,92.4,0.238,Hunter Junior High powered by UTOPIA Fiber,40.689068,-112.03574,2022-07-04 18:10:00
1656958800,83919,9.4,93.6,0.318,Hunter Junior High powered by UTOPIA Fiber,40.689068,-112.03574,2022-07-04 18:20:00
1656959400,83919,9.8,93.4,0.314,Hunter Junior High powered by UTOPIA Fiber,40.689068,-112.03574,2022-07-04 18:30:00
1656960000,83919,9.4,93.4,0.342,Hunter Junior High powered by UTOPIA Fiber,40.689068,-112.03574,2022-07-04 18:40:00
1656960600,83919,9.0,94.6,0.304,Hunter Junior High powered by UTOPIA Fiber,40.689068,-112.03574,2022-07-04 18:50:00
1656961200,83919,8.2,95.6,0.298,Hunter Junior High powered by UTOPIA Fiber,40.689068,-112.03574,2022-07-04 19:00:00
1656961800,83919,8.2,95.6,0.236,Hunter Junior High powered by UTOPIA Fiber,40.689068,-112.03574,2022-07-04 19:10:00
1656962400,83919,8.0,94.4,0.536,Hunter Junior High powered by UTOPIA Fiber,40.689068,-112.03574,2022-07-04 19:20:00
1656963000,83919,8.2,95.6,0.096,Hunter Junior High powered by UTOPIA Fiber,40.689068,-112.03574,2022-07-04 19:30:00
1656963600,83919,7.6,95.6,0.322,Hunter Junior High powered by UTOPIA Fiber,40.689068,-112.03574,2022-07-04 19:40:00
1656964200,83919,7.0,96.8,0.07,Hunter Junior High powered by UTOPIA Fiber,40.689068,-112.03574,2022-07-04 19:50:00
1656964800,83919,7.2,97.0,0.246,Hunter Junior High powered by UTOPIA Fiber,40.689068,-112.03574,2022-07-04 20:00:00
1656965400,83919,6.8,99.0,0.268,Hunter Junior High powered by UTOPIA Fiber,40.689068,-112.03574,2022-07-04 20:10:00
1656966000,83919,6.0,98.4,0.094,Hunter Junior High powered by UTOPIA Fiber,40.689068,-112.03574,2022-07-04 20:20:00
1656966600,83919,5.8,98.2,0.334,Hunter Junior High powered by UTOPIA Fiber,40.689068,-112.03574,2022-07-04 20:30:00
1656967200,83919,5.4,99.6,0.18,Hunter Junior High powered by UTOPIA Fiber,40.689068,-112.03574,2022-07-04 20:40:00
1656967800,83919,4.8,100.4,0.242,Hunter Junior High powered by UTOPIA Fiber,40.689068,-112.03574,2022-07-04 20:50:00
1656968400,83919,5.0,100.0,0.178,Hunter Junior High powered by UTOPIA Fiber,40.689068,-112.03574,2022-07-04 21:00:00
1656969000,83919,4.8,99.2,0.092,Hunter Junior High powered by UTOPIA Fiber,40.689068,-112.03574,2022-07-04 21:10:00
1656969600,83919,5.2,98.6,0.15,Hunter Junior High powered by UTOPIA Fiber,40.689068,-112.03574,2022-07-04 21:20:00
1656970200,83919,5.0,97.8,0.072,Hunter Junior High powered by UTOPIA Fiber,40.689068,-112.03574,2022-07-04 21:30:00
1656970800,83919,4.8,98.2,0.196,Hunter Junior High powered by UTOPIA Fiber,40.689068,-112.03574,2022-07-04 21:40:00
1656971400,83919,6.0,97.2,0.192,Hunter Junior High powered by UTOPIA Fiber,40.689068,-112.03574,2022-07-04 21:50:00
1656972000,83919,6.4,96.8,0.18,Hunter Junior High powered by UTOPIA Fiber,40.689068,-112.03574,2022-07-04 22:00:00
1656972600,83919,6.4,96.8,0.306,Hunter Junior High powered by UTOPIA Fiber,40.689068,-112.03574,2022-07-04 22:10:00
1656973200,83919,5.8,96.8,0.192,Hunter Junior High powered by UTOPIA Fiber,40.689068,-112.03574,2022-07-04 22:20:00
1656973800,83919,5.6,96.8,0.124,Hunter Junior High powered by UTOPIA Fiber,40.689068,-112.03574,2022-07-04 22:30:00
1656974400,83919,5.4,97.0,0.274,Hunter Junior High powered by UTOPIA Fiber,40.689068,-112.03574,2022-07-04 22:40:00
1656975000,83919,5.4,96.8,0.102,Hunter Junior High powered by UTOPIA Fiber,40.689068,-112.03574,2022-07-04 22:50:00
1656975600,83919,5.2,96.8,0.258,Hunter Junior High powered by UTOPIA Fiber,40.689068,-112.03574,2022-07-04 23:00:00
1656976200,83919,5.0,96.8,0.34,Hunter Junior High powered by UTOPIA Fiber,40.689068,-112.03574,2022-07-04 23:10:00
1656976800,83919,5.0,96.8,0.33,Hunter Junior High powered by UTOPIA Fiber,40.689068,-112.03574,2022-07-04 23:20:00
1656977400,83919,4.6,96.4,0.75,Hunter Junior High powered by UTOPIA Fiber,40.689068,-112.03574,2022-07-04 23:30:00
1656978000,83919,4.0,96.8,0.342,Hunter Junior High powered by UTOPIA Fiber,40.689068,-112.03574,2022-07-04 23:40:00
1656978600,83919,4.0,97.4,0.162,Hunter Junior High powered by UTOPIA Fiber,40.689068,-112.03574,2022-07-04 23:50:00
