time_stamp,sensor_index,humidity,temperature,pm2.5,sensor_name,latitude,longitude,datetime
1661472000,83919,17.2,94.0,2.432,Hunter Junior High powered by UTOPIA Fiber,40.689068,-112.03574,2022-08-26 00:00:00
1661472600,83919,17.8,94.0,2.318,Hunter Junior High powered by UTOPIA Fiber,40.689068,-112.03574,2022-08-26 00:10:00
1661473200,83919,18.4,94.2,2.308,Hunter Junior High powered by UTOPIA Fiber,40.689068,-112.03574,2022-08-26 00:20:00
1661473800,83919,18.2,94.8,2.436,Hunter Junior High powered by UTOPIA Fiber,40.689068,-112.03574,2022-08-26 00:30:00
1661474400,83919,17.6,95.0,2.408,Hunter Junior High powered by UTOPIA Fiber,40.689068,-112.03574,2022-08-26 00:40:00
1661475000,83919,18.2,95.0,2.448,Hunter Junior High powered by UTOPIA Fiber,40.689068,-112.03574,2022-08-26 00:50:00
1661475600,83919,18.4,94.0,2.884,Hunter Junior High powered by UTOPIA Fiber,40.689068,-112.03574,2022-08-26 01:00:00
1661476200,83919,19.4,94.0,2.626,Hunter Junior High powered by UTOPIA Fiber,40.689068,-112.03574,2022-08-26 01:10:00
1661476800,83919,20.4,93.0,2.54,Hunter Junior High powered by UTOPIA Fiber,40.689068,-112.03574,2022-08-26 01:20:00
1661477400,83919,20.0,92.2,2.704,Hunter Junior High powered by UTOPIA Fiber,40.689068,-112.03574,2022-08-26 01:30:00
1661478000,83919,20.0,91.6,2.736,Hunter Junior High powered by UTOPIA Fiber,40.689068,-112.03574,2022-08-26 01:40:00
1661478600,83919,22.8,90.8,2.752,Hunter Junior High powered by UTOPIA Fiber,40.689068,-112.03574,2022-08-26 01:50:00
1661479200,83919,22.8,90.0,2.91,Hunter Junior High powered by UTOPIA Fiber,40.689068,-112.03574,2022-08-26 02:00:00
1661479800,83919,22.8,89.4,2.968,Hunter Junior High powered by UTOPIA Fiber,40.689068,-112.03574,2022-08-26 02:10:00
1661480400,83919,24.4,88.4,3.536,Hunter Junior High powered by UTOPIA Fiber,40.689068,-112.03574,2022-08-26 02:20:00
1661481000,83919,25.2,87.0,4.73,Hunter Junior High powered by UTOPIA Fiber,40.689068,-112.03574,2022-08-26 02:30:00
1661481600,83919,24.8,86.0,4.96,Hunter Junior High powered by UTOPIA Fiber,40.689068,-112.03574,2022-08-26 02:40:00
1661482200,83919,24.4,86.6,4.978,Hunter Junior High powered by UTOPIA Fiber,40.689068,-112.03574,2022-08-26 02:50:00
1661482800,83919,24.2,86.2,3.69,Hunter Junior High powered by UTOPIA Fiber,40.689068,-112.03574,2022-08-26 03:00:00
1661483400,83919,24.0,86.0,3.936,Hunter Junior High powered by UTOPIA Fiber,40.689068,-112.03574,2022-08-26 03:10:00
1661484000,83919,24.0,86.0,4.254,Hunter Junior High powered by UTOPIA Fiber,40.689068,-112.03574,2022-08-26 03:20:00
1661484600,83919,21.0,85.8,3.47,Hunter Junior High powered by UTOPIA Fiber,40.689068,-112.03574,2022-08-26 03:30:00
1661485200,83919,22.4,84.8,3.492,Hunter Junior High powered by UTOPIA Fiber,40.689068,-112.03574,2022-08-26 03:40:00
1661485800,83919,25.4,83.2,2.652,Hunter Junior High powered by UTOPIA Fiber,40.689068,-112.03574,2022-08-26 03:50:00
1661486400,83919,26.0,83.0,2.95,Hunter Junior High powered by UTOPIA Fiber,40.689068,-112.03574,2022-08-26 04:00:00
1661487000,83919,26.0,82.6,2.912,Hunter Junior High powered by UTOPIA Fiber,40.689068,-112.03574,2022-08-26 04:10:00
1661487600,83919,25.8,81.8,2.392,Hunter Junior High powered by UTOPIA Fiber,40.689068,-112.03574,2022-08-26 04:20:00
1661488200,83919,24.6,81.0,2.536,Hunter Junior High powered by UTOPIA Fiber,40.689068,-112.03574,2022-08-26 04:30:00
1661488800,83919,24.4,81.0,2.37,Hunter Junior High powered by UTOPIA Fiber,40.689068,-112.03574,2022-08-26 04:40:00
1661489400,83919,25.0,80.6,2.228,Hunter Junior High powered by UTOPIA Fiber,40.689068,-112.03574,2022-08-26 04:50:00
1661490000,83919,25.0,80.0,2.406,Hunter Junior High powered by UTOPIA Fiber,40.689068,-112.03574,2022-08-26 05:00:00
1661490600,83919,25.6,80.0,2.372,Hunter Junior High powered by UTOPIA Fiber,40.689068,-112.03574,2022-08-26 05:10:00
1661491200,83919,25.0,80.0,2.132,Hunter Junior High powered by UTOPIA Fiber,40.689068,-112.03574,2022-08-26 05:20:00
1661491800,83919,26.0,80.0,2.284,Hunter Junior High powered by UTOPIA Fiber,40.689068,-112.03574,2022-08-26 05:30:00
1661492400,83919,26.0,80.0,2.196,Hunter Junior High powered by UTOPIA Fiber,40.689068,-112.03574,2022-08-26 05:40:00
1661493000,83919,27.4,79.6,2.056,Hunter Junior High powered by UTOPIA Fiber,40.689068,-112.03574,2022-08-26 05:50:00
1661493600,83919,27.8,79.0,2.106,Hunter Junior High powered by UTOPIA Fiber,40.689068,-112.03574,2022-08-26 06:00:00
1661494200,83919,28.0,79.0,2.224,Hunter Junior High powered by UTOPIA Fiber,40.689068,-112.03574,2022-08-26 06:10:00
1661494800,83919,28.0,79.0,2.034,Hunter Junior High powered by UTOPIA Fiber,40.689068,-112.03574,2022-08-26 06:20:00
1661495400,83919,28.0,79.0,2.99,Hunter Junior High powered by UTOPIA Fiber,40.689068,-112.03574,2022-08-26 06:30:00
1661496000,83919,28.2,78.6,2.046,Hunter Junior High powered by UTOPIA Fiber,40.689068,-112.03574,2022-08-26 06:40:00
1661496600,83919,28.4,78.4,2.014,Hunter Junior High powered by UTOPIA Fiber,40.689068,-112.03574,2022-08-26 06:50:00
1661497200,83919,28.4,78.6,2.274,Hunter Junior High powered by UTOPIA Fiber,40.689068,-112.03574,2022-08-26 07:00:00
1661497800,83919,28.4,79.0,2.212,Hunter Junior High powered by UTOPIA Fiber,40.689068,-112.03574,2022-08-26 07:10:00
1661498400,83919,28.6,78.8,1.778,Hunter Junior High powered by UTOPIA Fiber,40.689068,-112.03574,2022-08-26 07:20:00
1661499000,83919,29.0,78.4,2.26,Hunter Junior High powered by UTOPIA Fiber,40.689068,-112.03574,2022-08-26 07:30:00
1661499600,83919,29.0,78.6,2.07,Hunter Junior High powered by UTOPIA Fiber,40.689068,-112.03574,2022-08-26 07:40:00
1661500200,83919,29.8,78.2,2.048,Hunter Junior High powered by UTOPIA Fiber,40.689068,-112.03574,2022-08-26 07:50:00
1661500800,83919,30.0,78.4,2.174,Hunter Junior High powered by UTOPIA Fiber,40.689068,-112.03574,2022-08-26 08:00:00
1661501400,83919,29.8,79.0,1.964,Hunter Junior High powered by UTOPIA Fiber,40.689068,-112.03574,2022-08-26 08:10:00
1661502000,83919,30.6,79.0,2.492,Hunter Junior High powered by UTOPIA Fiber,40.689068,-112.03574,2022-08-26 08:20:00
1661502600,83919,30.2,79.0,2.51,Hunter Junior High powered by UTOPIA Fiber,40.689068,-112.03574,2022-08-26 08:30:00
1661503200,83919,30.0,78.4,2.694,Hunter Junior High powered by UTOPIA Fiber,40.689068,-112.03574,2022-08-26 08:40:00
1661503800,83919,30.2,78.0,2.332,Hunter Junior High powered by UTOPIA Fiber,40.689068,-112.03574,2022-08-26 08:50:00
1661504400,83919,31.0,77.0,2.612,Hunter Junior High powered by UTOPIA Fiber,40.689068,-112.03574,2022-08-26 09:00:00
1661505000,83919,30.0,77.0,2.376,Hunter Junior High powered by UTOPIA Fiber,40.689068,-112.03574,2022-08-26 09:10:00
1661505600,83919,30.0,77.0,2.436,Hunter Junior High powered by UTOPIA Fiber,40.689068,-112.03574,2022-08-26 09:20:00
1661506200,83919,30.0,77.0,2.498,Hunter Junior High powered by UTOPIA Fiber,40.689068,-112.03574,2022-08-26 09:30:00
1661506800,83919,30.2,77.0,2.712,Hunter Junior High powered by UTOPIA Fiber,40.689068,-112.03574,2022-08-26 09:40:00
1661507400,83919,30.4,76.4,3.048,Hunter Junior High powered by UTOPIA Fiber,40.689068,-112.03574,2022-08-26 09:50:00
1661508000,83919,31.2,76.0,2.26,Hunter Junior High powered by UTOPIA Fiber,40.689068,-112.03574,2022-08-26 10:00:00
1661508600,83919,32.0,76.2,2.044,Hunter Junior High powered by UTOPIA Fiber,40.689068,-112.03574,2022-08-26 10:10:00
1661509200,83919,32.8,76.8,2.706,Hunter Junior High powered by UTOPIA Fiber,40.689068,-112.03574,2022-08-26 10:20:00
1661509800,83919,35.0,76.4,2.622,Hunter Junior High powered by UTOPIA Fiber,40.689068,-112.03574,2022-08-26 10:30:00
1661510400,83919,36.0,76.0,2.532,Hunter Junior High powered by UTOPIA Fiber,40.689068,-112.03574,2022-08-26 10:40:00
1661511000,83919,36.6,76.0,2.208,Hunter Junior High powered by UTOPIA Fiber,40.689068,-112.03574,2022-08-26 10:50:00
1661511600,83919,37.0,75.8,2.392,Hunter Junior High powered by UTOPIA Fiber,40.689068,-112.03574,2022-08-26 11:00:00
1661512200,83919,36.4,75.0,2.36,Hunter Junior High powered by UTOPIA Fiber,40.689068,-112.03574,2022-08-26 11:10:00
1661512800,83919,34.2,75.6,2.24,Hunter Junior High powered by UTOPIA Fiber,40.689068,-112.03574,2022-08-26 11:20:00
1661513400,83919,32.4,76.0,2.762,Hunter Junior High powered by UTOPIA Fiber,40.689068,-112.03574,2022-08-26 11:30:00
1661514000,83919,31.2,76.0,2.48,Hunter Junior High powered by UTOPIA Fiber,40.689068,-112.03574,2022-08-26 11:40:00
1661514600,83919,31.0,75.4,2.666,Hunter Junior High powered by UTOPIA Fiber,40.689068,-112.03574,2022-08-26 11:50:00
1661515200,83919,30.0,75.6,2.308,Hunter Junior High powered by UTOPIA Fiber,40.689068,-112.03574,2022-08-26 12:00:00
1661515800,83919,30.0,76.0,2.944,Hunter Junior High powered by UTOPIA Fiber,40.689068,-112.03574,2022-08-26 12:10:00
1661516400,83919,30.0,75.6,2.638,Hunter Junior High powered by UTOPIA Fiber,40.689068,-112.03574,2022-08-26 12:20:00
1661517000,83919,30.2,75.0,2.164,Hunter Junior High powered by UTOPIA Fiber,40.689068,-112.03574,2022-08-26 12:30:00
1661517600,83919,31.6,74.2,2.526,Hunter Junior High powered by UTOPIA Fiber,40.689068,-112.03574,2022-08-26 12:40:00
1661518200,83919,32.4,74.0,2.658,Hunter Junior High powered by UTOPIA Fiber,40.689068,-112.03574,2022-08-26 12:50:00
1661518800,83919,33.0,74.2,3.252,Hunter Junior High powered by UTOPIA Fiber,40.689068,-112.03574,2022-08-26 13:00:00
1661519400,83919,33.8,74.0,4.06,Hunter Junior High powered by UTOPIA Fiber,40.689068,-112.03574,2022-08-26 13:10:00
1661520000,83919,35.2,74.0,4.148,Hunter Junior High powered by UTOPIA Fiber,40.689068,-112.03574,2022-08-26 13:20:00
1661520600,83919,36.8,74.0,3.994,Hunter Junior High powered by UTOPIA Fiber,40.689068,-112.03574,2022-08-26 13:30:00
1661521200,83919,37.0,74.4,4.37,Hunter Junior High powered by UTOPIA Fiber,40.689068,-112.03574,2022-08-26 13:40:00
1661521800,83919,37.0,75.0,5.284,Hunter Junior High powered by UTOPIA Fiber,40.689068,-112.03574,2022-08-26 13:50:00
1661522400,83919,37.6,75.0,7.206,Hunter Junior High powered by UTOPIA Fiber,40.689068,-112.03574,2022-08-26 14:00:00
1661523000,83919,38.0,75.0,7.184,Hunter Junior High powered by UTOPIA Fiber,40.689068,-112.03574,2022-08-26 14:10:00
1661523600,83919,37.6,75.0,7.374,Hunter Junior High powered by UTOPIA Fiber,40.689068,-112.03574,2022-08-26 14:20:00
1661524200,83919,36.2,76.0,7.914,Hunter Junior High powered by UTOPIA Fiber,40.689068,-112.03574,2022-08-26 14:30:00
1661524800,83919,34.6,76.8,6.458,Hunter Junior High powered by UTOPIA Fiber,40.689068,-112.03574,2022-08-26 14:40:00
1661525400,83919,34.0,77.4,7.108,Hunter Junior High powered by UTOPIA Fiber,40.689068,-112.03574,2022-08-26 14:50:00
1661526000,83919,33.4,78.4,7.874,Hunter Junior High powered by UTOPIA Fiber,40.689068,-112.03574,2022-08-26 15:00:00
1661526600,83919,32.6,79.2,8.576,Hunter Junior High powered by UTOPIA Fiber,40.689068,-112.03574,2022-08-26 15:10:00
1661527200,83919,31.0,80.4,8.318,Hunter Junior High powered by UTOPIA Fiber,40.689068,-112.03574,2022-08-26 15:20:00
1661527800,83919,30.6,81.2,7.586,Hunter Junior High powered by UTOPIA Fiber,40.689068,-112.03574,2022-08-26 15:30:00
1661528400,83919,29.8,82.0,6.706,Hunter Junior High powered by UTOPIA Fiber,40.689068,-112.03574,2022-08-26 15:40:00
1661529000,83919,29.8,83.0,5.948,Hunter Junior High powered by UTOPIA Fiber,40.689068,-112.03574,2022-08-26 15:50:00
1661529600,83919,28.4,83.2,7.64,Hunter Junior High powered by UTOPIA Fiber,40.689068,-112.03574,2022-08-26 16:00:00
1661530200,83919,28.2,83.6,7.01,Hunter Junior High powered by UTOPIA Fiber,40.689068,-112.03574,2022-08-26 16:10:00
1661530800,83919,27.6,84.0,8.478,Hunter Junior High powered by UTOPIA Fiber,40.689068,-112.03574,2022-08-26 16:20:00
1661531400,83919,27.8,84.4,5.672,Hunter Junior High powered by UTOPIA Fiber,40.689068,-112.03574,2022-08-26 16:30:00
1661532000,83919,27.2,85.0,3.918,Hunter Junior High powered by UTOPIA Fiber,40.689068,-112.03574,2022-08-26 16:40:00
1661532600,83919,26.2,85.6,2.91,Hunter Junior High powered by UTOPIA Fiber,40.689068,-112.03574,2022-08-26 16:50:00
1661533200,83919,24.8,87.4,3.276,Hunter Junior High powered by UTOPIA Fiber,40.689068,-112.03574,2022-08-26 17:00:00
1661533800,83919,23.6,88.8,4.628,Hunter Junior High powered by UTOPIA Fiber,40.689068,-112.03574,2022-08-26 17:10:00
1661534400,83919,22.8,89.4,5.734,Hunter Junior High powered by UTOPIA Fiber,40.689068,-112.03574,2022-08-26 17:20:00
1661535000,83919,21.6,90.6,4.408,Hunter Junior High powered by UTOPIA Fiber,40.689068,-112.03574,2022-08-26 17:30:00
1661535600,83919,21.2,91.6,4.05,Hunter Junior High powered by UTOPIA Fiber,40.689068,-112.03574,2022-08-26 17:40:00
1661536200,83919,20.2,92.8,4.15,Hunter Junior High powered by UTOPIA Fiber,40.689068,-112.03574,2022-08-26 17:50:00
1661536800,83919,19.4,93.2,3.22,Hunter Junior High powered by UTOPIA Fiber,40.689068,-112.03574,2022-08-26 18:00:00
1661537400,83919,19.2,93.8,3.828,Hunter Junior High powered by UTOPIA Fiber,40.689068,-112.03574,2022-08-26 18:10:00
1661538000,83919,19.0,94.0,3.58,Hunter Junior High powered by UTOPIA Fiber,40.689068,-112.03574,2022-08-26 18:20:00
1661538600,83919,18.6,94.6,3.41,Hunter Junior High powered by UTOPIA Fiber,40.689068,-112.03574,2022-08-26 18:30:00
1661539200,83919,18.0,96.2,3.404,Hunter Junior High powered by UTOPIA Fiber,40.689068,-112.03574,2022-08-26 18:40:00
1661539800,83919,16.8,97.8,3.43,Hunter Junior High powered by UTOPIA Fiber,40.689068,-112.03574,2022-08-26 18:50:00
1661540400,83919,16.8,98.4,3.218,Hunter Junior High powered by UTOPIA Fiber,40.689068,-112.03574,2022-08-26 19:00:00
1661541000,83919,16.0,99.4,2.806,Hunter Junior High powered by UTOPIA Fiber,40.689068,-112.03574,2022-08-26 19:10:00
1661541600,83919,15.2,99.8,3.18,Hunter Junior High powered by UTOPIA Fiber,40.689068,-112.03574,2022-08-26 19:20:00
1661542200,83919,15.2,99.6,3.466,Hunter Junior High powered by UTOPIA Fiber,40.689068,-112.03574,2022-08-26 19:30:00
1661542800,83919,15.6,100.6,3.388,Hunter Junior High powered by UTOPIA Fiber,40.689068,-112.03574,2022-08-26 19:40:00
1661543400,83919,14.4,103.0,3.176,Hunter Junior High powered by UTOPIA Fiber,40.689068,-112.03574,2022-08-26 19:50:00
1661544000,83919,14.4,103.8,2.86,Hunter Junior High powered by UTOPIA Fiber,40.689068,-112.03574,2022-08-26 20:00:00
1661544600,83919,12.4,105.0,3.018,Hunter Junior High powered by UTOPIA Fiber,40.689068,-112.03574,2022-08-26 20:10:00
1661545200,83919,12.6,106.6,2.57,Hunter Junior High powered by UTOPIA Fiber,40.689068,-112.03574,2022-08-26 20:20:00
1661545800,83919,11.8,107.0,2.952,Hunter Junior High powered by UTOPIA Fiber,40.689068,-112.03574,2022-08-26 20:30:00
1661546400,83919,12.4,107.2,3.196,Hunter Junior High powered by UTOPIA Fiber,40.689068,-112.03574,2022-08-26 20:40:00
1661547000,83919,12.0,107.0,3.04,Hunter Junior High powered by UTOPIA Fiber,40.689068,-112.03574,2022-08-26 20:50:00
1661547600,83919,11.6,107.2,2.452,Hunter Junior High powered by UTOPIA Fiber,40.689068,-112.03574,2022-08-26 21:00:00
1661548200,83919,11.6,108.0,2.284,Hunter Junior High powered by UTOPIA Fiber,40.689068,-112.03574,2022-08-26 21:10:00
1661548800,83919,11.4,106.2,2.658,Hunter Junior High powered by UTOPIA Fiber,40.689068,-112.03574,2022-08-26 21:20:00
1661549400,83919,13.4,103.0,2.864,Hunter Junior High powered by UTOPIA Fiber,40.689068,-112.03574,2022-08-26 21:30:00
1661550000,83919,14.8,101.0,3.176,Hunter Junior High powered by UTOPIA Fiber,40.689068,-112.03574,2022-08-26 21:40:00
1661550600,83919,15.6,99.2,3.298,Hunter Junior High powered by UTOPIA Fiber,40.689068,-112.03574,2022-08-26 21:50:00
1661551200,83919,14.8,98.2,3.398,Hunter Junior High powered by UTOPIA Fiber,40.689068,-112.03574,2022-08-26 22:00:00
1661551800,83919,15.2,98.0,3.118,Hunter Junior High powered by UTOPIA Fiber,40.689068,-112.03574,2022-08-26 22:10:00
1661552400,83919,15.0,97.6,3.664,Hunter Junior High powered by UTOPIA Fiber,40.689068,-112.03574,2022-08-26 22:20:00
1661553000,83919,15.8,97.2,3.222,Hunter Junior High powered by UTOPIA Fiber,40.689068,-112.03574,2022-08-26 22:30:00
1661553600,83919,15.4,98.0,3.33,Hunter Junior High powered by UTOPIA Fiber,40.689068,-112.03574,2022-08-26 22:40:00
1661554200,83919,14.4,98.4,2.628,Hunter Junior High powered by UTOPIA Fiber,40.689068,-112.03574,2022-08-26 22:50:00
1661554800,83919,12.8,98.8,1.888,Hunter Junior High powered by UTOPIA Fiber,40.689068,-112.03574,2022-08-26 23:00:00
1661555400,83919,16.2,97.2,2.902,Hunter Junior High powered by UTOPIA Fiber,40.689068,-112.03574,2022-08-26 23:10:00
1661556000,83919,17.6,96.4,2.716,Hunter Junior High powered by UTOPIA Fiber,40.689068,-112.03574,2022-08-26 23:20:00
1661556600,83919,17.2,96.6,2.484,Hunter Junior High powered by UTOPIA Fiber,40.689068,-112.03574,2022-08-26 23:30:00
1661557200,83919,18.2,95.8,2.34,Hunter Junior High powered by UTOPIA Fiber,40.689068,-112.03574,2022-08-26 23:40:00
1661557800,83919,17.6,94.8,2.292,Hunter Junior High powered by UTOPIA Fiber,40.689068,-112.03574,2022-08-26 23:50:00
1661558400,83919,18.4,95.0,2.296,Hunter Junior High powered by UTOPIA Fiber,40.689068,-112.03574,2022-08-27 00:00:00
1661559000,83919,18.2,95.0,2.18,Hunter Junior High powered by UTOPIA Fiber,40.689068,-112.03574,2022-08-27 00:10:00
1661559600,83919,17.4,95.0,2.436,Hunter Junior High powered by UTOPIA Fiber,40.689068,-112.03574,2022-08-27 00:20:00
1661560200,83919,17.2,94.6,2.664,Hunter Junior High powered by UTOPIA Fiber,40.689068,-112.03574,2022-08-27 00:30:00
1661560800,83919,17.8,95.0,2.876,Hunter Junior High powered by UTOPIA Fiber,40.689068,-112.03574,2022-08-27 00:40:00
1661561400,83919,17.2,95.0,3.282,Hunter Junior High powered by UTOPIA Fiber,40.689068,-112.03574,2022-08-27 00:50:00
1661562000,83919,17.0,94.4,2.794,Hunter Junior High powered by UTOPIA Fiber,40.689068,-112.03574,2022-08-27 01:00:00
1661562600,83919,16.6,93.2,2.268,Hunter Junior High powered by UTOPIA Fiber,40.689068,-112.03574,2022-08-27 01:10:00
1661563200,83919,16.0,94.6,2.634,Hunter Junior High powered by UTOPIA Fiber,40.689068,-112.03574,2022-08-27 01:20:00
1661563800,83919,16.0,93.8,2.828,Hunter Junior High powered by UTOPIA Fiber,40.689068,-112.03574,2022-08-27 01:30:00
1661564400,83919,16.8,92.4,2.802,Hunter Junior High powered by UTOPIA Fiber,40.689068,-112.03574,2022-08-27 01:40:00
1661565000,83919,17.0,91.8,2.43,Hunter Junior High powered by UTOPIA Fiber,40.689068,-112.03574,2022-08-27 01:50:00
1661565600,83919,17.2,91.0,3.192,Hunter Junior High powered by UTOPIA Fiber,40.689068,-112.03574,2022-08-27 02:00:00
1661566200,83919,18.6,89.6,3.496,Hunter Junior High powered by UTOPIA Fiber,40.689068,-112.03574,2022-08-27 02:10:00
1661566800,83919,19.8,87.8,4.462,Hunter Junior High powered by UTOPIA Fiber,40.689068,-112.03574,2022-08-27 02:20:00
1661567400,83919,21.4,86.4,4.496,Hunter Junior High powered by UTOPIA Fiber,40.689068,-112.03574,2022-08-27 02:30:00
1661568000,83919,22.4,85.0,5.742,Hunter Junior High powered by UTOPIA Fiber,40.689068,-112.03574,2022-08-27 02:40:00
1661568600,83919,23.8,83.4,5.46,Hunter Junior High powered by UTOPIA Fiber,40.689068,-112.03574,2022-08-27 02:50:00
1661569200,83919,24.8,81.6,3.896,Hunter Junior High powered by UTOPIA Fiber,40.689068,-112.03574,2022-08-27 03:00:00
1661569800,83919,25.4,81.0,5.638,Hunter Junior High powered by UTOPIA Fiber,40.689068,-112.03574,2022-08-27 03:10:00
1661570400,83919,26.0,80.2,4.904,Hunter Junior High powered by UTOPIA Fiber,40.689068,-112.03574,2022-08-27 03:20:00
1661571000,83919,26.0,80.0,3.772,Hunter Junior High powered by UTOPIA Fiber,40.689068,-112.03574,2022-08-27 03:30:00
1661571600,83919,26.0,80.0,4.726,Hunter Junior High powered by UTOPIA Fiber,40.689068,-112.03574,2022-08-27 03:40:00
1661572200,83919,26.4,80.0,5.77,Hunter Junior High powered by UTOPIA Fiber,40.689068,-112.03574,2022-08-27 03:50:00
1661572800,83919,26.2,80.0,5.384,Hunter Junior High powered by UTOPIA Fiber,40.689068,-112.03574,2022-08-27 04:00:00
1661573400,83919,25.2,80.0,5.584,Hunter Junior High powered by UTOPIA Fiber,40.689068,-112.03574,2022-08-27 04:10:00
1661574000,83919,25.8,80.0,5.918,Hunter Junior High powered by UTOPIA Fiber,40.689068,-112.03574,2022-08-27 04:20:00
1661574600,83919,25.2,80.8,6.142,Hunter Junior High powered by UTOPIA Fiber,40.689068,-112.03574,2022-08-27 04:30:00
1661575200,83919,25.0,80.8,5.978,Hunter Junior High powered by UTOPIA Fiber,40.689068,-112.03574,2022-08-27 04:40:00
1661575800,83919,25.0,80.0,5.684,Hunter Junior High powered by UTOPIA Fiber,40.689068,-112.03574,2022-08-27 04:50:00
1661576400,83919,27.2,79.0,6.604,Hunter Junior High powered by UTOPIA Fiber,40.689068,-112.03574,2022-08-27 05:00:00
1661577000,83919,26.6,78.6,6.008,Hunter Junior High powered by UTOPIA Fiber,40.689068,-112.03574,2022-08-27 05:10:00
1661577600,83919,26.8,78.0,5.816,Hunter Junior High powered by UTOPIA Fiber,40.689068,-112.03574,2022-08-27 05:20:00
1661578200,83919,28.8,77.6,7.598,Hunter Junior High powered by UTOPIA Fiber,40.689068,-112.03574,2022-08-27 05:30:00
1661578800,83919,35.6,76.2,6.126,Hunter Junior High powered by UTOPIA Fiber,40.689068,-112.03574,2022-08-27 05:40:00
1661579400,83919,35.4,73.8,4.666,Hunter Junior High powered by UTOPIA Fiber,40.689068,-112.03574,2022-08-27 05:50:00
1661580000,83919,35.0,73.0,3.58,Hunter Junior High powered by UTOPIA Fiber,40.689068,-112.03574,2022-08-27 06:00:00
1661580600,83919,36.4,72.0,3.27,Hunter Junior High powered by UTOPIA Fiber,40.689068,-112.03574,2022-08-27 06:10:00
1661581200,83919,37.8,71.2,3.15,Hunter Junior High powered by UTOPIA Fiber,40.689068,-112.03574,2022-08-27 06:20:00
1661581800,83919,37.2,71.2,3.552,Hunter Junior High powered by UTOPIA Fiber,40.689068,-112.03574,2022-08-27 06:30:00
1661582400,83919,34.2,73.2,3.142,Hunter Junior High powered by UTOPIA Fiber,40.689068,-112.03574,2022-08-27 06:40:00
1661583000,83919,32.0,75.4,2.978,Hunter Junior High powered by UTOPIA Fiber,40.689068,-112.03574,2022-08-27 06:50:00
1661583600,83919,30.8,76.4,2.912,Hunter Junior High powered by UTOPIA Fiber,40.689068,-112.03574,2022-08-27 07:00:00
1661584200,83919,29.6,77.0,2.704,Hunter Junior High powered by UTOPIA Fiber,40.689068,-112.03574,2022-08-27 07:10:00
1661584800,83919,29.0,77.0,2.402,Hunter Junior High powered by UTOPIA Fiber,40.689068,-112.03574,2022-08-27 07:20:00
1661585400,83919,29.0,77.4,2.274,Hunter Junior High powered by UTOPIA Fiber,40.689068,-112.03574,2022-08-27 07:30:00
1661586000,83919,28.6,78.0,2.076,Hunter Junior High powered by UTOPIA Fiber,40.689068,-112.03574,2022-08-27 07:40:00
1661586600,83919,29.0,78.0,1.702,Hunter Junior High powered by UTOPIA Fiber,40.689068,-112.03574,2022-08-27 07:50:00
1661587200,83919,29.0,78.0,1.916,Hunter Junior High powered by UTOPIA Fiber,40.689068,-112.03574,2022-08-27 08:00:00
1661587800,83919,29.0,78.4,1.812,Hunter Junior High powered by UTOPIA Fiber,40.689068,-112.03574,2022-08-27 08:10:00
1661588400,83919,29.6,78.4,1.948,Hunter Junior High powered by UTOPIA Fiber,40.689068,-112.03574,2022-08-27 08:20:00
1661589000,83919,29.6,78.0,1.876,Hunter Junior High powered by UTOPIA Fiber,40.689068,-112.03574,2022-08-27 08:30:00
1661589600,83919,29.0,78.0,2.036,Hunter Junior High powered by UTOPIA Fiber,40.689068,-112.03574,2022-08-27 08:40:00
1661590200,83919,29.0,78.0,2.07,Hunter Junior High powered by UTOPIA Fiber,40.689068,-112.03574,2022-08-27 08:50:00
1661590800,83919,27.6,78.0,1.776,Hunter Junior High powered by UTOPIA Fiber,40.689068,-112.03574,2022-08-27 09:00:00
1661591400,83919,26.2,78.0,1.748,Hunter Junior High powered by UTOPIA Fiber,40.689068,-112.03574,2022-08-27 09:10:00
1661592000,83919,27.4,77.4,1.624,Hunter Junior High powered by UTOPIA Fiber,40.689068,-112.03574,2022-08-27 09:20:00
1661592600,83919,30.2,77.0,1.628,Hunter Junior High powered by UTOPIA Fiber,40.689068,-112.03574,2022-08-27 09:30:00
1661593200,83919,30.8,76.8,1.698,Hunter Junior High powered by UTOPIA Fiber,40.689068,-112.03574,2022-08-27 09:40:00
1661593800,83919,31.2,76.2,1.896,Hunter Junior High powered by UTOPIA Fiber,40.689068,-112.03574,2022-08-27 09:50:00
1661594400,83919,32.2,76.0,1.924,Hunter Junior High powered by UTOPIA Fiber,40.689068,-112.03574,2022-08-27 10:00:00
1661595000,83919,31.4,76.0,2.018,Hunter Junior High powered by UTOPIA Fiber,40.689068,-112.03574,2022-08-27 10:10:00
1661595600,83919,30.4,76.0,2.146,Hunter Junior High powered by UTOPIA Fiber,40.689068,-112.03574,2022-08-27 10:20:00
1661596200,83919,29.8,75.4,2.438,Hunter Junior High powered by UTOPIA Fiber,40.689068,-112.03574,2022-08-27 10:30:00
1661596800,83919,30.0,75.2,2.284,Hunter Junior High powered by UTOPIA Fiber,40.689068,-112.03574,2022-08-27 10:40:00
1661597400,83919,31.4,75.0,2.22,Hunter Junior High powered by UTOPIA Fiber,40.689068,-112.03574,2022-08-27 10:50:00
1661598000,83919,32.2,75.0,2.094,Hunter Junior High powered by UTOPIA Fiber,40.689068,-112.03574,2022-08-27 11:00:00
1661598600,83919,33.0,75.0,2.136,Hunter Junior High powered by UTOPIA Fiber,40.689068,-112.03574,2022-08-27 11:10:00
1661599200,83919,32.6,75.0,2.072,Hunter Junior High powered by UTOPIA Fiber,40.689068,-112.03574,2022-08-27 11:20:00
1661599800,83919,32.8,75.0,2.148,Hunter Junior High powered by UTOPIA Fiber,40.689068,-112.03574,2022-08-27 11:30:00
1661600400,83919,32.0,75.0,2.452,Hunter Junior High powered by UTOPIA Fiber,40.689068,-112.03574,2022-08-27 11:40:00
1661601000,83919,32.2,75.0,2.342,Hunter Junior High powered by UTOPIA Fiber,40.689068,-112.03574,2022-08-27 11:50:00
1661601600,83919,32.2,75.0,2.37,Hunter Junior High powered by UTOPIA Fiber,40.689068,-112.03574,2022-08-27 12:00:00
1661602200,83919,32.4,75.0,2.256,Hunter Junior High powered by UTOPIA Fiber,40.689068,-112.03574,2022-08-27 12:10:00
1661602800,83919,32.0,75.0,2.332,Hunter Junior High powered by UTOPIA Fiber,40.689068,-112.03574,2022-08-27 12:20:00
1661603400,83919,32.0,75.0,2.114,Hunter Junior High powered by UTOPIA Fiber,40.689068,-112.03574,2022-08-27 12:30:00
1661604000,83919,32.0,75.0,2.12,Hunter Junior High powered by UTOPIA Fiber,40.689068,-112.03574,2022-08-27 12:40:00
1661604600,83919,31.2,75.0,2.074,Hunter Junior High powered by UTOPIA Fiber,40.689068,-112.03574,2022-08-27 12:50:00
1661605200,83919,32.4,74.8,2.172,Hunter Junior High powered by UTOPIA Fiber,40.689068,-112.03574,2022-08-27 13:00:00
1661605800,83919,33.4,74.0,2.21,Hunter Junior High powered by UTOPIA Fiber,40.689068,-112.03574,2022-08-27 13:10:00
1661606400,83919,35.0,74.0,2.312,Hunter Junior High powered by UTOPIA Fiber,40.689068,-112.03574,2022-08-27 13:20:00
1661607000,83919,36.4,74.0,2.23,Hunter Junior High powered by UTOPIA Fiber,40.689068,-112.03574,2022-08-27 13:30:00
1661607600,83919,36.0,74.0,2.008,Hunter Junior High powered by UTOPIA Fiber,40.689068,-112.03574,2022-08-27 13:40:00
1661608200,83919,34.6,75.0,2.318,Hunter Junior High powered by UTOPIA Fiber,40.689068,-112.03574,2022-08-27 13:50:00
1661608800,83919,34.2,75.2,1.814,Hunter Junior High powered by UTOPIA Fiber,40.689068,-112.03574,2022-08-27 14:00:00
1661609400,83919,34.0,76.0,2.206,Hunter Junior High powered by UTOPIA Fiber,40.689068,-112.03574,2022-08-27 14:10:00
1661610000,83919,33.8,76.0,2.292,Hunter Junior High powered by UTOPIA Fiber,40.689068,-112.03574,2022-08-27 14:20:00
1661610600,83919,33.8,76.4,2.342,Hunter Junior High powered by UTOPIA Fiber,40.689068,-112.03574,2022-08-27 14:30:00
1661611200,83919,33.4,77.0,2.24,Hunter Junior High powered by UTOPIA Fiber,40.689068,-112.03574,2022-08-27 14:40:00
1661611800,83919,31.6,77.6,2.368,Hunter Junior High powered by UTOPIA Fiber,40.689068,-112.03574,2022-08-27 14:50:00
1661612400,83919,30.0,78.6,2.304,Hunter Junior High powered by UTOPIA Fiber,40.689068,-112.03574,2022-08-27 15:00:00
1661613000,83919,28.6,79.8,1.96,Hunter Junior High powered by UTOPIA Fiber,40.689068,-112.03574,2022-08-27 15:10:00
1661613600,83919,27.6,80.0,1.82,Hunter Junior High powered by UTOPIA Fiber,40.689068,-112.03574,2022-08-27 15:20:00
1661614200,83919,27.2,80.8,1.65,Hunter Junior High powered by UTOPIA Fiber,40.689068,-112.03574,2022-08-27 15:30:00
1661614800,83919,26.6,81.4,1.99,Hunter Junior High powered by UTOPIA Fiber,40.689068,-112.03574,2022-08-27 15:40:00
1661615400,83919,25.4,82.2,1.866,Hunter Junior High powered by UTOPIA Fiber,40.689068,-112.03574,2022-08-27 15:50:00
1661616000,83919,25.6,82.4,1.962,Hunter Junior High powered by UTOPIA Fiber,40.689068,-112.03574,2022-08-27 16:00:00
1661616600,83919,24.0,84.2,2.172,Hunter Junior High powered by UTOPIA Fiber,40.689068,-112.03574,2022-08-27 16:10:00
1661617200,83919,22.4,85.0,2.28,Hunter Junior High powered by UTOPIA Fiber,40.689068,-112.03574,2022-08-27 16:20:00
1661617800,83919,23.4,85.0,1.796,Hunter Junior High powered by UTOPIA Fiber,40.689068,-112.03574,2022-08-27 16:30:00
1661618400,83919,23.2,86.2,2.07,Hunter Junior High powered by UTOPIA Fiber,40.689068,-112.03574,2022-08-27 16:40:00
1661619000,83919,21.6,87.4,1.956,Hunter Junior High powered by UTOPIA Fiber,40.689068,-112.03574,2022-08-27 16:50:00
1661619600,83919,21.0,88.0,1.836,Hunter Junior High powered by UTOPIA Fiber,40.689068,-112.03574,2022-08-27 17:00:00
1661620200,83919,20.8,87.2,1.784,Hunter Junior High powered by UTOPIA Fiber,40.689068,-112.03574,2022-08-27 17:10:00
1661620800,83919,21.0,88.2,1.884,Hunter Junior High powered by UTOPIA Fiber,40.689068,-112.03574,2022-08-27 17:20:00
1661621400,83919,20.0,89.0,1.944,Hunter Junior High powered by UTOPIA Fiber,40.689068,-112.03574,2022-08-27 17:30:00
1661622000,83919,19.4,90.2,1.976,Hunter Junior High powered by UTOPIA Fiber,40.689068,-112.03574,2022-08-27 17:40:00
1661622600,83919,19.6,90.4,1.728,Hunter Junior High powered by UTOPIA Fiber,40.689068,-112.03574,2022-08-27 17:50:00
1661623200,83919,19.4,90.8,1.762,Hunter Junior High powered by UTOPIA Fiber,40.689068,-112.03574,2022-08-27 18:00:00
1661623800,83919,19.8,90.2,1.926,Hunter Junior High powered by UTOPIA Fiber,40.689068,-112.03574,2022-08-27 18:10:00
1661624400,83919,18.8,91.2,1.824,Hunter Junior High powered by UTOPIA Fiber,40.689068,-112.03574,2022-08-27 18:20:00
1661625000,83919,18.2,92.8,2.36,Hunter Junior High powered by UTOPIA Fiber,40.689068,-112.03574,2022-08-27 18:30:00
1661625600,83919,17.4,93.6,2.114,Hunter Junior High powered by UTOPIA Fiber,40.689068,-112.03574,2022-08-27 18:40:00
1661626200,83919,17.2,94.2,2.112,Hunter Junior High powered by UTOPIA Fiber,40.689068,-112.03574,2022-08-27 18:50:00
1661626800,83919,16.8,96.0,2.262,Hunter Junior High powered by UTOPIA Fiber,40.689068,-112.03574,2022-08-27 19:00:00
1661627400,83919,16.6,96.2,2.002,Hunter Junior High powered by UTOPIA Fiber,40.689068,-112.03574,2022-08-27 19:10:00
1661628000,83919,16.0,98.0,2.124,Hunter Junior High powered by UTOPIA Fiber,40.689068,-112.03574,2022-08-27 19:20:00
1661628600,83919,15.0,98.6,2.2,Hunter Junior High powered by UTOPIA Fiber,40.689068,-112.03574,2022-08-27 19:30:00
1661629200,83919,14.4,98.6,1.858,Hunter Junior High powered by UTOPIA Fiber,40.689068,-112.03574,2022-08-27 19:40:00
1661629800,83919,14.0,98.8,2.314,Hunter Junior High powered by UTOPIA Fiber,40.689068,-112.03574,2022-08-27 19:50:00
1661630400,83919,14.6,99.0,2.096,Hunter Junior High powered by UTOPIA Fiber,40.689068,-112.03574,2022-08-27 20:00:00
1661631000,83919,14.2,99.2,2.006,Hunter Junior High powered by UTOPIA Fiber,40.689068,-112.03574,2022-08-27 20:10:00
1661631600,83919,13.4,100.8,1.998,Hunter Junior High powered by UTOPIA Fiber,40.689068,-112.03574,2022-08-27 20:20:00
1661632200,83919,14.4,99.2,1.974,Hunter Junior High powered by UTOPIA Fiber,40.689068,-112.03574,2022-08-27 20:30:00
1661632800,83919,14.4,97.6,1.918,Hunter Junior High powered by UTOPIA Fiber,40.689068,-112.03574,2022-08-27 20:40:00
1661633400,83919,14.4,96.6,2.232,Hunter Junior High powered by UTOPIA Fiber,40.689068,-112.03574,2022-08-27 20:50:00
1661634000,83919,14.8,97.2,2.254,Hunter Junior High powered by UTOPIA Fiber,40.689068,-112.03574,2022-08-27 21:00:00
1661634600,83919,13.8,101.0,2.042,Hunter Junior High powered by UTOPIA Fiber,40.689068,-112.03574,2022-08-27 21:10:00
1661635200,83919,11.8,103.8,1.556,Hunter Junior High powered by UTOPIA Fiber,40.689068,-112.03574,2022-08-27 21:20:00
1661635800,83919,11.2,103.2,1.554,Hunter Junior High powered by UTOPIA Fiber,40.689068,-112.03574,2022-08-27 21:30:00
1661636400,83919,11.4,101.4,2.31,Hunter Junior High powered by UTOPIA Fiber,40.689068,-112.03574,2022-08-27 21:40:00
1661637000,83919,12.2,100.0,1.938,Hunter Junior High powered by UTOPIA Fiber,40.689068,-112.03574,2022-08-27 21:50:00
1661637600,83919,12.4,99.8,2.21,Hunter Junior High powered by UTOPIA Fiber,40.689068,-112.03574,2022-08-27 22:00:00
1661638200,83919,12.4,98.6,2.246,Hunter Junior High powered by UTOPIA Fiber,40.689068,-112.03574,2022-08-27 22:10:00
1661638800,83919,13.8,98.2,2.66,Hunter Junior High powered by UTOPIA Fiber,40.689068,-112.03574,2022-08-27 22:20:00
1661639400,83919,13.0,98.6,2.582,Hunter Junior High powered by UTOPIA Fiber,40.689068,-112.03574,2022-08-27 22:30:00
1661640000,83919,13.4,97.8,2.386,Hunter Junior High powered by UTOPIA Fiber,40.689068,-112.03574,2022-08-27 22:40:00
1661640600,83919,13.0,96.2,1.822,Hunter Junior High powered by UTOPIA Fiber,40.689068,-112.03574,2022-08-27 22:50:00
1661641200,83919,12.6,94.2,1.84,Hunter Junior High powered by UTOPIA Fiber,40.689068,-112.03574,2022-08-27 23:00:00
1661641800,83919,13.0,94.0,1.92,Hunter Junior High powered by UTOPIA Fiber,40.689068,-112.03574,2022-08-27 23:10:00
1661642400,83919,12.4,93.4,1.996,Hunter Junior High powered by UTOPIA Fiber,40.689068,-112.03574,2022-08-27 23:20:00
1661643000,83919,12.4,93.4,2.14,Hunter Junior High powered by UTOPIA Fiber,40.689068,-112.03574,2022-08-27 23:30:00
1661643600,83919,12.6,94.0,2.238,Hunter Junior High powered by UTOPIA Fiber,40.689068,-112.03574,2022-08-27 23:40:00
1661644200,83919,12.2,92.4,1.496,Hunter Junior High powered by UTOPIA Fiber,40.689068,-112.03574,2022-08-27 23:50:00
