time_stamp,sensor_index,humidity,temperature,pm2.5,sensor_name,latitude,longitude,datetime
1659225600,83919,14.0,99.6,13.002,Hunter Junior High powered by UTOPIA Fiber,40.689068,-112.03574,2022-07-31 00:00:00
1659226200,83919,13.2,99.2,13.51,Hunter Junior High powered by UTOPIA Fiber,40.689068,-112.03574,2022-07-31 00:10:00
1659226800,83919,12.8,100.0,14.576,Hunter Junior High powered by UTOPIA Fiber,40.689068,-112.03574,2022-07-31 00:20:00
1659227400,83919,13.2,100.0,15.912,Hunter Junior High powered by UTOPIA Fiber,40.689068,-112.03574,2022-07-31 00:30:00
1659228000,83919,12.4,100.8,15.786,Hunter Junior High powered by UTOPIA Fiber,40.689068,-112.03574,2022-07-31 00:40:00
1659228600,83919,11.4,101.0,15.352,Hunter Junior High powered by UTOPIA Fiber,40.689068,-112.03574,2022-07-31 00:50:00
1659229200,83919,11.8,100.2,15.574,Hunter Junior High powered by UTOPIA Fiber,40.689068,-112.03574,2022-07-31 01:00:00
1659229800,83919,11.8,100.0,17.778,Hunter Junior High powered by UTOPIA Fiber,40.689068,-112.03574,2022-07-31 01:10:00
1659230400,83919,12.0,99.4,17.686,Hunter Junior High powered by UTOPIA Fiber,40.689068,-112.03574,2022-07-31 01:20:00
1659231000,83919,12.0,99.0,16.236,Hunter Junior High powered by UTOPIA Fiber,40.689068,-112.03574,2022-07-31 01:30:00
1659231600,83919,12.2,99.0,17.12,Hunter Junior High powered by UTOPIA Fiber,40.689068,-112.03574,2022-07-31 01:40:00
1659232200,83919,12.0,98.0,17.094,Hunter Junior High powered by UTOPIA Fiber,40.689068,-112.03574,2022-07-31 01:50:00
1659232800,83919,12.2,97.4,17.9,Hunter Junior High powered by UTOPIA Fiber,40.689068,-112.03574,2022-07-31 02:00:00
1659233400,83919,13.2,97.0,17.582,Hunter Junior High powered by UTOPIA Fiber,40.689068,-112.03574,2022-07-31 02:10:00
1659234000,83919,14.8,96.2,17.688,Hunter Junior High powered by UTOPIA Fiber,40.689068,-112.03574,2022-07-31 02:20:00
1659234600,83919,15.8,95.0,12.96,Hunter Junior High powered by UTOPIA Fiber,40.689068,-112.03574,2022-07-31 02:30:00
1659235200,83919,16.0,93.4,13.992,Hunter Junior High powered by UTOPIA Fiber,40.689068,-112.03574,2022-07-31 02:40:00
1659235800,83919,16.4,92.4,16.556,Hunter Junior High powered by UTOPIA Fiber,40.689068,-112.03574,2022-07-31 02:50:00
1659236400,83919,16.6,91.2,17.41,Hunter Junior High powered by UTOPIA Fiber,40.689068,-112.03574,2022-07-31 03:00:00
1659237000,83919,16.8,90.4,18.24,Hunter Junior High powered by UTOPIA Fiber,40.689068,-112.03574,2022-07-31 03:10:00
1659237600,83919,17.2,90.0,16.3,Hunter Junior High powered by UTOPIA Fiber,40.689068,-112.03574,2022-07-31 03:20:00
1659238200,83919,18.0,90.0,12.84,Hunter Junior High powered by UTOPIA Fiber,40.689068,-112.03574,2022-07-31 03:30:00
1659238800,83919,18.2,90.0,8.91,Hunter Junior High powered by UTOPIA Fiber,40.689068,-112.03574,2022-07-31 03:40:00
1659239400,83919,17.6,89.0,11.544,Hunter Junior High powered by UTOPIA Fiber,40.689068,-112.03574,2022-07-31 03:50:00
1659240000,83919,18.0,87.4,14.388,Hunter Junior High powered by UTOPIA Fiber,40.689068,-112.03574,2022-07-31 04:00:00
1659240600,83919,18.8,86.2,15.016,Hunter Junior High powered by UTOPIA Fiber,40.689068,-112.03574,2022-07-31 04:10:00
1659241200,83919,19.0,86.0,15.794,Hunter Junior High powered by UTOPIA Fiber,40.689068,-112.03574,2022-07-31 04:20:00
1659241800,83919,18.8,86.6,17.432,Hunter Junior High powered by UTOPIA Fiber,40.689068,-112.03574,2022-07-31 04:30:00
1659242400,83919,18.8,87.0,14.782,Hunter Junior High powered by UTOPIA Fiber,40.689068,-112.03574,2022-07-31 04:40:00
1659243000,83919,20.2,87.0,13.062,Hunter Junior High powered by UTOPIA Fiber,40.689068,-112.03574,2022-07-31 04:50:00
1659243600,83919,21.0,87.0,12.148,Hunter Junior High powered by UTOPIA Fiber,40.689068,-112.03574,2022-07-31 05:00:00
1659244200,83919,21.8,86.2,10.492,Hunter Junior High powered by UTOPIA Fiber,40.689068,-112.03574,2022-07-31 05:10:00
1659244800,83919,22.0,85.8,11.78,Hunter Junior High powered by UTOPIA Fiber,40.689068,-112.03574,2022-07-31 05:20:00
1659245400,83919,22.0,86.0,11.802,Hunter Junior High powered by UTOPIA Fiber,40.689068,-112.03574,2022-07-31 05:30:00
1659246000,83919,22.4,85.0,10.716,Hunter Junior High powered by UTOPIA Fiber,40.689068,-112.03574,2022-07-31 05:40:00
1659246600,83919,22.0,85.0,10.606,Hunter Junior High powered by UTOPIA Fiber,40.689068,-112.03574,2022-07-31 05:50:00
1659247200,83919,22.0,85.0,12.362,Hunter Junior High powered by UTOPIA Fiber,40.689068,-112.03574,2022-07-31 06:00:00
1659247800,83919,22.0,85.0,15.016,Hunter Junior High powered by UTOPIA Fiber,40.689068,-112.03574,2022-07-31 06:10:00
1659248400,83919,22.2,84.8,13.7,Hunter Junior High powered by UTOPIA Fiber,40.689068,-112.03574,2022-07-31 06:20:00
1659249000,83919,22.0,85.0,10.18,Hunter Junior High powered by UTOPIA Fiber,40.689068,-112.03574,2022-07-31 06:30:00
1659249600,83919,22.6,84.4,10.602,Hunter Junior High powered by UTOPIA Fiber,40.689068,-112.03574,2022-07-31 06:40:00
1659250200,83919,23.2,84.0,9.364,Hunter Junior High powered by UTOPIA Fiber,40.689068,-112.03574,2022-07-31 06:50:00
1659250800,83919,24.2,82.8,9.224,Hunter Junior High powered by UTOPIA Fiber,40.689068,-112.03574,2022-07-31 07:00:00
1659251400,83919,25.4,81.8,10.132,Hunter Junior High powered by UTOPIA Fiber,40.689068,-112.03574,2022-07-31 07:10:00
1659252000,83919,26.2,81.0,10.048,Hunter Junior High powered by UTOPIA Fiber,40.689068,-112.03574,2022-07-31 07:20:00
1659252600,83919,27.0,80.0,9.07,Hunter Junior High powered by UTOPIA Fiber,40.689068,-112.03574,2022-07-31 07:30:00
1659253200,83919,27.2,80.4,7.756,Hunter Junior High powered by UTOPIA Fiber,40.689068,-112.03574,2022-07-31 07:40:00
1659253800,83919,27.0,81.6,7.208,Hunter Junior High powered by UTOPIA Fiber,40.689068,-112.03574,2022-07-31 07:50:00
1659254400,83919,27.0,82.0,6.746,Hunter Junior High powered by UTOPIA Fiber,40.689068,-112.03574,2022-07-31 08:00:00
1659255000,83919,27.0,81.6,7.632,Hunter Junior High powered by UTOPIA Fiber,40.689068,-112.03574,2022-07-31 08:10:00
1659255600,83919,26.6,81.6,7.12,Hunter Junior High powered by UTOPIA Fiber,40.689068,-112.03574,2022-07-31 08:20:00
1659256200,83919,24.6,82.6,7.738,Hunter Junior High powered by UTOPIA Fiber,40.689068,-112.03574,2022-07-31 08:30:00
1659256800,83919,23.2,83.8,7.93,Hunter Junior High powered by UTOPIA Fiber,40.689068,-112.03574,2022-07-31 08:40:00
1659257400,83919,23.4,83.6,7.414,Hunter Junior High powered by UTOPIA Fiber,40.689068,-112.03574,2022-07-31 08:50:00
1659258000,83919,23.0,84.0,7.428,Hunter Junior High powered by UTOPIA Fiber,40.689068,-112.03574,2022-07-31 09:00:00
1659258600,83919,23.4,84.0,6.9,Hunter Junior High powered by UTOPIA Fiber,40.689068,-112.03574,2022-07-31 09:10:00
1659259200,83919,24.0,83.2,6.384,Hunter Junior High powered by UTOPIA Fiber,40.689068,-112.03574,2022-07-31 09:20:00
1659259800,83919,24.0,82.8,6.47,Hunter Junior High powered by UTOPIA Fiber,40.689068,-112.03574,2022-07-31 09:30:00
1659260400,83919,24.4,82.8,5.146,Hunter Junior High powered by UTOPIA Fiber,40.689068,-112.03574,2022-07-31 09:40:00
1659261000,83919,24.8,82.2,4.554,Hunter Junior High powered by UTOPIA Fiber,40.689068,-112.03574,2022-07-31 09:50:00
1659261600,83919,25.2,82.0,4.196,Hunter Junior High powered by UTOPIA Fiber,40.689068,-112.03574,2022-07-31 10:00:00
1659262200,83919,26.0,82.0,3.832,Hunter Junior High powered by UTOPIA Fiber,40.689068,-112.03574,2022-07-31 10:10:00
1659262800,83919,26.0,82.0,4.196,Hunter Junior High powered by UTOPIA Fiber,40.689068,-112.03574,2022-07-31 10:20:00
1659263400,83919,26.0,81.6,3.932,Hunter Junior High powered by UTOPIA Fiber,40.689068,-112.03574,2022-07-31 10:30:00
1659264000,83919,27.0,81.0,4.158,Hunter Junior High powered by UTOPIA Fiber,40.689068,-112.03574,2022-07-31 10:40:00
1659264600,83919,27.0,81.0,3.67,Hunter Junior High powered by UTOPIA Fiber,40.689068,-112.03574,2022-07-31 10:50:00
1659265200,83919,27.0,81.0,4.056,Hunter Junior High powered by UTOPIA Fiber,40.689068,-112.03574,2022-07-31 11:00:00
1659265800,83919,27.0,81.2,4.126,Hunter Junior High powered by UTOPIA Fiber,40.689068,-112.03574,2022-07-31 11:10:00
1659266400,83919,26.4,82.0,4.234,Hunter Junior High powered by UTOPIA Fiber,40.689068,-112.03574,2022-07-31 11:20:00
1659267000,83919,26.6,82.0,4.328,Hunter Junior High powered by UTOPIA Fiber,40.689068,-112.03574,2022-07-31 11:30:00
1659267600,83919,27.0,82.0,4.602,Hunter Junior High powered by UTOPIA Fiber,40.689068,-112.03574,2022-07-31 11:40:00
1659268200,83919,27.8,81.6,4.58,Hunter Junior High powered by UTOPIA Fiber,40.689068,-112.03574,2022-07-31 11:50:00
1659268800,83919,28.2,81.0,5.052,Hunter Junior High powered by UTOPIA Fiber,40.689068,-112.03574,2022-07-31 12:00:00
1659269400,83919,29.2,80.4,5.046,Hunter Junior High powered by UTOPIA Fiber,40.689068,-112.03574,2022-07-31 12:10:00
1659270000,83919,29.4,80.0,5.026,Hunter Junior High powered by UTOPIA Fiber,40.689068,-112.03574,2022-07-31 12:20:00
1659270600,83919,29.4,80.0,5.086,Hunter Junior High powered by UTOPIA Fiber,40.689068,-112.03574,2022-07-31 12:30:00
1659271200,83919,30.0,80.0,4.908,Hunter Junior High powered by UTOPIA Fiber,40.689068,-112.03574,2022-07-31 12:40:00
1659271800,83919,29.2,80.4,4.946,Hunter Junior High powered by UTOPIA Fiber,40.689068,-112.03574,2022-07-31 12:50:00
1659272400,83919,30.2,81.0,4.584,Hunter Junior High powered by UTOPIA Fiber,40.689068,-112.03574,2022-07-31 13:00:00
1659273000,83919,31.8,80.2,5.086,Hunter Junior High powered by UTOPIA Fiber,40.689068,-112.03574,2022-07-31 13:10:00
1659273600,83919,32.0,80.0,5.074,Hunter Junior High powered by UTOPIA Fiber,40.689068,-112.03574,2022-07-31 13:20:00
1659274200,83919,33.0,80.0,5.298,Hunter Junior High powered by UTOPIA Fiber,40.689068,-112.03574,2022-07-31 13:30:00
1659274800,83919,32.2,80.8,4.92,Hunter Junior High powered by UTOPIA Fiber,40.689068,-112.03574,2022-07-31 13:40:00
1659275400,83919,30.2,81.4,3.906,Hunter Junior High powered by UTOPIA Fiber,40.689068,-112.03574,2022-07-31 13:50:00
1659276000,83919,29.0,82.6,3.676,Hunter Junior High powered by UTOPIA Fiber,40.689068,-112.03574,2022-07-31 14:00:00
1659276600,83919,28.2,83.0,3.558,Hunter Junior High powered by UTOPIA Fiber,40.689068,-112.03574,2022-07-31 14:10:00
1659277200,83919,28.4,84.0,3.41,Hunter Junior High powered by UTOPIA Fiber,40.689068,-112.03574,2022-07-31 14:20:00
1659277800,83919,28.0,84.6,3.76,Hunter Junior High powered by UTOPIA Fiber,40.689068,-112.03574,2022-07-31 14:30:00
1659278400,83919,28.2,84.8,4.12,Hunter Junior High powered by UTOPIA Fiber,40.689068,-112.03574,2022-07-31 14:40:00
1659279000,83919,28.8,84.6,3.612,Hunter Junior High powered by UTOPIA Fiber,40.689068,-112.03574,2022-07-31 14:50:00
1659279600,83919,28.2,85.6,3.254,Hunter Junior High powered by UTOPIA Fiber,40.689068,-112.03574,2022-07-31 15:00:00
1659280200,83919,29.0,86.0,3.528,Hunter Junior High powered by UTOPIA Fiber,40.689068,-112.03574,2022-07-31 15:10:00
1659280800,83919,28.0,86.2,3.706,Hunter Junior High powered by UTOPIA Fiber,40.689068,-112.03574,2022-07-31 15:20:00
1659281400,83919,27.2,87.0,3.358,Hunter Junior High powered by UTOPIA Fiber,40.689068,-112.03574,2022-07-31 15:30:00
1659282000,83919,26.2,87.4,3.598,Hunter Junior High powered by UTOPIA Fiber,40.689068,-112.03574,2022-07-31 15:40:00
1659282600,83919,25.8,88.0,3.2,Hunter Junior High powered by UTOPIA Fiber,40.689068,-112.03574,2022-07-31 15:50:00
1659283200,83919,25.2,88.4,3.254,Hunter Junior High powered by UTOPIA Fiber,40.689068,-112.03574,2022-07-31 16:00:00
1659283800,83919,24.6,89.4,3.376,Hunter Junior High powered by UTOPIA Fiber,40.689068,-112.03574,2022-07-31 16:10:00
1659284400,83919,24.2,90.2,3.096,Hunter Junior High powered by UTOPIA Fiber,40.689068,-112.03574,2022-07-31 16:20:00
1659285000,83919,23.8,91.4,3.154,Hunter Junior High powered by UTOPIA Fiber,40.689068,-112.03574,2022-07-31 16:30:00
1659285600,83919,24.8,91.8,3.286,Hunter Junior High powered by UTOPIA Fiber,40.689068,-112.03574,2022-07-31 16:40:00
1659286200,83919,23.8,93.4,3.412,Hunter Junior High powered by UTOPIA Fiber,40.689068,-112.03574,2022-07-31 16:50:00
1659286800,83919,22.6,94.6,3.492,Hunter Junior High powered by UTOPIA Fiber,40.689068,-112.03574,2022-07-31 17:00:00
1659287400,83919,23.0,94.6,3.448,Hunter Junior High powered by UTOPIA Fiber,40.689068,-112.03574,2022-07-31 17:10:00
1659288000,83919,21.6,95.8,3.414,Hunter Junior High powered by UTOPIA Fiber,40.689068,-112.03574,2022-07-31 17:20:00
1659288600,83919,21.0,96.8,3.53,Hunter Junior High powered by UTOPIA Fiber,40.689068,-112.03574,2022-07-31 17:30:00
1659289200,83919,21.2,96.4,3.63,Hunter Junior High powered by UTOPIA Fiber,40.689068,-112.03574,2022-07-31 17:40:00
1659289800,83919,20.6,97.8,3.436,Hunter Junior High powered by UTOPIA Fiber,40.689068,-112.03574,2022-07-31 17:50:00
1659290400,83919,19.8,98.6,3.688,Hunter Junior High powered by UTOPIA Fiber,40.689068,-112.03574,2022-07-31 18:00:00
1659291000,83919,18.6,99.8,3.616,Hunter Junior High powered by UTOPIA Fiber,40.689068,-112.03574,2022-07-31 18:10:00
1659291600,83919,18.2,100.6,3.744,Hunter Junior High powered by UTOPIA Fiber,40.689068,-112.03574,2022-07-31 18:20:00
1659292200,83919,17.2,101.8,3.208,Hunter Junior High powered by UTOPIA Fiber,40.689068,-112.03574,2022-07-31 18:30:00
1659292800,83919,15.8,103.6,3.258,Hunter Junior High powered by UTOPIA Fiber,40.689068,-112.03574,2022-07-31 18:40:00
1659293400,83919,16.0,104.8,3.57,Hunter Junior High powered by UTOPIA Fiber,40.689068,-112.03574,2022-07-31 18:50:00
1659294000,83919,15.0,105.2,3.764,Hunter Junior High powered by UTOPIA Fiber,40.689068,-112.03574,2022-07-31 19:00:00
1659294600,83919,15.0,105.0,3.858,Hunter Junior High powered by UTOPIA Fiber,40.689068,-112.03574,2022-07-31 19:10:00
1659295200,83919,15.0,104.8,4.254,Hunter Junior High powered by UTOPIA Fiber,40.689068,-112.03574,2022-07-31 19:20:00
1659295800,83919,14.4,105.8,4.68,Hunter Junior High powered by UTOPIA Fiber,40.689068,-112.03574,2022-07-31 19:30:00
1659296400,83919,14.8,105.0,5.074,Hunter Junior High powered by UTOPIA Fiber,40.689068,-112.03574,2022-07-31 19:40:00
1659297000,83919,13.6,107.8,5.488,Hunter Junior High powered by UTOPIA Fiber,40.689068,-112.03574,2022-07-31 19:50:00
1659297600,83919,11.8,108.8,5.87,Hunter Junior High powered by UTOPIA Fiber,40.689068,-112.03574,2022-07-31 20:00:00
1659298200,83919,12.2,108.8,6.142,Hunter Junior High powered by UTOPIA Fiber,40.689068,-112.03574,2022-07-31 20:10:00
1659298800,83919,12.2,109.6,5.68,Hunter Junior High powered by UTOPIA Fiber,40.689068,-112.03574,2022-07-31 20:20:00
1659299400,83919,12.0,110.8,6.182,Hunter Junior High powered by UTOPIA Fiber,40.689068,-112.03574,2022-07-31 20:30:00
1659300000,83919,11.6,109.2,6.436,Hunter Junior High powered by UTOPIA Fiber,40.689068,-112.03574,2022-07-31 20:40:00
1659300600,83919,12.6,107.6,7.204,Hunter Junior High powered by UTOPIA Fiber,40.689068,-112.03574,2022-07-31 20:50:00
1659301200,83919,11.8,107.0,8.122,Hunter Junior High powered by UTOPIA Fiber,40.689068,-112.03574,2022-07-31 21:00:00
1659301800,83919,11.4,107.0,7.972,Hunter Junior High powered by UTOPIA Fiber,40.689068,-112.03574,2022-07-31 21:10:00
1659302400,83919,11.8,106.2,8.22,Hunter Junior High powered by UTOPIA Fiber,40.689068,-112.03574,2022-07-31 21:20:00
1659303000,83919,10.8,107.0,9.738,Hunter Junior High powered by UTOPIA Fiber,40.689068,-112.03574,2022-07-31 21:30:00
1659303600,83919,11.2,105.8,9.526,Hunter Junior High powered by UTOPIA Fiber,40.689068,-112.03574,2022-07-31 21:40:00
1659304200,83919,11.8,103.8,9.508,Hunter Junior High powered by UTOPIA Fiber,40.689068,-112.03574,2022-07-31 21:50:00
1659304800,83919,12.0,103.0,10.876,Hunter Junior High powered by UTOPIA Fiber,40.689068,-112.03574,2022-07-31 22:00:00
1659305400,83919,11.8,103.0,11.696,Hunter Junior High powered by UTOPIA Fiber,40.689068,-112.03574,2022-07-31 22:10:00
1659306000,83919,11.2,103.0,12.818,Hunter Junior High powered by UTOPIA Fiber,40.689068,-112.03574,2022-07-31 22:20:00
1659306600,83919,10.4,102.4,12.292,Hunter Junior High powered by UTOPIA Fiber,40.689068,-112.03574,2022-07-31 22:30:00
1659307200,83919,11.0,102.2,11.316,Hunter Junior High powered by UTOPIA Fiber,40.689068,-112.03574,2022-07-31 22:40:00
1659307800,83919,10.8,102.6,10.702,Hunter Junior High powered by UTOPIA Fiber,40.689068,-112.03574,2022-07-31 22:50:00
1659308400,83919,10.4,102.4,10.396,Hunter Junior High powered by UTOPIA Fiber,40.689068,-112.03574,2022-07-31 23:00:00
1659309000,83919,10.2,102.0,9.446,Hunter Junior High powered by UTOPIA Fiber,40.689068,-112.03574,2022-07-31 23:10:00
1659309600,83919,11.0,102.0,9.544,Hunter Junior High powered by UTOPIA Fiber,40.689068,-112.03574,2022-07-31 23:20:00
1659310200,83919,12.4,101.6,10.126,Hunter Junior High powered by UTOPIA Fiber,40.689068,-112.03574,2022-07-31 23:30:00
1659310800,83919,12.2,101.6,9.472,Hunter Junior High powered by UTOPIA Fiber,40.689068,-112.03574,2022-07-31 23:40:00
1659311400,83919,11.8,102.0,9.462,Hunter Junior High powered by UTOPIA Fiber,40.689068,-112.03574,2022-07-31 23:50:00
1659312000,83919,12.2,101.6,9.102,Hunter Junior High powered by UTOPIA Fiber,40.689068,-112.03574,2022-08-01 00:00:00
1659312600,83919,14.8,101.0,8.98,Hunter Junior High powered by UTOPIA Fiber,40.689068,-112.03574,2022-08-01 00:10:00
1659313200,83919,13.2,100.6,10.116,Hunter Junior High powered by UTOPIA Fiber,40.689068,-112.03574,2022-08-01 00:20:00
1659313800,83919,13.4,99.6,10.592,Hunter Junior High powered by UTOPIA Fiber,40.689068,-112.03574,2022-08-01 00:30:00
1659314400,83919,13.8,99.0,11.072,Hunter Junior High powered by UTOPIA Fiber,40.689068,-112.03574,2022-08-01 00:40:00
1659315000,83919,13.0,99.0,11.512,Hunter Junior High powered by UTOPIA Fiber,40.689068,-112.03574,2022-08-01 00:50:00
1659315600,83919,13.0,99.0,11.266,Hunter Junior High powered by UTOPIA Fiber,40.689068,-112.03574,2022-08-01 01:00:00
1659316200,83919,12.8,99.0,11.582,Hunter Junior High powered by UTOPIA Fiber,40.689068,-112.03574,2022-08-01 01:10:00
1659316800,83919,12.2,99.0,12.056,Hunter Junior High powered by UTOPIA Fiber,40.689068,-112.03574,2022-08-01 01:20:00
1659317400,83919,12.0,99.0,12.348,Hunter Junior High powered by UTOPIA Fiber,40.689068,-112.03574,2022-08-01 01:30:00
1659318000,83919,11.4,99.0,12.91,Hunter Junior High powered by UTOPIA Fiber,40.689068,-112.03574,2022-08-01 01:40:00
1659318600,83919,12.0,99.0,12.214,Hunter Junior High powered by UTOPIA Fiber,40.689068,-112.03574,2022-08-01 01:50:00
1659319200,83919,12.0,98.2,12.784,Hunter Junior High powered by UTOPIA Fiber,40.689068,-112.03574,2022-08-01 02:00:00
1659319800,83919,12.8,97.6,12.438,Hunter Junior High powered by UTOPIA Fiber,40.689068,-112.03574,2022-08-01 02:10:00
1659320400,83919,13.0,97.0,13.162,Hunter Junior High powered by UTOPIA Fiber,40.689068,-112.03574,2022-08-01 02:20:00
1659321000,83919,14.4,95.4,12.934,Hunter Junior High powered by UTOPIA Fiber,40.689068,-112.03574,2022-08-01 02:30:00
1659321600,83919,16.2,93.2,10.366,Hunter Junior High powered by UTOPIA Fiber,40.689068,-112.03574,2022-08-01 02:40:00
1659322200,83919,17.2,92.4,13.926,Hunter Junior High powered by UTOPIA Fiber,40.689068,-112.03574,2022-08-01 02:50:00
1659322800,83919,17.8,92.0,13.876,Hunter Junior High powered by UTOPIA Fiber,40.689068,-112.03574,2022-08-01 03:00:00
1659323400,83919,17.8,90.8,11.532,Hunter Junior High powered by UTOPIA Fiber,40.689068,-112.03574,2022-08-01 03:10:00
1659324000,83919,19.4,89.2,10.248,Hunter Junior High powered by UTOPIA Fiber,40.689068,-112.03574,2022-08-01 03:20:00
1659324600,83919,20.8,87.6,9.772,Hunter Junior High powered by UTOPIA Fiber,40.689068,-112.03574,2022-08-01 03:30:00
1659325200,83919,20.0,87.0,10.226,Hunter Junior High powered by UTOPIA Fiber,40.689068,-112.03574,2022-08-01 03:40:00
1659325800,83919,20.0,87.0,9.886,Hunter Junior High powered by UTOPIA Fiber,40.689068,-112.03574,2022-08-01 03:50:00
1659326400,83919,20.0,87.0,10.536,Hunter Junior High powered by UTOPIA Fiber,40.689068,-112.03574,2022-08-01 04:00:00
1659327000,83919,21.0,87.4,10.41,Hunter Junior High powered by UTOPIA Fiber,40.689068,-112.03574,2022-08-01 04:10:00
1659327600,83919,20.8,88.0,10.608,Hunter Junior High powered by UTOPIA Fiber,40.689068,-112.03574,2022-08-01 04:20:00
1659328200,83919,21.0,88.0,11.358,Hunter Junior High powered by UTOPIA Fiber,40.689068,-112.03574,2022-08-01 04:30:00
1659328800,83919,22.0,88.0,10.566,Hunter Junior High powered by UTOPIA Fiber,40.689068,-112.03574,2022-08-01 04:40:00
1659329400,83919,22.0,87.6,10.506,Hunter Junior High powered by UTOPIA Fiber,40.689068,-112.03574,2022-08-01 04:50:00
1659330000,83919,22.4,87.0,10.288,Hunter Junior High powered by UTOPIA Fiber,40.689068,-112.03574,2022-08-01 05:00:00
1659330600,83919,23.6,87.0,11.142,Hunter Junior High powered by UTOPIA Fiber,40.689068,-112.03574,2022-08-01 05:10:00
1659331200,83919,24.6,86.6,10.912,Hunter Junior High powered by UTOPIA Fiber,40.689068,-112.03574,2022-08-01 05:20:00
1659331800,83919,24.0,86.0,11.01,Hunter Junior High powered by UTOPIA Fiber,40.689068,-112.03574,2022-08-01 05:30:00
1659332400,83919,23.8,87.0,10.516,Hunter Junior High powered by UTOPIA Fiber,40.689068,-112.03574,2022-08-01 05:40:00
1659333000,83919,24.0,87.0,10.762,Hunter Junior High powered by UTOPIA Fiber,40.689068,-112.03574,2022-08-01 05:50:00
1659333600,83919,24.0,87.0,10.484,Hunter Junior High powered by UTOPIA Fiber,40.689068,-112.03574,2022-08-01 06:00:00
1659334200,83919,24.6,86.4,10.59,Hunter Junior High powered by UTOPIA Fiber,40.689068,-112.03574,2022-08-01 06:10:00
1659334800,83919,25.8,86.0,10.824,Hunter Junior High powered by UTOPIA Fiber,40.689068,-112.03574,2022-08-01 06:20:00
1659335400,83919,25.4,86.0,9.05,Hunter Junior High powered by UTOPIA Fiber,40.689068,-112.03574,2022-08-01 06:30:00
1659336000,83919,24.2,86.4,8.61,Hunter Junior High powered by UTOPIA Fiber,40.689068,-112.03574,2022-08-01 06:40:00
1659336600,83919,23.2,87.0,9.394,Hunter Junior High powered by UTOPIA Fiber,40.689068,-112.03574,2022-08-01 06:50:00
1659337200,83919,23.8,87.0,9.38,Hunter Junior High powered by UTOPIA Fiber,40.689068,-112.03574,2022-08-01 07:00:00
1659337800,83919,25.2,86.6,8.088,Hunter Junior High powered by UTOPIA Fiber,40.689068,-112.03574,2022-08-01 07:10:00
1659338400,83919,26.0,86.0,7.202,Hunter Junior High powered by UTOPIA Fiber,40.689068,-112.03574,2022-08-01 07:20:00
1659339000,83919,26.0,86.0,6.67,Hunter Junior High powered by UTOPIA Fiber,40.689068,-112.03574,2022-08-01 07:30:00
1659339600,83919,25.4,85.4,7.124,Hunter Junior High powered by UTOPIA Fiber,40.689068,-112.03574,2022-08-01 07:40:00
1659340200,83919,25.0,85.2,5.95,Hunter Junior High powered by UTOPIA Fiber,40.689068,-112.03574,2022-08-01 07:50:00
1659340800,83919,25.0,85.6,4.906,Hunter Junior High powered by UTOPIA Fiber,40.689068,-112.03574,2022-08-01 08:00:00
1659341400,83919,25.0,86.0,4.198,Hunter Junior High powered by UTOPIA Fiber,40.689068,-112.03574,2022-08-01 08:10:00
1659342000,83919,25.2,86.0,3.37,Hunter Junior High powered by UTOPIA Fiber,40.689068,-112.03574,2022-08-01 08:20:00
1659342600,83919,26.6,86.0,4.2,Hunter Junior High powered by UTOPIA Fiber,40.689068,-112.03574,2022-08-01 08:30:00
1659343200,83919,27.0,86.0,4.484,Hunter Junior High powered by UTOPIA Fiber,40.689068,-112.03574,2022-08-01 08:40:00
1659343800,83919,27.0,86.0,4.298,Hunter Junior High powered by UTOPIA Fiber,40.689068,-112.03574,2022-08-01 08:50:00
1659344400,83919,28.4,85.8,4.452,Hunter Junior High powered by UTOPIA Fiber,40.689068,-112.03574,2022-08-01 09:00:00
1659345000,83919,29.2,85.6,4.72,Hunter Junior High powered by UTOPIA Fiber,40.689068,-112.03574,2022-08-01 09:10:00
1659345600,83919,30.0,85.0,3.916,Hunter Junior High powered by UTOPIA Fiber,40.689068,-112.03574,2022-08-01 09:20:00
1659346200,83919,31.4,84.8,4.158,Hunter Junior High powered by UTOPIA Fiber,40.689068,-112.03574,2022-08-01 09:30:00
1659346800,83919,32.0,84.2,4.018,Hunter Junior High powered by UTOPIA Fiber,40.689068,-112.03574,2022-08-01 09:40:00
1659347400,83919,32.6,84.0,4.066,Hunter Junior High powered by UTOPIA Fiber,40.689068,-112.03574,2022-08-01 09:50:00
1659348000,83919,31.6,84.0,3.864,Hunter Junior High powered by UTOPIA Fiber,40.689068,-112.03574,2022-08-01 10:00:00
1659348600,83919,30.4,84.0,3.438,Hunter Junior High powered by UTOPIA Fiber,40.689068,-112.03574,2022-08-01 10:10:00
1659349200,83919,29.4,84.0,3.942,Hunter Junior High powered by UTOPIA Fiber,40.689068,-112.03574,2022-08-01 10:20:00
1659349800,83919,29.8,84.0,3.868,Hunter Junior High powered by UTOPIA Fiber,40.689068,-112.03574,2022-08-01 10:30:00
1659350400,83919,31.8,84.0,3.35,Hunter Junior High powered by UTOPIA Fiber,40.689068,-112.03574,2022-08-01 10:40:00
1659351000,83919,32.6,83.6,2.864,Hunter Junior High powered by UTOPIA Fiber,40.689068,-112.03574,2022-08-01 10:50:00
1659351600,83919,32.0,83.0,2.508,Hunter Junior High powered by UTOPIA Fiber,40.689068,-112.03574,2022-08-01 11:00:00
1659352200,83919,32.0,83.0,2.482,Hunter Junior High powered by UTOPIA Fiber,40.689068,-112.03574,2022-08-01 11:10:00
1659352800,83919,32.0,83.4,2.65,Hunter Junior High powered by UTOPIA Fiber,40.689068,-112.03574,2022-08-01 11:20:00
1659353400,83919,32.2,83.0,2.838,Hunter Junior High powered by UTOPIA Fiber,40.689068,-112.03574,2022-08-01 11:30:00
1659354000,83919,32.2,83.2,2.912,Hunter Junior High powered by UTOPIA Fiber,40.689068,-112.03574,2022-08-01 11:40:00
1659354600,83919,34.0,83.0,2.428,Hunter Junior High powered by UTOPIA Fiber,40.689068,-112.03574,2022-08-01 11:50:00
1659355200,83919,35.8,82.4,2.454,Hunter Junior High powered by UTOPIA Fiber,40.689068,-112.03574,2022-08-01 12:00:00
1659355800,83919,36.0,82.2,2.89,Hunter Junior High powered by UTOPIA Fiber,40.689068,-112.03574,2022-08-01 12:10:00
1659356400,83919,36.0,82.0,2.796,Hunter Junior High powered by UTOPIA Fiber,40.689068,-112.03574,2022-08-01 12:20:00
1659357000,83919,36.0,82.0,2.932,Hunter Junior High powered by UTOPIA Fiber,40.689068,-112.03574,2022-08-01 12:30:00
1659357600,83919,36.4,82.0,3.234,Hunter Junior High powered by UTOPIA Fiber,40.689068,-112.03574,2022-08-01 12:40:00
1659358200,83919,36.0,81.6,3.188,Hunter Junior High powered by UTOPIA Fiber,40.689068,-112.03574,2022-08-01 12:50:00
1659358800,83919,36.6,81.0,3.06,Hunter Junior High powered by UTOPIA Fiber,40.689068,-112.03574,2022-08-01 13:00:00
1659359400,83919,37.0,81.6,2.808,Hunter Junior High powered by UTOPIA Fiber,40.689068,-112.03574,2022-08-01 13:10:00
1659360000,83919,36.8,81.2,2.872,Hunter Junior High powered by UTOPIA Fiber,40.689068,-112.03574,2022-08-01 13:20:00
1659360600,83919,36.0,81.0,2.396,Hunter Junior High powered by UTOPIA Fiber,40.689068,-112.03574,2022-08-01 13:30:00
1659361200,83919,36.0,81.0,3.258,Hunter Junior High powered by UTOPIA Fiber,40.689068,-112.03574,2022-08-01 13:40:00
1659361800,83919,36.0,81.2,2.582,Hunter Junior High powered by UTOPIA Fiber,40.689068,-112.03574,2022-08-01 13:50:00
1659362400,83919,36.0,81.0,2.086,Hunter Junior High powered by UTOPIA Fiber,40.689068,-112.03574,2022-08-01 14:00:00
1659363000,83919,36.0,81.4,2.012,Hunter Junior High powered by UTOPIA Fiber,40.689068,-112.03574,2022-08-01 14:10:00
1659363600,83919,36.0,82.0,2.778,Hunter Junior High powered by UTOPIA Fiber,40.689068,-112.03574,2022-08-01 14:20:00
1659364200,83919,35.4,82.0,2.256,Hunter Junior High powered by UTOPIA Fiber,40.689068,-112.03574,2022-08-01 14:30:00
1659364800,83919,36.0,82.0,2.602,Hunter Junior High powered by UTOPIA Fiber,40.689068,-112.03574,2022-08-01 14:40:00
1659365400,83919,36.0,82.0,2.646,Hunter Junior High powered by UTOPIA Fiber,40.689068,-112.03574,2022-08-01 14:50:00
1659366000,83919,36.0,82.0,2.906,Hunter Junior High powered by UTOPIA Fiber,40.689068,-112.03574,2022-08-01 15:00:00
1659366600,83919,35.2,82.0,2.634,Hunter Junior High powered by UTOPIA Fiber,40.689068,-112.03574,2022-08-01 15:10:00
1659367200,83919,35.0,82.0,2.488,Hunter Junior High powered by UTOPIA Fiber,40.689068,-112.03574,2022-08-01 15:20:00
1659367800,83919,34.6,82.6,2.456,Hunter Junior High powered by UTOPIA Fiber,40.689068,-112.03574,2022-08-01 15:30:00
1659368400,83919,34.4,82.6,2.698,Hunter Junior High powered by UTOPIA Fiber,40.689068,-112.03574,2022-08-01 15:40:00
1659369000,83919,33.8,83.4,2.674,Hunter Junior High powered by UTOPIA Fiber,40.689068,-112.03574,2022-08-01 15:50:00
1659369600,83919,32.6,84.2,2.312,Hunter Junior High powered by UTOPIA Fiber,40.689068,-112.03574,2022-08-01 16:00:00
1659370200,83919,31.8,85.2,2.3,Hunter Junior High powered by UTOPIA Fiber,40.689068,-112.03574,2022-08-01 16:10:00
1659370800,83919,31.6,85.4,2.772,Hunter Junior High powered by UTOPIA Fiber,40.689068,-112.03574,2022-08-01 16:20:00
1659371400,83919,31.0,85.8,2.638,Hunter Junior High powered by UTOPIA Fiber,40.689068,-112.03574,2022-08-01 16:30:00
1659372000,83919,31.0,86.0,2.154,Hunter Junior High powered by UTOPIA Fiber,40.689068,-112.03574,2022-08-01 16:40:00
1659372600,83919,31.0,86.0,2.418,Hunter Junior High powered by UTOPIA Fiber,40.689068,-112.03574,2022-08-01 16:50:00
1659373200,83919,31.2,87.0,2.648,Hunter Junior High powered by UTOPIA Fiber,40.689068,-112.03574,2022-08-01 17:00:00
1659373800,83919,31.2,87.0,2.792,Hunter Junior High powered by UTOPIA Fiber,40.689068,-112.03574,2022-08-01 17:10:00
1659374400,83919,31.0,87.0,2.492,Hunter Junior High powered by UTOPIA Fiber,40.689068,-112.03574,2022-08-01 17:20:00
1659375000,83919,31.4,87.4,2.526,Hunter Junior High powered by UTOPIA Fiber,40.689068,-112.03574,2022-08-01 17:30:00
1659375600,83919,30.4,88.0,2.53,Hunter Junior High powered by UTOPIA Fiber,40.689068,-112.03574,2022-08-01 17:40:00
1659376200,83919,30.4,88.0,2.264,Hunter Junior High powered by UTOPIA Fiber,40.689068,-112.03574,2022-08-01 17:50:00
1659376800,83919,30.0,88.8,2.014,Hunter Junior High powered by UTOPIA Fiber,40.689068,-112.03574,2022-08-01 18:00:00
1659377400,83919,28.2,90.8,2.05,Hunter Junior High powered by UTOPIA Fiber,40.689068,-112.03574,2022-08-01 18:10:00
1659378000,83919,27.0,92.0,1.996,Hunter Junior High powered by UTOPIA Fiber,40.689068,-112.03574,2022-08-01 18:20:00
1659378600,83919,26.4,92.8,2.094,Hunter Junior High powered by UTOPIA Fiber,40.689068,-112.03574,2022-08-01 18:30:00
1659379200,83919,25.4,93.8,2.396,Hunter Junior High powered by UTOPIA Fiber,40.689068,-112.03574,2022-08-01 18:40:00
1659379800,83919,26.0,94.2,2.582,Hunter Junior High powered by UTOPIA Fiber,40.689068,-112.03574,2022-08-01 18:50:00
1659380400,83919,24.4,94.8,2.176,Hunter Junior High powered by UTOPIA Fiber,40.689068,-112.03574,2022-08-01 19:00:00
1659381000,83919,24.4,95.4,2.25,Hunter Junior High powered by UTOPIA Fiber,40.689068,-112.03574,2022-08-01 19:10:00
1659381600,83919,22.6,97.0,2.454,Hunter Junior High powered by UTOPIA Fiber,40.689068,-112.03574,2022-08-01 19:20:00
1659382200,83919,21.4,98.4,3.18,Hunter Junior High powered by UTOPIA Fiber,40.689068,-112.03574,2022-08-01 19:30:00
1659382800,83919,21.0,97.4,2.736,Hunter Junior High powered by UTOPIA Fiber,40.689068,-112.03574,2022-08-01 19:40:00
1659383400,83919,20.6,98.8,3.192,Hunter Junior High powered by UTOPIA Fiber,40.689068,-112.03574,2022-08-01 19:50:00
1659384000,83919,20.0,100.8,3.338,Hunter Junior High powered by UTOPIA Fiber,40.689068,-112.03574,2022-08-01 20:00:00
1659384600,83919,18.6,104.6,2.854,Hunter Junior High powered by UTOPIA Fiber,40.689068,-112.03574,2022-08-01 20:10:00
1659385200,83919,16.4,106.6,2.488,Hunter Junior High powered by UTOPIA Fiber,40.689068,-112.03574,2022-08-01 20:20:00
1659385800,83919,15.0,108.8,2.626,Hunter Junior High powered by UTOPIA Fiber,40.689068,-112.03574,2022-08-01 20:30:00
1659386400,83919,14.6,107.6,2.952,Hunter Junior High powered by UTOPIA Fiber,40.689068,-112.03574,2022-08-01 20:40:00
1659387000,83919,17.2,104.0,3.246,Hunter Junior High powered by UTOPIA Fiber,40.689068,-112.03574,2022-08-01 20:50:00
1659387600,83919,18.0,101.4,3.594,Hunter Junior High powered by UTOPIA Fiber,40.689068,-112.03574,2022-08-01 21:00:00
1659388200,83919,19.4,99.6,4.288,Hunter Junior High powered by UTOPIA Fiber,40.689068,-112.03574,2022-08-01 21:10:00
1659388800,83919,20.0,97.4,4.37,Hunter Junior High powered by UTOPIA Fiber,40.689068,-112.03574,2022-08-01 21:20:00
1659389400,83919,21.2,95.8,4.382,Hunter Junior High powered by UTOPIA Fiber,40.689068,-112.03574,2022-08-01 21:30:00
1659390000,83919,23.4,94.4,4.158,Hunter Junior High powered by UTOPIA Fiber,40.689068,-112.03574,2022-08-01 21:40:00
1659390600,83919,25.4,92.4,4.56,Hunter Junior High powered by UTOPIA Fiber,40.689068,-112.03574,2022-08-01 21:50:00
1659391200,83919,28.2,91.0,4.616,Hunter Junior High powered by UTOPIA Fiber,40.689068,-112.03574,2022-08-01 22:00:00
1659391800,83919,31.2,90.0,4.664,Hunter Junior High powered by UTOPIA Fiber,40.689068,-112.03574,2022-08-01 22:10:00
1659392400,83919,30.4,90.0,4.826,Hunter Junior High powered by UTOPIA Fiber,40.689068,-112.03574,2022-08-01 22:20:00
1659393000,83919,29.0,90.6,4.118,Hunter Junior High powered by UTOPIA Fiber,40.689068,-112.03574,2022-08-01 22:30:00
1659393600,83919,26.4,93.2,4.426,Hunter Junior High powered by UTOPIA Fiber,40.689068,-112.03574,2022-08-01 22:40:00
1659394200,83919,24.0,94.0,4.678,Hunter Junior High powered by UTOPIA Fiber,40.689068,-112.03574,2022-08-01 22:50:00
1659394800,83919,24.0,95.0,3.906,Hunter Junior High powered by UTOPIA Fiber,40.689068,-112.03574,2022-08-01 23:00:00
1659395400,83919,23.0,94.4,3.822,Hunter Junior High powered by UTOPIA Fiber,40.689068,-112.03574,2022-08-01 23:10:00
1659396000,83919,23.2,94.0,3.916,Hunter Junior High powered by UTOPIA Fiber,40.689068,-112.03574,2022-08-01 23:20:00
1659396600,83919,23.2,94.0,4.206,Hunter Junior High powered by UTOPIA Fiber,40.689068,-112.03574,2022-08-01 23:30:00
1659397200,83919,24.0,93.0,4.304,Hunter Junior High powered by UTOPIA Fiber,40.689068,-112.03574,2022-08-01 23:40:00
1659397800,83919,24.0,93.0,4.558,Hunter Junior High powered by UTOPIA Fiber,40.689068,-112.03574,2022-08-01 23:50:00
