time_stamp,sensor_index,humidity,temperature,pm2.5,sensor_name,latitude,longitude,datetime
1661299200,83919,11.2,102.4,4.968,Hunter Junior High powered by UTOPIA Fiber,40.689068,-112.03574,2022-08-24 00:00:00
1661299800,83919,12.8,101.4,4.886,Hunter Junior High powered by UTOPIA Fiber,40.689068,-112.03574,2022-08-24 00:10:00
1661300400,83919,12.2,100.2,4.856,Hunter Junior High powered by UTOPIA Fiber,40.689068,-112.03574,2022-08-24 00:20:00
1661301000,83919,12.8,99.8,5.098,Hunter Junior High powered by UTOPIA Fiber,40.689068,-112.03574,2022-08-24 00:30:00
1661301600,83919,12.8,99.8,5.286,Hunter Junior High powered by UTOPIA Fiber,40.689068,-112.03574,2022-08-24 00:40:00
1661302200,83919,12.6,99.4,5.048,Hunter Junior High powered by UTOPIA Fiber,40.689068,-112.03574,2022-08-24 00:50:00
1661302800,83919,12.8,98.8,4.842,Hunter Junior High powered by UTOPIA Fiber,40.689068,-112.03574,2022-08-24 01:00:00
1661303400,83919,13.2,98.0,4.724,Hunter Junior High powered by UTOPIA Fiber,40.689068,-112.03574,2022-08-24 01:10:00
1661304000,83919,13.2,99.2,4.894,Hunter Junior High powered by UTOPIA Fiber,40.689068,-112.03574,2022-08-24 01:20:00
1661304600,83919,13.2,100.0,5.31,Hunter Junior High powered by UTOPIA Fiber,40.689068,-112.03574,2022-08-24 01:30:00
1661305200,83919,13.8,98.4,5.122,Hunter Junior High powered by UTOPIA Fiber,40.689068,-112.03574,2022-08-24 01:40:00
1661305800,83919,14.2,96.8,5.682,Hunter Junior High powered by UTOPIA Fiber,40.689068,-112.03574,2022-08-24 01:50:00
1661306400,83919,15.4,95.6,6.108,Hunter Junior High powered by UTOPIA Fiber,40.689068,-112.03574,2022-08-24 02:00:00
1661307000,83919,17.2,93.2,5.868,Hunter Junior High powered by UTOPIA Fiber,40.689068,-112.03574,2022-08-24 02:10:00
1661307600,83919,18.6,90.8,6.164,Hunter Junior High powered by UTOPIA Fiber,40.689068,-112.03574,2022-08-24 02:20:00
1661308200,83919,19.8,88.6,5.856,Hunter Junior High powered by UTOPIA Fiber,40.689068,-112.03574,2022-08-24 02:30:00
1661308800,83919,20.8,86.6,5.742,Hunter Junior High powered by UTOPIA Fiber,40.689068,-112.03574,2022-08-24 02:40:00
1661309400,83919,21.8,85.4,5.918,Hunter Junior High powered by UTOPIA Fiber,40.689068,-112.03574,2022-08-24 02:50:00
1661310000,83919,22.4,84.2,5.696,Hunter Junior High powered by UTOPIA Fiber,40.689068,-112.03574,2022-08-24 03:00:00
1661310600,83919,23.0,83.6,5.756,Hunter Junior High powered by UTOPIA Fiber,40.689068,-112.03574,2022-08-24 03:10:00
1661311200,83919,23.0,83.0,5.42,Hunter Junior High powered by UTOPIA Fiber,40.689068,-112.03574,2022-08-24 03:20:00
1661311800,83919,23.0,83.0,5.634,Hunter Junior High powered by UTOPIA Fiber,40.689068,-112.03574,2022-08-24 03:30:00
1661312400,83919,23.0,82.8,5.536,Hunter Junior High powered by UTOPIA Fiber,40.689068,-112.03574,2022-08-24 03:40:00
1661313000,83919,23.0,82.0,5.43,Hunter Junior High powered by UTOPIA Fiber,40.689068,-112.03574,2022-08-24 03:50:00
1661313600,83919,23.0,82.0,5.856,Hunter Junior High powered by UTOPIA Fiber,40.689068,-112.03574,2022-08-24 04:00:00
1661314200,83919,23.0,82.0,5.634,Hunter Junior High powered by UTOPIA Fiber,40.689068,-112.03574,2022-08-24 04:10:00
1661314800,83919,22.4,82.0,5.758,Hunter Junior High powered by UTOPIA Fiber,40.689068,-112.03574,2022-08-24 04:20:00
1661315400,83919,23.0,82.0,5.678,Hunter Junior High powered by UTOPIA Fiber,40.689068,-112.03574,2022-08-24 04:30:00
1661316000,83919,23.0,81.8,5.576,Hunter Junior High powered by UTOPIA Fiber,40.689068,-112.03574,2022-08-24 04:40:00
1661316600,83919,23.2,81.0,5.902,Hunter Junior High powered by UTOPIA Fiber,40.689068,-112.03574,2022-08-24 04:50:00
1661317200,83919,23.2,81.2,5.962,Hunter Junior High powered by UTOPIA Fiber,40.689068,-112.03574,2022-08-24 05:00:00
1661317800,83919,22.8,82.0,7.096,Hunter Junior High powered by UTOPIA Fiber,40.689068,-112.03574,2022-08-24 05:10:00
1661318400,83919,22.2,82.4,6.226,Hunter Junior High powered by UTOPIA Fiber,40.689068,-112.03574,2022-08-24 05:20:00
1661319000,83919,21.0,83.2,6.436,Hunter Junior High powered by UTOPIA Fiber,40.689068,-112.03574,2022-08-24 05:30:00
1661319600,83919,21.0,84.0,6.52,Hunter Junior High powered by UTOPIA Fiber,40.689068,-112.03574,2022-08-24 05:40:00
1661320200,83919,21.6,83.6,7.476,Hunter Junior High powered by UTOPIA Fiber,40.689068,-112.03574,2022-08-24 05:50:00
1661320800,83919,22.6,83.0,8.734,Hunter Junior High powered by UTOPIA Fiber,40.689068,-112.03574,2022-08-24 06:00:00
1661321400,83919,22.8,82.6,9.352,Hunter Junior High powered by UTOPIA Fiber,40.689068,-112.03574,2022-08-24 06:10:00
1661322000,83919,23.2,82.0,10.106,Hunter Junior High powered by UTOPIA Fiber,40.689068,-112.03574,2022-08-24 06:20:00
1661322600,83919,24.2,82.0,9.874,Hunter Junior High powered by UTOPIA Fiber,40.689068,-112.03574,2022-08-24 06:30:00
1661323200,83919,24.6,81.2,10.01,Hunter Junior High powered by UTOPIA Fiber,40.689068,-112.03574,2022-08-24 06:40:00
1661323800,83919,26.4,80.6,10.09,Hunter Junior High powered by UTOPIA Fiber,40.689068,-112.03574,2022-08-24 06:50:00
1661324400,83919,26.4,80.0,10.134,Hunter Junior High powered by UTOPIA Fiber,40.689068,-112.03574,2022-08-24 07:00:00
1661325000,83919,27.2,79.6,10.01,Hunter Junior High powered by UTOPIA Fiber,40.689068,-112.03574,2022-08-24 07:10:00
1661325600,83919,27.6,78.2,9.734,Hunter Junior High powered by UTOPIA Fiber,40.689068,-112.03574,2022-08-24 07:20:00
1661326200,83919,25.8,78.4,8.824,Hunter Junior High powered by UTOPIA Fiber,40.689068,-112.03574,2022-08-24 07:30:00
1661326800,83919,25.0,78.6,7.682,Hunter Junior High powered by UTOPIA Fiber,40.689068,-112.03574,2022-08-24 07:40:00
1661327400,83919,24.4,79.6,8.35,Hunter Junior High powered by UTOPIA Fiber,40.689068,-112.03574,2022-08-24 07:50:00
1661328000,83919,24.0,80.0,8.792,Hunter Junior High powered by UTOPIA Fiber,40.689068,-112.03574,2022-08-24 08:00:00
1661328600,83919,24.0,80.6,7.98,Hunter Junior High powered by UTOPIA Fiber,40.689068,-112.03574,2022-08-24 08:10:00
1661329200,83919,25.0,80.8,8.966,Hunter Junior High powered by UTOPIA Fiber,40.689068,-112.03574,2022-08-24 08:20:00
1661329800,83919,25.8,80.0,8.268,Hunter Junior High powered by UTOPIA Fiber,40.689068,-112.03574,2022-08-24 08:30:00
1661330400,83919,25.8,79.8,7.02,Hunter Junior High powered by UTOPIA Fiber,40.689068,-112.03574,2022-08-24 08:40:00
1661331000,83919,25.2,79.0,7.17,Hunter Junior High powered by UTOPIA Fiber,40.689068,-112.03574,2022-08-24 08:50:00
1661331600,83919,26.0,79.0,6.968,Hunter Junior High powered by UTOPIA Fiber,40.689068,-112.03574,2022-08-24 09:00:00
1661332200,83919,27.0,78.0,6.736,Hunter Junior High powered by UTOPIA Fiber,40.689068,-112.03574,2022-08-24 09:10:00
1661332800,83919,27.8,78.0,7.066,Hunter Junior High powered by UTOPIA Fiber,40.689068,-112.03574,2022-08-24 09:20:00
1661333400,83919,27.0,78.0,7.054,Hunter Junior High powered by UTOPIA Fiber,40.689068,-112.03574,2022-08-24 09:30:00
1661334000,83919,26.6,78.6,7.536,Hunter Junior High powered by UTOPIA Fiber,40.689068,-112.03574,2022-08-24 09:40:00
1661334600,83919,25.4,79.6,7.232,Hunter Junior High powered by UTOPIA Fiber,40.689068,-112.03574,2022-08-24 09:50:00
1661335200,83919,25.0,80.4,7.044,Hunter Junior High powered by UTOPIA Fiber,40.689068,-112.03574,2022-08-24 10:00:00
1661335800,83919,25.0,81.0,6.796,Hunter Junior High powered by UTOPIA Fiber,40.689068,-112.03574,2022-08-24 10:10:00
1661336400,83919,25.0,81.0,7.264,Hunter Junior High powered by UTOPIA Fiber,40.689068,-112.03574,2022-08-24 10:20:00
1661337000,83919,25.4,81.0,7.436,Hunter Junior High powered by UTOPIA Fiber,40.689068,-112.03574,2022-08-24 10:30:00
1661337600,83919,26.2,79.8,7.502,Hunter Junior High powered by UTOPIA Fiber,40.689068,-112.03574,2022-08-24 10:40:00
1661338200,83919,26.4,79.2,8.998,Hunter Junior High powered by UTOPIA Fiber,40.689068,-112.03574,2022-08-24 10:50:00
1661338800,83919,27.0,79.0,8.428,Hunter Junior High powered by UTOPIA Fiber,40.689068,-112.03574,2022-08-24 11:00:00
1661339400,83919,26.4,79.0,8.004,Hunter Junior High powered by UTOPIA Fiber,40.689068,-112.03574,2022-08-24 11:10:00
1661340000,83919,25.4,79.2,7.632,Hunter Junior High powered by UTOPIA Fiber,40.689068,-112.03574,2022-08-24 11:20:00
1661340600,83919,25.0,80.0,7.52,Hunter Junior High powered by UTOPIA Fiber,40.689068,-112.03574,2022-08-24 11:30:00
1661341200,83919,25.4,80.0,7.234,Hunter Junior High powered by UTOPIA Fiber,40.689068,-112.03574,2022-08-24 11:40:00
1661341800,83919,26.0,79.0,7.574,Hunter Junior High powered by UTOPIA Fiber,40.689068,-112.03574,2022-08-24 11:50:00
1661342400,83919,26.6,78.6,8.38,Hunter Junior High powered by UTOPIA Fiber,40.689068,-112.03574,2022-08-24 12:00:00
1661343000,83919,26.6,78.0,7.632,Hunter Junior High powered by UTOPIA Fiber,40.689068,-112.03574,2022-08-24 12:10:00
1661343600,83919,26.8,78.0,8.092,Hunter Junior High powered by UTOPIA Fiber,40.689068,-112.03574,2022-08-24 12:20:00
1661344200,83919,27.6,78.0,7.732,Hunter Junior High powered by UTOPIA Fiber,40.689068,-112.03574,2022-08-24 12:30:00
1661344800,83919,27.0,77.6,7.976,Hunter Junior High powered by UTOPIA Fiber,40.689068,-112.03574,2022-08-24 12:40:00
1661345400,83919,26.4,78.0,7.724,Hunter Junior High powered by UTOPIA Fiber,40.689068,-112.03574,2022-08-24 12:50:00
1661346000,83919,25.6,78.6,7.154,Hunter Junior High powered by UTOPIA Fiber,40.689068,-112.03574,2022-08-24 13:00:00
1661346600,83919,25.0,79.4,7.054,Hunter Junior High powered by UTOPIA Fiber,40.689068,-112.03574,2022-08-24 13:10:00
1661347200,83919,25.8,80.0,6.95,Hunter Junior High powered by UTOPIA Fiber,40.689068,-112.03574,2022-08-24 13:20:00
1661347800,83919,26.8,79.2,7.508,Hunter Junior High powered by UTOPIA Fiber,40.689068,-112.03574,2022-08-24 13:30:00
1661348400,83919,27.8,79.0,7.864,Hunter Junior High powered by UTOPIA Fiber,40.689068,-112.03574,2022-08-24 13:40:00
1661349000,83919,28.8,79.0,7.96,Hunter Junior High powered by UTOPIA Fiber,40.689068,-112.03574,2022-08-24 13:50:00
1661349600,83919,29.6,79.0,7.594,Hunter Junior High powered by UTOPIA Fiber,40.689068,-112.03574,2022-08-24 14:00:00
1661350200,83919,29.6,80.0,7.8,Hunter Junior High powered by UTOPIA Fiber,40.689068,-112.03574,2022-08-24 14:10:00
1661350800,83919,29.2,80.0,7.696,Hunter Junior High powered by UTOPIA Fiber,40.689068,-112.03574,2022-08-24 14:20:00
1661351400,83919,29.0,80.8,7.104,Hunter Junior High powered by UTOPIA Fiber,40.689068,-112.03574,2022-08-24 14:30:00
1661352000,83919,27.8,81.6,6.956,Hunter Junior High powered by UTOPIA Fiber,40.689068,-112.03574,2022-08-24 14:40:00
1661352600,83919,26.2,82.6,6.894,Hunter Junior High powered by UTOPIA Fiber,40.689068,-112.03574,2022-08-24 14:50:00
1661353200,83919,25.2,83.6,7.23,Hunter Junior High powered by UTOPIA Fiber,40.689068,-112.03574,2022-08-24 15:00:00
1661353800,83919,24.4,84.6,7.064,Hunter Junior High powered by UTOPIA Fiber,40.689068,-112.03574,2022-08-24 15:10:00
1661354400,83919,23.6,85.2,7.216,Hunter Junior High powered by UTOPIA Fiber,40.689068,-112.03574,2022-08-24 15:20:00
1661355000,83919,22.4,86.2,7.294,Hunter Junior High powered by UTOPIA Fiber,40.689068,-112.03574,2022-08-24 15:30:00
1661355600,83919,22.0,87.0,6.798,Hunter Junior High powered by UTOPIA Fiber,40.689068,-112.03574,2022-08-24 15:40:00
1661356200,83919,21.4,87.6,6.964,Hunter Junior High powered by UTOPIA Fiber,40.689068,-112.03574,2022-08-24 15:50:00
1661356800,83919,21.2,88.0,6.99,Hunter Junior High powered by UTOPIA Fiber,40.689068,-112.03574,2022-08-24 16:00:00
1661357400,83919,20.6,88.8,6.422,Hunter Junior High powered by UTOPIA Fiber,40.689068,-112.03574,2022-08-24 16:10:00
1661358000,83919,19.8,89.6,6.168,Hunter Junior High powered by UTOPIA Fiber,40.689068,-112.03574,2022-08-24 16:20:00
1661358600,83919,19.8,90.2,5.924,Hunter Junior High powered by UTOPIA Fiber,40.689068,-112.03574,2022-08-24 16:30:00
1661359200,83919,18.2,91.4,5.476,Hunter Junior High powered by UTOPIA Fiber,40.689068,-112.03574,2022-08-24 16:40:00
1661359800,83919,17.6,93.0,5.64,Hunter Junior High powered by UTOPIA Fiber,40.689068,-112.03574,2022-08-24 16:50:00
1661360400,83919,15.8,94.4,5.364,Hunter Junior High powered by UTOPIA Fiber,40.689068,-112.03574,2022-08-24 17:00:00
1661361000,83919,15.4,95.2,5.704,Hunter Junior High powered by UTOPIA Fiber,40.689068,-112.03574,2022-08-24 17:10:00
1661361600,83919,15.4,95.8,5.34,Hunter Junior High powered by UTOPIA Fiber,40.689068,-112.03574,2022-08-24 17:20:00
1661362200,83919,15.0,97.4,5.632,Hunter Junior High powered by UTOPIA Fiber,40.689068,-112.03574,2022-08-24 17:30:00
1661362800,83919,14.2,98.4,5.068,Hunter Junior High powered by UTOPIA Fiber,40.689068,-112.03574,2022-08-24 17:40:00
1661363400,83919,13.0,98.8,4.722,Hunter Junior High powered by UTOPIA Fiber,40.689068,-112.03574,2022-08-24 17:50:00
1661364000,83919,14.4,99.6,5.094,Hunter Junior High powered by UTOPIA Fiber,40.689068,-112.03574,2022-08-24 18:00:00
1661364600,83919,13.8,100.0,5.402,Hunter Junior High powered by UTOPIA Fiber,40.689068,-112.03574,2022-08-24 18:10:00
1661365200,83919,15.2,101.4,6.904,Hunter Junior High powered by UTOPIA Fiber,40.689068,-112.03574,2022-08-24 18:20:00
1661365800,83919,13.8,103.4,6.198,Hunter Junior High powered by UTOPIA Fiber,40.689068,-112.03574,2022-08-24 18:30:00
1661366400,83919,13.6,103.4,6.238,Hunter Junior High powered by UTOPIA Fiber,40.689068,-112.03574,2022-08-24 18:40:00
1661367000,83919,13.0,103.0,5.812,Hunter Junior High powered by UTOPIA Fiber,40.689068,-112.03574,2022-08-24 18:50:00
1661367600,83919,13.2,103.2,5.99,Hunter Junior High powered by UTOPIA Fiber,40.689068,-112.03574,2022-08-24 19:00:00
1661368200,83919,12.0,104.0,5.8,Hunter Junior High powered by UTOPIA Fiber,40.689068,-112.03574,2022-08-24 19:10:00
1661368800,83919,12.0,105.0,5.504,Hunter Junior High powered by UTOPIA Fiber,40.689068,-112.03574,2022-08-24 19:20:00
1661369400,83919,11.6,105.8,5.606,Hunter Junior High powered by UTOPIA Fiber,40.689068,-112.03574,2022-08-24 19:30:00
1661370000,83919,13.2,101.0,4.882,Hunter Junior High powered by UTOPIA Fiber,40.689068,-112.03574,2022-08-24 19:40:00
1661370600,83919,15.6,95.0,4.712,Hunter Junior High powered by UTOPIA Fiber,40.689068,-112.03574,2022-08-24 19:50:00
1661371200,83919,16.8,92.6,4.204,Hunter Junior High powered by UTOPIA Fiber,40.689068,-112.03574,2022-08-24 20:00:00
1661371800,83919,18.4,91.2,4.326,Hunter Junior High powered by UTOPIA Fiber,40.689068,-112.03574,2022-08-24 20:10:00
1661372400,83919,20.4,90.2,4.074,Hunter Junior High powered by UTOPIA Fiber,40.689068,-112.03574,2022-08-24 20:20:00
1661373000,83919,21.4,89.2,3.71,Hunter Junior High powered by UTOPIA Fiber,40.689068,-112.03574,2022-08-24 20:30:00
1661373600,83919,23.4,88.6,3.864,Hunter Junior High powered by UTOPIA Fiber,40.689068,-112.03574,2022-08-24 20:40:00
1661374200,83919,27.2,87.6,4.714,Hunter Junior High powered by UTOPIA Fiber,40.689068,-112.03574,2022-08-24 20:50:00
1661374800,83919,27.0,87.0,4.218,Hunter Junior High powered by UTOPIA Fiber,40.689068,-112.03574,2022-08-24 21:00:00
1661375400,83919,25.4,88.0,4.074,Hunter Junior High powered by UTOPIA Fiber,40.689068,-112.03574,2022-08-24 21:10:00
1661376000,83919,24.0,89.2,4.166,Hunter Junior High powered by UTOPIA Fiber,40.689068,-112.03574,2022-08-24 21:20:00
1661376600,83919,22.0,90.4,3.534,Hunter Junior High powered by UTOPIA Fiber,40.689068,-112.03574,2022-08-24 21:30:00
1661377200,83919,21.0,91.2,3.826,Hunter Junior High powered by UTOPIA Fiber,40.689068,-112.03574,2022-08-24 21:40:00
1661377800,83919,20.4,91.8,4.106,Hunter Junior High powered by UTOPIA Fiber,40.689068,-112.03574,2022-08-24 21:50:00
1661378400,83919,19.4,92.6,3.498,Hunter Junior High powered by UTOPIA Fiber,40.689068,-112.03574,2022-08-24 22:00:00
1661379000,83919,18.6,94.2,3.922,Hunter Junior High powered by UTOPIA Fiber,40.689068,-112.03574,2022-08-24 22:10:00
1661379600,83919,17.2,95.0,3.354,Hunter Junior High powered by UTOPIA Fiber,40.689068,-112.03574,2022-08-24 22:20:00
1661380200,83919,16.4,95.6,3.938,Hunter Junior High powered by UTOPIA Fiber,40.689068,-112.03574,2022-08-24 22:30:00
1661380800,83919,15.4,96.0,3.706,Hunter Junior High powered by UTOPIA Fiber,40.689068,-112.03574,2022-08-24 22:40:00
1661381400,83919,15.4,95.8,3.468,Hunter Junior High powered by UTOPIA Fiber,40.689068,-112.03574,2022-08-24 22:50:00
1661382000,83919,15.0,95.0,3.294,Hunter Junior High powered by UTOPIA Fiber,40.689068,-112.03574,2022-08-24 23:00:00
1661382600,83919,15.6,94.2,3.76,Hunter Junior High powered by UTOPIA Fiber,40.689068,-112.03574,2022-08-24 23:10:00
1661383200,83919,15.2,94.0,2.812,Hunter Junior High powered by UTOPIA Fiber,40.689068,-112.03574,2022-08-24 23:20:00
1661383800,83919,15.0,94.0,3.482,Hunter Junior High powered by UTOPIA Fiber,40.689068,-112.03574,2022-08-24 23:30:00
1661384400,83919,15.0,94.0,2.698,Hunter Junior High powered by UTOPIA Fiber,40.689068,-112.03574,2022-08-24 23:40:00
1661385000,83919,17.2,92.8,2.698,Hunter Junior High powered by UTOPIA Fiber,40.689068,-112.03574,2022-08-24 23:50:00
1661385600,83919,22.2,88.0,4.024,Hunter Junior High powered by UTOPIA Fiber,40.689068,-112.03574,2022-08-25 00:00:00
1661386200,83919,28.8,82.8,4.12,Hunter Junior High powered by UTOPIA Fiber,40.689068,-112.03574,2022-08-25 00:10:00
1661386800,83919,31.4,80.2,4.714,Hunter Junior High powered by UTOPIA Fiber,40.689068,-112.03574,2022-08-25 00:20:00
1661387400,83919,31.4,79.8,3.836,Hunter Junior High powered by UTOPIA Fiber,40.689068,-112.03574,2022-08-25 00:30:00
1661388000,83919,29.2,80.0,3.616,Hunter Junior High powered by UTOPIA Fiber,40.689068,-112.03574,2022-08-25 00:40:00
1661388600,83919,29.2,81.0,3.978,Hunter Junior High powered by UTOPIA Fiber,40.689068,-112.03574,2022-08-25 00:50:00
1661389200,83919,31.2,80.6,3.382,Hunter Junior High powered by UTOPIA Fiber,40.689068,-112.03574,2022-08-25 01:00:00
1661389800,83919,36.0,78.2,3.308,Hunter Junior High powered by UTOPIA Fiber,40.689068,-112.03574,2022-08-25 01:10:00
1661390400,83919,36.8,77.2,3.878,Hunter Junior High powered by UTOPIA Fiber,40.689068,-112.03574,2022-08-25 01:20:00
1661391000,83919,36.6,78.2,3.664,Hunter Junior High powered by UTOPIA Fiber,40.689068,-112.03574,2022-08-25 01:30:00
1661391600,83919,37.0,78.8,3.876,Hunter Junior High powered by UTOPIA Fiber,40.689068,-112.03574,2022-08-25 01:40:00
1661392200,83919,37.2,79.0,3.482,Hunter Junior High powered by UTOPIA Fiber,40.689068,-112.03574,2022-08-25 01:50:00
1661392800,83919,35.8,79.0,3.284,Hunter Junior High powered by UTOPIA Fiber,40.689068,-112.03574,2022-08-25 02:00:00
1661393400,83919,35.8,79.0,4.012,Hunter Junior High powered by UTOPIA Fiber,40.689068,-112.03574,2022-08-25 02:10:00
1661394000,83919,36.0,79.2,4.36,Hunter Junior High powered by UTOPIA Fiber,40.689068,-112.03574,2022-08-25 02:20:00
1661394600,83919,35.0,80.0,5.226,Hunter Junior High powered by UTOPIA Fiber,40.689068,-112.03574,2022-08-25 02:30:00
1661395200,83919,35.0,80.0,3.386,Hunter Junior High powered by UTOPIA Fiber,40.689068,-112.03574,2022-08-25 02:40:00
1661395800,83919,34.6,80.0,3.678,Hunter Junior High powered by UTOPIA Fiber,40.689068,-112.03574,2022-08-25 02:50:00
1661396400,83919,34.0,80.0,3.922,Hunter Junior High powered by UTOPIA Fiber,40.689068,-112.03574,2022-08-25 03:00:00
1661397000,83919,34.4,80.0,4.122,Hunter Junior High powered by UTOPIA Fiber,40.689068,-112.03574,2022-08-25 03:10:00
1661397600,83919,35.0,80.0,4.024,Hunter Junior High powered by UTOPIA Fiber,40.689068,-112.03574,2022-08-25 03:20:00
1661398200,83919,35.6,80.0,4.256,Hunter Junior High powered by UTOPIA Fiber,40.689068,-112.03574,2022-08-25 03:30:00
1661398800,83919,38.4,79.0,3.804,Hunter Junior High powered by UTOPIA Fiber,40.689068,-112.03574,2022-08-25 03:40:00
1661399400,83919,41.0,77.4,4.654,Hunter Junior High powered by UTOPIA Fiber,40.689068,-112.03574,2022-08-25 03:50:00
1661400000,83919,41.0,77.0,5.15,Hunter Junior High powered by UTOPIA Fiber,40.689068,-112.03574,2022-08-25 04:00:00
1661400600,83919,40.0,77.8,5.202,Hunter Junior High powered by UTOPIA Fiber,40.689068,-112.03574,2022-08-25 04:10:00
1661401200,83919,36.8,78.0,5.666,Hunter Junior High powered by UTOPIA Fiber,40.689068,-112.03574,2022-08-25 04:20:00
1661401800,83919,35.6,78.2,4.348,Hunter Junior High powered by UTOPIA Fiber,40.689068,-112.03574,2022-08-25 04:30:00
1661402400,83919,34.2,79.0,3.178,Hunter Junior High powered by UTOPIA Fiber,40.689068,-112.03574,2022-08-25 04:40:00
1661403000,83919,33.2,79.0,2.858,Hunter Junior High powered by UTOPIA Fiber,40.689068,-112.03574,2022-08-25 04:50:00
1661403600,83919,32.4,79.2,3.12,Hunter Junior High powered by UTOPIA Fiber,40.689068,-112.03574,2022-08-25 05:00:00
1661404200,83919,33.8,78.4,2.978,Hunter Junior High powered by UTOPIA Fiber,40.689068,-112.03574,2022-08-25 05:10:00
1661404800,83919,34.4,78.6,2.986,Hunter Junior High powered by UTOPIA Fiber,40.689068,-112.03574,2022-08-25 05:20:00
1661405400,83919,35.4,78.0,3.402,Hunter Junior High powered by UTOPIA Fiber,40.689068,-112.03574,2022-08-25 05:30:00
1661406000,83919,39.2,76.0,4.94,Hunter Junior High powered by UTOPIA Fiber,40.689068,-112.03574,2022-08-25 05:40:00
1661406600,83919,40.0,74.6,5.02,Hunter Junior High powered by UTOPIA Fiber,40.689068,-112.03574,2022-08-25 05:50:00
1661407200,83919,42.4,73.2,3.392,Hunter Junior High powered by UTOPIA Fiber,40.689068,-112.03574,2022-08-25 06:00:00
1661407800,83919,46.8,72.4,3.692,Hunter Junior High powered by UTOPIA Fiber,40.689068,-112.03574,2022-08-25 06:10:00
1661408400,83919,49.0,71.2,4.544,Hunter Junior High powered by UTOPIA Fiber,40.689068,-112.03574,2022-08-25 06:20:00
1661409000,83919,48.2,71.0,4.102,Hunter Junior High powered by UTOPIA Fiber,40.689068,-112.03574,2022-08-25 06:30:00
1661409600,83919,46.8,71.0,4.238,Hunter Junior High powered by UTOPIA Fiber,40.689068,-112.03574,2022-08-25 06:40:00
1661410200,83919,44.2,71.2,4.186,Hunter Junior High powered by UTOPIA Fiber,40.689068,-112.03574,2022-08-25 06:50:00
1661410800,83919,43.8,72.0,4.126,Hunter Junior High powered by UTOPIA Fiber,40.689068,-112.03574,2022-08-25 07:00:00
1661411400,83919,44.2,72.0,4.776,Hunter Junior High powered by UTOPIA Fiber,40.689068,-112.03574,2022-08-25 07:10:00
1661412000,83919,44.0,72.0,4.916,Hunter Junior High powered by UTOPIA Fiber,40.689068,-112.03574,2022-08-25 07:20:00
1661412600,83919,44.4,72.0,5.272,Hunter Junior High powered by UTOPIA Fiber,40.689068,-112.03574,2022-08-25 07:30:00
1661413200,83919,43.0,72.0,5.452,Hunter Junior High powered by UTOPIA Fiber,40.689068,-112.03574,2022-08-25 07:40:00
1661413800,83919,42.6,72.6,5.538,Hunter Junior High powered by UTOPIA Fiber,40.689068,-112.03574,2022-08-25 07:50:00
1661414400,83919,42.8,73.0,5.016,Hunter Junior High powered by UTOPIA Fiber,40.689068,-112.03574,2022-08-25 08:00:00
1661415000,83919,41.4,73.0,4.254,Hunter Junior High powered by UTOPIA Fiber,40.689068,-112.03574,2022-08-25 08:10:00
1661415600,83919,43.0,73.0,4.394,Hunter Junior High powered by UTOPIA Fiber,40.689068,-112.03574,2022-08-25 08:20:00
1661416200,83919,42.4,73.0,4.724,Hunter Junior High powered by UTOPIA Fiber,40.689068,-112.03574,2022-08-25 08:30:00
1661416800,83919,41.8,73.0,4.48,Hunter Junior High powered by UTOPIA Fiber,40.689068,-112.03574,2022-08-25 08:40:00
1661417400,83919,40.6,73.0,4.51,Hunter Junior High powered by UTOPIA Fiber,40.689068,-112.03574,2022-08-25 08:50:00
1661418000,83919,40.2,73.0,4.814,Hunter Junior High powered by UTOPIA Fiber,40.689068,-112.03574,2022-08-25 09:00:00
1661418600,83919,41.2,73.0,4.276,Hunter Junior High powered by UTOPIA Fiber,40.689068,-112.03574,2022-08-25 09:10:00
1661419200,83919,42.2,72.0,3.856,Hunter Junior High powered by UTOPIA Fiber,40.689068,-112.03574,2022-08-25 09:20:00
1661419800,83919,43.4,72.0,4.034,Hunter Junior High powered by UTOPIA Fiber,40.689068,-112.03574,2022-08-25 09:30:00
1661420400,83919,44.2,72.0,3.888,Hunter Junior High powered by UTOPIA Fiber,40.689068,-112.03574,2022-08-25 09:40:00
1661421000,83919,44.8,71.4,3.86,Hunter Junior High powered by UTOPIA Fiber,40.689068,-112.03574,2022-08-25 09:50:00
1661421600,83919,45.2,71.0,3.96,Hunter Junior High powered by UTOPIA Fiber,40.689068,-112.03574,2022-08-25 10:00:00
1661422200,83919,44.0,71.0,4.19,Hunter Junior High powered by UTOPIA Fiber,40.689068,-112.03574,2022-08-25 10:10:00
1661422800,83919,45.0,71.0,3.978,Hunter Junior High powered by UTOPIA Fiber,40.689068,-112.03574,2022-08-25 10:20:00
1661423400,83919,45.0,71.0,3.816,Hunter Junior High powered by UTOPIA Fiber,40.689068,-112.03574,2022-08-25 10:30:00
1661424000,83919,46.0,71.0,4.084,Hunter Junior High powered by UTOPIA Fiber,40.689068,-112.03574,2022-08-25 10:40:00
1661424600,83919,46.2,71.0,3.736,Hunter Junior High powered by UTOPIA Fiber,40.689068,-112.03574,2022-08-25 10:50:00
1661425200,83919,47.2,70.4,3.864,Hunter Junior High powered by UTOPIA Fiber,40.689068,-112.03574,2022-08-25 11:00:00
1661425800,83919,48.2,70.0,4.09,Hunter Junior High powered by UTOPIA Fiber,40.689068,-112.03574,2022-08-25 11:10:00
1661426400,83919,45.6,70.2,3.622,Hunter Junior High powered by UTOPIA Fiber,40.689068,-112.03574,2022-08-25 11:20:00
1661427000,83919,42.2,71.0,3.876,Hunter Junior High powered by UTOPIA Fiber,40.689068,-112.03574,2022-08-25 11:30:00
1661427600,83919,43.2,71.0,3.888,Hunter Junior High powered by UTOPIA Fiber,40.689068,-112.03574,2022-08-25 11:40:00
1661428200,83919,44.4,71.0,3.772,Hunter Junior High powered by UTOPIA Fiber,40.689068,-112.03574,2022-08-25 11:50:00
1661428800,83919,44.2,71.0,3.728,Hunter Junior High powered by UTOPIA Fiber,40.689068,-112.03574,2022-08-25 12:00:00
1661429400,83919,44.6,71.0,3.876,Hunter Junior High powered by UTOPIA Fiber,40.689068,-112.03574,2022-08-25 12:10:00
1661430000,83919,45.8,71.0,3.734,Hunter Junior High powered by UTOPIA Fiber,40.689068,-112.03574,2022-08-25 12:20:00
1661430600,83919,46.2,70.8,4.282,Hunter Junior High powered by UTOPIA Fiber,40.689068,-112.03574,2022-08-25 12:30:00
1661431200,83919,45.8,70.2,3.896,Hunter Junior High powered by UTOPIA Fiber,40.689068,-112.03574,2022-08-25 12:40:00
1661431800,83919,45.75,70.0,4.463,Hunter Junior High powered by UTOPIA Fiber,40.689068,-112.03574,2022-08-25 12:50:00
1661432400,83919,47.0,70.0,4.946,Hunter Junior High powered by UTOPIA Fiber,40.689068,-112.03574,2022-08-25 13:00:00
1661433000,83919,47.0,69.0,4.308,Hunter Junior High powered by UTOPIA Fiber,40.689068,-112.03574,2022-08-25 13:10:00
1661433600,83919,46.6,69.6,5.186,Hunter Junior High powered by UTOPIA Fiber,40.689068,-112.03574,2022-08-25 13:20:00
1661434200,83919,44.0,70.0,4.25,Hunter Junior High powered by UTOPIA Fiber,40.689068,-112.03574,2022-08-25 13:30:00
1661434800,83919,43.2,70.8,4.384,Hunter Junior High powered by UTOPIA Fiber,40.689068,-112.03574,2022-08-25 13:40:00
1661435400,83919,44.6,71.4,4.93,Hunter Junior High powered by UTOPIA Fiber,40.689068,-112.03574,2022-08-25 13:50:00
1661436000,83919,43.6,72.2,4.836,Hunter Junior High powered by UTOPIA Fiber,40.689068,-112.03574,2022-08-25 14:00:00
1661436600,83919,43.0,73.0,5.144,Hunter Junior High powered by UTOPIA Fiber,40.689068,-112.03574,2022-08-25 14:10:00
1661437200,83919,43.0,74.0,5.502,Hunter Junior High powered by UTOPIA Fiber,40.689068,-112.03574,2022-08-25 14:20:00
1661437800,83919,41.2,74.8,4.656,Hunter Junior High powered by UTOPIA Fiber,40.689068,-112.03574,2022-08-25 14:30:00
1661438400,83919,38.0,76.0,4.184,Hunter Junior High powered by UTOPIA Fiber,40.689068,-112.03574,2022-08-25 14:40:00
1661439000,83919,39.0,76.0,3.806,Hunter Junior High powered by UTOPIA Fiber,40.689068,-112.03574,2022-08-25 14:50:00
1661439600,83919,40.0,76.8,3.822,Hunter Junior High powered by UTOPIA Fiber,40.689068,-112.03574,2022-08-25 15:00:00
1661440200,83919,39.8,77.4,3.758,Hunter Junior High powered by UTOPIA Fiber,40.689068,-112.03574,2022-08-25 15:10:00
1661440800,83919,37.4,78.4,3.598,Hunter Junior High powered by UTOPIA Fiber,40.689068,-112.03574,2022-08-25 15:20:00
1661441400,83919,33.8,79.6,3.07,Hunter Junior High powered by UTOPIA Fiber,40.689068,-112.03574,2022-08-25 15:30:00
1661442000,83919,33.4,80.8,4.024,Hunter Junior High powered by UTOPIA Fiber,40.689068,-112.03574,2022-08-25 15:40:00
1661442600,83919,32.4,82.0,3.926,Hunter Junior High powered by UTOPIA Fiber,40.689068,-112.03574,2022-08-25 15:50:00
1661443200,83919,31.0,82.8,3.508,Hunter Junior High powered by UTOPIA Fiber,40.689068,-112.03574,2022-08-25 16:00:00
1661443800,83919,30.6,83.6,3.61,Hunter Junior High powered by UTOPIA Fiber,40.689068,-112.03574,2022-08-25 16:10:00
1661444400,83919,29.6,84.4,3.656,Hunter Junior High powered by UTOPIA Fiber,40.689068,-112.03574,2022-08-25 16:20:00
1661445000,83919,28.4,85.6,3.31,Hunter Junior High powered by UTOPIA Fiber,40.689068,-112.03574,2022-08-25 16:30:00
1661445600,83919,26.8,86.2,5.716,Hunter Junior High powered by UTOPIA Fiber,40.689068,-112.03574,2022-08-25 16:40:00
1661446200,83919,27.0,87.0,3.286,Hunter Junior High powered by UTOPIA Fiber,40.689068,-112.03574,2022-08-25 16:50:00
1661446800,83919,24.8,88.2,3.102,Hunter Junior High powered by UTOPIA Fiber,40.689068,-112.03574,2022-08-25 17:00:00
1661447400,83919,24.0,89.2,3.282,Hunter Junior High powered by UTOPIA Fiber,40.689068,-112.03574,2022-08-25 17:10:00
1661448000,83919,24.4,90.4,3.204,Hunter Junior High powered by UTOPIA Fiber,40.689068,-112.03574,2022-08-25 17:20:00
1661448600,83919,22.6,91.4,3.084,Hunter Junior High powered by UTOPIA Fiber,40.689068,-112.03574,2022-08-25 17:30:00
1661449200,83919,21.4,92.0,2.896,Hunter Junior High powered by UTOPIA Fiber,40.689068,-112.03574,2022-08-25 17:40:00
1661449800,83919,21.6,92.4,2.956,Hunter Junior High powered by UTOPIA Fiber,40.689068,-112.03574,2022-08-25 17:50:00
1661450400,83919,21.4,94.2,3.098,Hunter Junior High powered by UTOPIA Fiber,40.689068,-112.03574,2022-08-25 18:00:00
1661451000,83919,21.6,94.4,3.35,Hunter Junior High powered by UTOPIA Fiber,40.689068,-112.03574,2022-08-25 18:10:00
1661451600,83919,21.2,94.8,3.264,Hunter Junior High powered by UTOPIA Fiber,40.689068,-112.03574,2022-08-25 18:20:00
1661452200,83919,20.4,95.6,3.25,Hunter Junior High powered by UTOPIA Fiber,40.689068,-112.03574,2022-08-25 18:30:00
1661452800,83919,19.2,96.2,2.574,Hunter Junior High powered by UTOPIA Fiber,40.689068,-112.03574,2022-08-25 18:40:00
1661453400,83919,20.8,96.0,4.08,Hunter Junior High powered by UTOPIA Fiber,40.689068,-112.03574,2022-08-25 18:50:00
1661454000,83919,21.4,95.8,4.802,Hunter Junior High powered by UTOPIA Fiber,40.689068,-112.03574,2022-08-25 19:00:00
1661454600,83919,22.0,95.0,4.806,Hunter Junior High powered by UTOPIA Fiber,40.689068,-112.03574,2022-08-25 19:10:00
1661455200,83919,22.0,94.8,4.82,Hunter Junior High powered by UTOPIA Fiber,40.689068,-112.03574,2022-08-25 19:20:00
1661455800,83919,21.4,95.0,4.712,Hunter Junior High powered by UTOPIA Fiber,40.689068,-112.03574,2022-08-25 19:30:00
1661456400,83919,21.2,95.8,4.676,Hunter Junior High powered by UTOPIA Fiber,40.689068,-112.03574,2022-08-25 19:40:00
1661457000,83919,20.8,97.2,4.704,Hunter Junior High powered by UTOPIA Fiber,40.689068,-112.03574,2022-08-25 19:50:00
1661457600,83919,19.6,98.2,4.37,Hunter Junior High powered by UTOPIA Fiber,40.689068,-112.03574,2022-08-25 20:00:00
1661458200,83919,19.2,99.4,4.01,Hunter Junior High powered by UTOPIA Fiber,40.689068,-112.03574,2022-08-25 20:10:00
1661458800,83919,17.6,100.0,4.034,Hunter Junior High powered by UTOPIA Fiber,40.689068,-112.03574,2022-08-25 20:20:00
1661459400,83919,17.8,100.4,3.716,Hunter Junior High powered by UTOPIA Fiber,40.689068,-112.03574,2022-08-25 20:30:00
1661460000,83919,16.6,101.6,3.728,Hunter Junior High powered by UTOPIA Fiber,40.689068,-112.03574,2022-08-25 20:40:00
1661460600,83919,15.6,102.4,3.678,Hunter Junior High powered by UTOPIA Fiber,40.689068,-112.03574,2022-08-25 20:50:00
1661461200,83919,15.6,102.4,3.774,Hunter Junior High powered by UTOPIA Fiber,40.689068,-112.03574,2022-08-25 21:00:00
1661461800,83919,15.6,103.4,3.616,Hunter Junior High powered by UTOPIA Fiber,40.689068,-112.03574,2022-08-25 21:10:00
1661462400,83919,15.2,102.0,3.394,Hunter Junior High powered by UTOPIA Fiber,40.689068,-112.03574,2022-08-25 21:20:00
1661463000,83919,16.6,99.0,3.808,Hunter Junior High powered by UTOPIA Fiber,40.689068,-112.03574,2022-08-25 21:30:00
1661463600,83919,16.8,98.0,3.814,Hunter Junior High powered by UTOPIA Fiber,40.689068,-112.03574,2022-08-25 21:40:00
1661464200,83919,17.0,98.0,3.334,Hunter Junior High powered by UTOPIA Fiber,40.689068,-112.03574,2022-08-25 21:50:00
1661464800,83919,17.6,97.0,3.664,Hunter Junior High powered by UTOPIA Fiber,40.689068,-112.03574,2022-08-25 22:00:00
1661465400,83919,17.8,97.0,3.546,Hunter Junior High powered by UTOPIA Fiber,40.689068,-112.03574,2022-08-25 22:10:00
1661466000,83919,17.6,97.0,3.458,Hunter Junior High powered by UTOPIA Fiber,40.689068,-112.03574,2022-08-25 22:20:00
1661466600,83919,17.4,97.0,3.364,Hunter Junior High powered by UTOPIA Fiber,40.689068,-112.03574,2022-08-25 22:30:00
1661467200,83919,17.2,97.2,3.628,Hunter Junior High powered by UTOPIA Fiber,40.689068,-112.03574,2022-08-25 22:40:00
1661467800,83919,17.2,97.4,3.632,Hunter Junior High powered by UTOPIA Fiber,40.689068,-112.03574,2022-08-25 22:50:00
1661468400,83919,17.8,98.0,3.49,Hunter Junior High powered by UTOPIA Fiber,40.689068,-112.03574,2022-08-25 23:00:00
1661469000,83919,16.8,97.6,3.33,Hunter Junior High powered by UTOPIA Fiber,40.689068,-112.03574,2022-08-25 23:10:00
1661469600,83919,17.4,96.4,3.476,Hunter Junior High powered by UTOPIA Fiber,40.689068,-112.03574,2022-08-25 23:20:00
1661470200,83919,17.8,95.6,2.91,Hunter Junior High powered by UTOPIA Fiber,40.689068,-112.03574,2022-08-25 23:30:00
1661470800,83919,18.0,95.0,2.834,Hunter Junior High powered by UTOPIA Fiber,40.689068,-112.03574,2022-08-25 23:40:00
1661471400,83919,18.2,94.4,2.716,Hunter Junior High powered by UTOPIA Fiber,40.689068,-112.03574,2022-08-25 23:50:00
