time_stamp,sensor_index,humidity,temperature,pm2.5,sensor_name,latitude,longitude,datetime
1658361600,6276,15.2,105.8,1.274,Philo T. Farnsworth Elementary powered by UTOPIA Fiber,40.691936,-111.99147,2022-07-21 00:00:00
1658362200,6276,15.8,103.6,1.458,Philo T. Farnsworth Elementary powered by UTOPIA Fiber,40.691936,-111.99147,2022-07-21 00:10:00
1658362800,6276,16.0,102.2,1.334,Philo T. Farnsworth Elementary powered by UTOPIA Fiber,40.691936,-111.99147,2022-07-21 00:20:00
1658363400,6276,15.6,101.2,1.158,Philo T. Farnsworth Elementary powered by UTOPIA Fiber,40.691936,-111.99147,2022-07-21 00:30:00
1658364000,6276,15.4,100.0,1.112,Philo T. Farnsworth Elementary powered by UTOPIA Fiber,40.691936,-111.99147,2022-07-21 00:40:00
1658364600,6276,15.4,99.4,1.286,Philo T. Farnsworth Elementary powered by UTOPIA Fiber,40.691936,-111.99147,2022-07-21 00:50:00
1658365200,6276,16.2,98.8,1.046,Philo T. Farnsworth Elementary powered by UTOPIA Fiber,40.691936,-111.99147,2022-07-21 01:00:00
1658365800,6276,16.6,98.0,1.3,Philo T. Farnsworth Elementary powered by UTOPIA Fiber,40.691936,-111.99147,2022-07-21 01:10:00
1658366400,6276,16.6,97.8,1.374,Philo T. Farnsworth Elementary powered by UTOPIA Fiber,40.691936,-111.99147,2022-07-21 01:20:00
1658367000,6276,16.4,96.8,1.344,Philo T. Farnsworth Elementary powered by UTOPIA Fiber,40.691936,-111.99147,2022-07-21 01:30:00
1658367600,6276,15.6,97.0,1.142,Philo T. Farnsworth Elementary powered by UTOPIA Fiber,40.691936,-111.99147,2022-07-21 01:40:00
1658368200,6276,16.6,96.2,1.248,Philo T. Farnsworth Elementary powered by UTOPIA Fiber,40.691936,-111.99147,2022-07-21 01:50:00
1658368800,6276,16.4,95.8,1.224,Philo T. Farnsworth Elementary powered by UTOPIA Fiber,40.691936,-111.99147,2022-07-21 02:00:00
1658369400,6276,17.2,95.0,1.446,Philo T. Farnsworth Elementary powered by UTOPIA Fiber,40.691936,-111.99147,2022-07-21 02:10:00
1658370000,6276,16.6,95.0,1.694,Philo T. Farnsworth Elementary powered by UTOPIA Fiber,40.691936,-111.99147,2022-07-21 02:20:00
1658370600,6276,17.6,94.0,2.124,Philo T. Farnsworth Elementary powered by UTOPIA Fiber,40.691936,-111.99147,2022-07-21 02:30:00
1658371200,6276,17.2,93.4,2.11,Philo T. Farnsworth Elementary powered by UTOPIA Fiber,40.691936,-111.99147,2022-07-21 02:40:00
1658371800,6276,18.2,92.8,2.06,Philo T. Farnsworth Elementary powered by UTOPIA Fiber,40.691936,-111.99147,2022-07-21 02:50:00
1658372400,6276,18.6,92.0,2.344,Philo T. Farnsworth Elementary powered by UTOPIA Fiber,40.691936,-111.99147,2022-07-21 03:00:00
1658373000,6276,19.8,91.0,2.272,Philo T. Farnsworth Elementary powered by UTOPIA Fiber,40.691936,-111.99147,2022-07-21 03:10:00
1658373600,6276,20.8,90.2,2.958,Philo T. Farnsworth Elementary powered by UTOPIA Fiber,40.691936,-111.99147,2022-07-21 03:20:00
1658374200,6276,20.4,89.8,2.834,Philo T. Farnsworth Elementary powered by UTOPIA Fiber,40.691936,-111.99147,2022-07-21 03:30:00
1658374800,6276,20.6,89.0,3.184,Philo T. Farnsworth Elementary powered by UTOPIA Fiber,40.691936,-111.99147,2022-07-21 03:40:00
1658375400,6276,22.0,88.2,2.72,Philo T. Farnsworth Elementary powered by UTOPIA Fiber,40.691936,-111.99147,2022-07-21 03:50:00
1658376000,6276,23.4,87.8,7.758,Philo T. Farnsworth Elementary powered by UTOPIA Fiber,40.691936,-111.99147,2022-07-21 04:00:00
1658376600,6276,23.6,87.0,8.144,Philo T. Farnsworth Elementary powered by UTOPIA Fiber,40.691936,-111.99147,2022-07-21 04:10:00
1658377200,6276,25.2,86.2,7.218,Philo T. Farnsworth Elementary powered by UTOPIA Fiber,40.691936,-111.99147,2022-07-21 04:20:00
1658377800,6276,25.4,86.0,4.864,Philo T. Farnsworth Elementary powered by UTOPIA Fiber,40.691936,-111.99147,2022-07-21 04:30:00
1658378400,6276,26.0,85.2,13.17,Philo T. Farnsworth Elementary powered by UTOPIA Fiber,40.691936,-111.99147,2022-07-21 04:40:00
1658379000,6276,27.6,84.0,5.336,Philo T. Farnsworth Elementary powered by UTOPIA Fiber,40.691936,-111.99147,2022-07-21 04:50:00
1658379600,6276,27.0,84.0,4.658,Philo T. Farnsworth Elementary powered by UTOPIA Fiber,40.691936,-111.99147,2022-07-21 05:00:00
1658380200,6276,27.8,84.0,7.192,Philo T. Farnsworth Elementary powered by UTOPIA Fiber,40.691936,-111.99147,2022-07-21 05:10:00
1658380800,6276,27.8,83.4,5.038,Philo T. Farnsworth Elementary powered by UTOPIA Fiber,40.691936,-111.99147,2022-07-21 05:20:00
1658381400,6276,28.4,83.0,5.13,Philo T. Farnsworth Elementary powered by UTOPIA Fiber,40.691936,-111.99147,2022-07-21 05:30:00
1658382000,6276,28.2,83.0,5.906,Philo T. Farnsworth Elementary powered by UTOPIA Fiber,40.691936,-111.99147,2022-07-21 05:40:00
1658382600,6276,28.2,82.6,6.446,Philo T. Farnsworth Elementary powered by UTOPIA Fiber,40.691936,-111.99147,2022-07-21 05:50:00
1658383200,6276,27.4,82.0,6.198,Philo T. Farnsworth Elementary powered by UTOPIA Fiber,40.691936,-111.99147,2022-07-21 06:00:00
1658383800,6276,28.4,81.8,11.258,Philo T. Farnsworth Elementary powered by UTOPIA Fiber,40.691936,-111.99147,2022-07-21 06:10:00
1658384400,6276,31.0,81.0,19.384,Philo T. Farnsworth Elementary powered by UTOPIA Fiber,40.691936,-111.99147,2022-07-21 06:20:00
1658385000,6276,29.4,81.0,11.19,Philo T. Farnsworth Elementary powered by UTOPIA Fiber,40.691936,-111.99147,2022-07-21 06:30:00
1658385600,6276,29.8,81.0,5.136,Philo T. Farnsworth Elementary powered by UTOPIA Fiber,40.691936,-111.99147,2022-07-21 06:40:00
1658386200,6276,30.0,81.0,4.94,Philo T. Farnsworth Elementary powered by UTOPIA Fiber,40.691936,-111.99147,2022-07-21 06:50:00
1658386800,6276,30.0,80.8,4.77,Philo T. Farnsworth Elementary powered by UTOPIA Fiber,40.691936,-111.99147,2022-07-21 07:00:00
1658387400,6276,30.8,80.0,4.122,Philo T. Farnsworth Elementary powered by UTOPIA Fiber,40.691936,-111.99147,2022-07-21 07:10:00
1658388000,6276,31.6,79.8,4.682,Philo T. Farnsworth Elementary powered by UTOPIA Fiber,40.691936,-111.99147,2022-07-21 07:20:00
1658388600,6276,31.8,79.0,4.372,Philo T. Farnsworth Elementary powered by UTOPIA Fiber,40.691936,-111.99147,2022-07-21 07:30:00
1658389200,6276,32.0,79.0,4.136,Philo T. Farnsworth Elementary powered by UTOPIA Fiber,40.691936,-111.99147,2022-07-21 07:40:00
1658389800,6276,31.4,79.0,4.036,Philo T. Farnsworth Elementary powered by UTOPIA Fiber,40.691936,-111.99147,2022-07-21 07:50:00
1658390400,6276,30.6,79.0,3.678,Philo T. Farnsworth Elementary powered by UTOPIA Fiber,40.691936,-111.99147,2022-07-21 08:00:00
1658391000,6276,31.2,79.0,3.57,Philo T. Farnsworth Elementary powered by UTOPIA Fiber,40.691936,-111.99147,2022-07-21 08:10:00
1658391600,6276,31.0,79.0,3.728,Philo T. Farnsworth Elementary powered by UTOPIA Fiber,40.691936,-111.99147,2022-07-21 08:20:00
1658392200,6276,31.6,79.0,3.742,Philo T. Farnsworth Elementary powered by UTOPIA Fiber,40.691936,-111.99147,2022-07-21 08:30:00
1658392800,6276,32.6,78.0,4.064,Philo T. Farnsworth Elementary powered by UTOPIA Fiber,40.691936,-111.99147,2022-07-21 08:40:00
1658393400,6276,32.4,78.0,3.85,Philo T. Farnsworth Elementary powered by UTOPIA Fiber,40.691936,-111.99147,2022-07-21 08:50:00
1658394000,6276,32.2,78.0,3.956,Philo T. Farnsworth Elementary powered by UTOPIA Fiber,40.691936,-111.99147,2022-07-21 09:00:00
1658394600,6276,32.0,78.0,3.894,Philo T. Farnsworth Elementary powered by UTOPIA Fiber,40.691936,-111.99147,2022-07-21 09:10:00
1658395200,6276,32.2,78.0,4.296,Philo T. Farnsworth Elementary powered by UTOPIA Fiber,40.691936,-111.99147,2022-07-21 09:20:00
1658395800,6276,31.8,78.0,4.306,Philo T. Farnsworth Elementary powered by UTOPIA Fiber,40.691936,-111.99147,2022-07-21 09:30:00
1658396400,6276,31.8,78.4,4.326,Philo T. Farnsworth Elementary powered by UTOPIA Fiber,40.691936,-111.99147,2022-07-21 09:40:00
1658397000,6276,32.2,78.0,4.296,Philo T. Farnsworth Elementary powered by UTOPIA Fiber,40.691936,-111.99147,2022-07-21 09:50:00
1658397600,6276,32.4,78.0,4.326,Philo T. Farnsworth Elementary powered by UTOPIA Fiber,40.691936,-111.99147,2022-07-21 10:00:00
1658398200,6276,33.6,77.0,4.16,Philo T. Farnsworth Elementary powered by UTOPIA Fiber,40.691936,-111.99147,2022-07-21 10:10:00
1658398800,6276,34.2,76.6,4.6,Philo T. Farnsworth Elementary powered by UTOPIA Fiber,40.691936,-111.99147,2022-07-21 10:20:00
1658399400,6276,35.2,76.0,3.952,Philo T. Farnsworth Elementary powered by UTOPIA Fiber,40.691936,-111.99147,2022-07-21 10:30:00
1658400000,6276,34.4,76.0,4.002,Philo T. Farnsworth Elementary powered by UTOPIA Fiber,40.691936,-111.99147,2022-07-21 10:40:00
1658400600,6276,33.6,76.0,3.52,Philo T. Farnsworth Elementary powered by UTOPIA Fiber,40.691936,-111.99147,2022-07-21 10:50:00
1658401200,6276,33.8,76.0,3.78,Philo T. Farnsworth Elementary powered by UTOPIA Fiber,40.691936,-111.99147,2022-07-21 11:00:00
1658401800,6276,33.6,76.0,3.834,Philo T. Farnsworth Elementary powered by UTOPIA Fiber,40.691936,-111.99147,2022-07-21 11:10:00
1658402400,6276,34.0,75.8,3.944,Philo T. Farnsworth Elementary powered by UTOPIA Fiber,40.691936,-111.99147,2022-07-21 11:20:00
1658403000,6276,34.0,74.8,3.772,Philo T. Farnsworth Elementary powered by UTOPIA Fiber,40.691936,-111.99147,2022-07-21 11:30:00
1658403600,6276,32.8,75.0,3.594,Philo T. Farnsworth Elementary powered by UTOPIA Fiber,40.691936,-111.99147,2022-07-21 11:40:00
1658404200,6276,31.6,75.0,3.608,Philo T. Farnsworth Elementary powered by UTOPIA Fiber,40.691936,-111.99147,2022-07-21 11:50:00
1658404800,6276,33.0,75.0,3.818,Philo T. Farnsworth Elementary powered by UTOPIA Fiber,40.691936,-111.99147,2022-07-21 12:00:00
1658405400,6276,34.4,74.2,3.768,Philo T. Farnsworth Elementary powered by UTOPIA Fiber,40.691936,-111.99147,2022-07-21 12:10:00
1658406000,6276,34.0,74.0,4.19,Philo T. Farnsworth Elementary powered by UTOPIA Fiber,40.691936,-111.99147,2022-07-21 12:20:00
1658406600,6276,35.2,74.0,4.43,Philo T. Farnsworth Elementary powered by UTOPIA Fiber,40.691936,-111.99147,2022-07-21 12:30:00
1658407200,6276,35.4,74.0,4.264,Philo T. Farnsworth Elementary powered by UTOPIA Fiber,40.691936,-111.99147,2022-07-21 12:40:00
1658407800,6276,35.4,74.8,4.556,Philo T. Farnsworth Elementary powered by UTOPIA Fiber,40.691936,-111.99147,2022-07-21 12:50:00
1658408400,6276,35.8,75.0,4.96,Philo T. Farnsworth Elementary powered by UTOPIA Fiber,40.691936,-111.99147,2022-07-21 13:00:00
1658409000,6276,37.2,76.0,4.89,Philo T. Farnsworth Elementary powered by UTOPIA Fiber,40.691936,-111.99147,2022-07-21 13:10:00
1658409600,6276,37.0,76.6,5.128,Philo T. Farnsworth Elementary powered by UTOPIA Fiber,40.691936,-111.99147,2022-07-21 13:20:00
1658410200,6276,39.2,77.6,5.708,Philo T. Farnsworth Elementary powered by UTOPIA Fiber,40.691936,-111.99147,2022-07-21 13:30:00
1658410800,6276,38.0,79.0,5.488,Philo T. Farnsworth Elementary powered by UTOPIA Fiber,40.691936,-111.99147,2022-07-21 13:40:00
1658411400,6276,34.8,80.8,4.596,Philo T. Farnsworth Elementary powered by UTOPIA Fiber,40.691936,-111.99147,2022-07-21 13:50:00
1658412000,6276,31.4,82.4,4.172,Philo T. Farnsworth Elementary powered by UTOPIA Fiber,40.691936,-111.99147,2022-07-21 14:00:00
1658412600,6276,29.8,83.8,3.712,Philo T. Farnsworth Elementary powered by UTOPIA Fiber,40.691936,-111.99147,2022-07-21 14:10:00
1658413200,6276,28.8,85.0,4.026,Philo T. Farnsworth Elementary powered by UTOPIA Fiber,40.691936,-111.99147,2022-07-21 14:20:00
1658413800,6276,28.2,86.0,3.728,Philo T. Farnsworth Elementary powered by UTOPIA Fiber,40.691936,-111.99147,2022-07-21 14:30:00
1658414400,6276,27.0,86.8,3.776,Philo T. Farnsworth Elementary powered by UTOPIA Fiber,40.691936,-111.99147,2022-07-21 14:40:00
1658415000,6276,26.4,88.2,4.114,Philo T. Farnsworth Elementary powered by UTOPIA Fiber,40.691936,-111.99147,2022-07-21 14:50:00
1658415600,6276,26.6,89.4,4.176,Philo T. Farnsworth Elementary powered by UTOPIA Fiber,40.691936,-111.99147,2022-07-21 15:00:00
1658416200,6276,25.2,90.8,3.886,Philo T. Farnsworth Elementary powered by UTOPIA Fiber,40.691936,-111.99147,2022-07-21 15:10:00
1658416800,6276,24.0,92.4,3.994,Philo T. Farnsworth Elementary powered by UTOPIA Fiber,40.691936,-111.99147,2022-07-21 15:20:00
1658417400,6276,23.6,94.0,3.83,Philo T. Farnsworth Elementary powered by UTOPIA Fiber,40.691936,-111.99147,2022-07-21 15:30:00
1658418000,6276,21.0,95.4,4.048,Philo T. Farnsworth Elementary powered by UTOPIA Fiber,40.691936,-111.99147,2022-07-21 15:40:00
1658418600,6276,20.6,96.4,4.608,Philo T. Farnsworth Elementary powered by UTOPIA Fiber,40.691936,-111.99147,2022-07-21 15:50:00
1658419200,6276,20.4,98.0,4.084,Philo T. Farnsworth Elementary powered by UTOPIA Fiber,40.691936,-111.99147,2022-07-21 16:00:00
1658419800,6276,18.6,99.4,3.952,Philo T. Farnsworth Elementary powered by UTOPIA Fiber,40.691936,-111.99147,2022-07-21 16:10:00
1658420400,6276,17.0,101.0,5.996,Philo T. Farnsworth Elementary powered by UTOPIA Fiber,40.691936,-111.99147,2022-07-21 16:20:00
1658421000,6276,17.2,102.0,3.656,Philo T. Farnsworth Elementary powered by UTOPIA Fiber,40.691936,-111.99147,2022-07-21 16:30:00
1658421600,6276,15.8,103.4,3.374,Philo T. Farnsworth Elementary powered by UTOPIA Fiber,40.691936,-111.99147,2022-07-21 16:40:00
1658422200,6276,15.4,104.2,3.354,Philo T. Farnsworth Elementary powered by UTOPIA Fiber,40.691936,-111.99147,2022-07-21 16:50:00
1658422800,6276,14.6,105.4,3.476,Philo T. Farnsworth Elementary powered by UTOPIA Fiber,40.691936,-111.99147,2022-07-21 17:00:00
1658423400,6276,14.2,106.8,3.212,Philo T. Farnsworth Elementary powered by UTOPIA Fiber,40.691936,-111.99147,2022-07-21 17:10:00
1658424000,6276,12.6,107.8,3.134,Philo T. Farnsworth Elementary powered by UTOPIA Fiber,40.691936,-111.99147,2022-07-21 17:20:00
1658424600,6276,13.4,108.0,3.066,Philo T. Farnsworth Elementary powered by UTOPIA Fiber,40.691936,-111.99147,2022-07-21 17:30:00
1658425200,6276,11.8,109.2,2.554,Philo T. Farnsworth Elementary powered by UTOPIA Fiber,40.691936,-111.99147,2022-07-21 17:40:00
1658425800,6276,11.2,110.2,2.808,Philo T. Farnsworth Elementary powered by UTOPIA Fiber,40.691936,-111.99147,2022-07-21 17:50:00
1658426400,6276,10.0,111.8,2.822,Philo T. Farnsworth Elementary powered by UTOPIA Fiber,40.691936,-111.99147,2022-07-21 18:00:00
1658427000,6276,9.6,112.6,2.76,Philo T. Farnsworth Elementary powered by UTOPIA Fiber,40.691936,-111.99147,2022-07-21 18:10:00
1658427600,6276,8.8,113.6,2.65,Philo T. Farnsworth Elementary powered by UTOPIA Fiber,40.691936,-111.99147,2022-07-21 18:20:00
1658428200,6276,9.4,115.2,2.652,Philo T. Farnsworth Elementary powered by UTOPIA Fiber,40.691936,-111.99147,2022-07-21 18:30:00
1658428800,6276,9.0,116.0,2.756,Philo T. Farnsworth Elementary powered by UTOPIA Fiber,40.691936,-111.99147,2022-07-21 18:40:00
1658429400,6276,7.4,116.6,2.37,Philo T. Farnsworth Elementary powered by UTOPIA Fiber,40.691936,-111.99147,2022-07-21 18:50:00
1658430000,6276,8.8,117.6,2.562,Philo T. Farnsworth Elementary powered by UTOPIA Fiber,40.691936,-111.99147,2022-07-21 19:00:00
1658430600,6276,8.2,117.2,2.708,Philo T. Farnsworth Elementary powered by UTOPIA Fiber,40.691936,-111.99147,2022-07-21 19:10:00
1658431200,6276,8.8,117.2,2.648,Philo T. Farnsworth Elementary powered by UTOPIA Fiber,40.691936,-111.99147,2022-07-21 19:20:00
1658431800,6276,9.2,117.4,2.618,Philo T. Farnsworth Elementary powered by UTOPIA Fiber,40.691936,-111.99147,2022-07-21 19:30:00
1658432400,6276,7.6,118.2,2.78,Philo T. Farnsworth Elementary powered by UTOPIA Fiber,40.691936,-111.99147,2022-07-21 19:40:00
1658433000,6276,8.6,118.4,3.156,Philo T. Farnsworth Elementary powered by UTOPIA Fiber,40.691936,-111.99147,2022-07-21 19:50:00
1658433600,6276,10.2,119.4,3.778,Philo T. Farnsworth Elementary powered by UTOPIA Fiber,40.691936,-111.99147,2022-07-21 20:00:00
1658434200,6276,9.4,119.2,3.836,Philo T. Farnsworth Elementary powered by UTOPIA Fiber,40.691936,-111.99147,2022-07-21 20:10:00
1658434800,6276,10.0,116.4,3.888,Philo T. Farnsworth Elementary powered by UTOPIA Fiber,40.691936,-111.99147,2022-07-21 20:20:00
1658435400,6276,11.4,112.4,3.962,Philo T. Farnsworth Elementary powered by UTOPIA Fiber,40.691936,-111.99147,2022-07-21 20:30:00
1658436000,6276,11.4,110.2,3.912,Philo T. Farnsworth Elementary powered by UTOPIA Fiber,40.691936,-111.99147,2022-07-21 20:40:00
1658436600,6276,12.5,113.75,3.345,Philo T. Farnsworth Elementary powered by UTOPIA Fiber,40.691936,-111.99147,2022-07-21 20:50:00
1658437200,6276,10.8,116.4,3.672,Philo T. Farnsworth Elementary powered by UTOPIA Fiber,40.691936,-111.99147,2022-07-21 21:00:00
1658437800,6276,7.6,116.2,3.702,Philo T. Farnsworth Elementary powered by UTOPIA Fiber,40.691936,-111.99147,2022-07-21 21:10:00
1658438400,6276,7.667,117.0,3.38,Philo T. Farnsworth Elementary powered by UTOPIA Fiber,40.691936,-111.99147,2022-07-21 21:20:00
1658439000,6276,8.0,118.75,3.472,Philo T. Farnsworth Elementary powered by UTOPIA Fiber,40.691936,-111.99147,2022-07-21 21:30:00
1658439600,6276,6.4,119.0,2.96,Philo T. Farnsworth Elementary powered by UTOPIA Fiber,40.691936,-111.99147,2022-07-21 21:40:00
1658440200,6276,6.6,118.8,3.294,Philo T. Farnsworth Elementary powered by UTOPIA Fiber,40.691936,-111.99147,2022-07-21 21:50:00
1658440800,6276,7.4,118.2,3.366,Philo T. Farnsworth Elementary powered by UTOPIA Fiber,40.691936,-111.99147,2022-07-21 22:00:00
1658441400,6276,7.0,118.0,3.13,Philo T. Farnsworth Elementary powered by UTOPIA Fiber,40.691936,-111.99147,2022-07-21 22:10:00
1658442000,6276,6.0,117.6,2.932,Philo T. Farnsworth Elementary powered by UTOPIA Fiber,40.691936,-111.99147,2022-07-21 22:20:00
1658442600,6276,6.4,116.4,2.922,Philo T. Farnsworth Elementary powered by UTOPIA Fiber,40.691936,-111.99147,2022-07-21 22:30:00
1658443200,6276,6.8,115.6,2.92,Philo T. Farnsworth Elementary powered by UTOPIA Fiber,40.691936,-111.99147,2022-07-21 22:40:00
1658443800,6276,6.8,114.8,3.052,Philo T. Farnsworth Elementary powered by UTOPIA Fiber,40.691936,-111.99147,2022-07-21 22:50:00
1658444400,6276,7.6,113.4,2.96,Philo T. Farnsworth Elementary powered by UTOPIA Fiber,40.691936,-111.99147,2022-07-21 23:00:00
1658445000,6276,9.0,110.8,2.942,Philo T. Farnsworth Elementary powered by UTOPIA Fiber,40.691936,-111.99147,2022-07-21 23:10:00
1658445600,6276,8.6,110.4,2.794,Philo T. Farnsworth Elementary powered by UTOPIA Fiber,40.691936,-111.99147,2022-07-21 23:20:00
1658446200,6276,9.4,109.0,2.598,Philo T. Farnsworth Elementary powered by UTOPIA Fiber,40.691936,-111.99147,2022-07-21 23:30:00
1658446800,6276,9.2,108.4,2.578,Philo T. Farnsworth Elementary powered by UTOPIA Fiber,40.691936,-111.99147,2022-07-21 23:40:00
1658447400,6276,9.6,107.0,2.474,Philo T. Farnsworth Elementary powered by UTOPIA Fiber,40.691936,-111.99147,2022-07-21 23:50:00
1658448000,6276,10.2,106.6,2.54,Philo T. Farnsworth Elementary powered by UTOPIA Fiber,40.691936,-111.99147,2022-07-22 00:00:00
1658448600,6276,10.0,106.2,2.442,Philo T. Farnsworth Elementary powered by UTOPIA Fiber,40.691936,-111.99147,2022-07-22 00:10:00
1658449200,6276,10.6,104.8,2.27,Philo T. Farnsworth Elementary powered by UTOPIA Fiber,40.691936,-111.99147,2022-07-22 00:20:00
1658449800,6276,10.4,103.6,2.396,Philo T. Farnsworth Elementary powered by UTOPIA Fiber,40.691936,-111.99147,2022-07-22 00:30:00
1658450400,6276,10.8,102.8,2.326,Philo T. Farnsworth Elementary powered by UTOPIA Fiber,40.691936,-111.99147,2022-07-22 00:40:00
1658451000,6276,11.0,102.0,2.358,Philo T. Farnsworth Elementary powered by UTOPIA Fiber,40.691936,-111.99147,2022-07-22 00:50:00
1658451600,6276,11.0,102.0,2.406,Philo T. Farnsworth Elementary powered by UTOPIA Fiber,40.691936,-111.99147,2022-07-22 01:00:00
1658452200,6276,11.2,102.0,2.446,Philo T. Farnsworth Elementary powered by UTOPIA Fiber,40.691936,-111.99147,2022-07-22 01:10:00
1658452800,6276,11.6,101.2,2.37,Philo T. Farnsworth Elementary powered by UTOPIA Fiber,40.691936,-111.99147,2022-07-22 01:20:00
1658453400,6276,11.8,101.0,2.306,Philo T. Farnsworth Elementary powered by UTOPIA Fiber,40.691936,-111.99147,2022-07-22 01:30:00
1658454000,6276,11.8,101.0,2.546,Philo T. Farnsworth Elementary powered by UTOPIA Fiber,40.691936,-111.99147,2022-07-22 01:40:00
1658454600,6276,12.2,100.6,2.566,Philo T. Farnsworth Elementary powered by UTOPIA Fiber,40.691936,-111.99147,2022-07-22 01:50:00
1658455200,6276,12.6,100.0,2.824,Philo T. Farnsworth Elementary powered by UTOPIA Fiber,40.691936,-111.99147,2022-07-22 02:00:00
1658455800,6276,12.0,99.2,3.36,Philo T. Farnsworth Elementary powered by UTOPIA Fiber,40.691936,-111.99147,2022-07-22 02:10:00
1658456400,6276,12.6,99.0,3.264,Philo T. Farnsworth Elementary powered by UTOPIA Fiber,40.691936,-111.99147,2022-07-22 02:20:00
1658457000,6276,13.0,98.8,3.074,Philo T. Farnsworth Elementary powered by UTOPIA Fiber,40.691936,-111.99147,2022-07-22 02:30:00
1658457600,6276,13.2,98.0,3.166,Philo T. Farnsworth Elementary powered by UTOPIA Fiber,40.691936,-111.99147,2022-07-22 02:40:00
1658458200,6276,14.0,97.2,3.116,Philo T. Farnsworth Elementary powered by UTOPIA Fiber,40.691936,-111.99147,2022-07-22 02:50:00
1658458800,6276,15.0,96.2,3.066,Philo T. Farnsworth Elementary powered by UTOPIA Fiber,40.691936,-111.99147,2022-07-22 03:00:00
1658459400,6276,15.0,95.6,3.504,Philo T. Farnsworth Elementary powered by UTOPIA Fiber,40.691936,-111.99147,2022-07-22 03:10:00
1658460000,6276,16.0,95.0,3.764,Philo T. Farnsworth Elementary powered by UTOPIA Fiber,40.691936,-111.99147,2022-07-22 03:20:00
1658460600,6276,16.0,94.0,3.618,Philo T. Farnsworth Elementary powered by UTOPIA Fiber,40.691936,-111.99147,2022-07-22 03:30:00
1658461200,6276,16.0,93.6,3.86,Philo T. Farnsworth Elementary powered by UTOPIA Fiber,40.691936,-111.99147,2022-07-22 03:40:00
1658461800,6276,16.6,93.0,4.01,Philo T. Farnsworth Elementary powered by UTOPIA Fiber,40.691936,-111.99147,2022-07-22 03:50:00
1658462400,6276,17.0,92.6,3.008,Philo T. Farnsworth Elementary powered by UTOPIA Fiber,40.691936,-111.99147,2022-07-22 04:00:00
1658463000,6276,18.0,91.6,3.36,Philo T. Farnsworth Elementary powered by UTOPIA Fiber,40.691936,-111.99147,2022-07-22 04:10:00
1658463600,6276,19.0,90.4,3.448,Philo T. Farnsworth Elementary powered by UTOPIA Fiber,40.691936,-111.99147,2022-07-22 04:20:00
1658464200,6276,19.0,90.0,3.572,Philo T. Farnsworth Elementary powered by UTOPIA Fiber,40.691936,-111.99147,2022-07-22 04:30:00
1658464800,6276,20.8,89.4,3.548,Philo T. Farnsworth Elementary powered by UTOPIA Fiber,40.691936,-111.99147,2022-07-22 04:40:00
1658465400,6276,22.2,88.6,3.704,Philo T. Farnsworth Elementary powered by UTOPIA Fiber,40.691936,-111.99147,2022-07-22 04:50:00
1658466000,6276,24.6,87.2,3.87,Philo T. Farnsworth Elementary powered by UTOPIA Fiber,40.691936,-111.99147,2022-07-22 05:00:00
1658466600,6276,24.6,86.0,4.028,Philo T. Farnsworth Elementary powered by UTOPIA Fiber,40.691936,-111.99147,2022-07-22 05:10:00
1658467200,6276,25.2,85.4,4.032,Philo T. Farnsworth Elementary powered by UTOPIA Fiber,40.691936,-111.99147,2022-07-22 05:20:00
1658467800,6276,26.2,84.4,4.458,Philo T. Farnsworth Elementary powered by UTOPIA Fiber,40.691936,-111.99147,2022-07-22 05:30:00
1658468400,6276,24.4,84.8,3.968,Philo T. Farnsworth Elementary powered by UTOPIA Fiber,40.691936,-111.99147,2022-07-22 05:40:00
1658469000,6276,24.0,85.0,3.432,Philo T. Farnsworth Elementary powered by UTOPIA Fiber,40.691936,-111.99147,2022-07-22 05:50:00
1658469600,6276,23.0,85.6,3.278,Philo T. Farnsworth Elementary powered by UTOPIA Fiber,40.691936,-111.99147,2022-07-22 06:00:00
1658470200,6276,23.0,86.0,3.308,Philo T. Farnsworth Elementary powered by UTOPIA Fiber,40.691936,-111.99147,2022-07-22 06:10:00
1658470800,6276,23.0,86.0,3.116,Philo T. Farnsworth Elementary powered by UTOPIA Fiber,40.691936,-111.99147,2022-07-22 06:20:00
1658471400,6276,23.0,86.0,3.08,Philo T. Farnsworth Elementary powered by UTOPIA Fiber,40.691936,-111.99147,2022-07-22 06:30:00
1658472000,6276,24.0,85.2,3.296,Philo T. Farnsworth Elementary powered by UTOPIA Fiber,40.691936,-111.99147,2022-07-22 06:40:00
1658472600,6276,24.0,85.4,3.126,Philo T. Farnsworth Elementary powered by UTOPIA Fiber,40.691936,-111.99147,2022-07-22 06:50:00
1658473200,6276,24.4,85.0,3.458,Philo T. Farnsworth Elementary powered by UTOPIA Fiber,40.691936,-111.99147,2022-07-22 07:00:00
1658473800,6276,24.4,85.0,3.194,Philo T. Farnsworth Elementary powered by UTOPIA Fiber,40.691936,-111.99147,2022-07-22 07:10:00
1658474400,6276,25.4,84.4,3.518,Philo T. Farnsworth Elementary powered by UTOPIA Fiber,40.691936,-111.99147,2022-07-22 07:20:00
1658475000,6276,26.0,84.0,3.578,Philo T. Farnsworth Elementary powered by UTOPIA Fiber,40.691936,-111.99147,2022-07-22 07:30:00
1658475600,6276,27.4,84.0,3.722,Philo T. Farnsworth Elementary powered by UTOPIA Fiber,40.691936,-111.99147,2022-07-22 07:40:00
1658476200,6276,28.2,83.0,4.092,Philo T. Farnsworth Elementary powered by UTOPIA Fiber,40.691936,-111.99147,2022-07-22 07:50:00
1658476800,6276,29.0,83.0,3.846,Philo T. Farnsworth Elementary powered by UTOPIA Fiber,40.691936,-111.99147,2022-07-22 08:00:00
1658477400,6276,29.0,83.0,3.63,Philo T. Farnsworth Elementary powered by UTOPIA Fiber,40.691936,-111.99147,2022-07-22 08:10:00
1658478000,6276,29.0,83.0,3.814,Philo T. Farnsworth Elementary powered by UTOPIA Fiber,40.691936,-111.99147,2022-07-22 08:20:00
1658478600,6276,29.0,83.0,3.534,Philo T. Farnsworth Elementary powered by UTOPIA Fiber,40.691936,-111.99147,2022-07-22 08:30:00
1658479200,6276,29.0,83.0,3.702,Philo T. Farnsworth Elementary powered by UTOPIA Fiber,40.691936,-111.99147,2022-07-22 08:40:00
1658479800,6276,29.0,83.0,3.66,Philo T. Farnsworth Elementary powered by UTOPIA Fiber,40.691936,-111.99147,2022-07-22 08:50:00
1658480400,6276,29.0,83.0,3.794,Philo T. Farnsworth Elementary powered by UTOPIA Fiber,40.691936,-111.99147,2022-07-22 09:00:00
1658481000,6276,28.8,82.8,3.664,Philo T. Farnsworth Elementary powered by UTOPIA Fiber,40.691936,-111.99147,2022-07-22 09:10:00
1658481600,6276,28.0,83.0,3.57,Philo T. Farnsworth Elementary powered by UTOPIA Fiber,40.691936,-111.99147,2022-07-22 09:20:00
1658482200,6276,28.0,83.0,3.476,Philo T. Farnsworth Elementary powered by UTOPIA Fiber,40.691936,-111.99147,2022-07-22 09:30:00
1658482800,6276,27.0,83.0,2.792,Philo T. Farnsworth Elementary powered by UTOPIA Fiber,40.691936,-111.99147,2022-07-22 09:40:00
1658483400,6276,26.0,83.0,2.608,Philo T. Farnsworth Elementary powered by UTOPIA Fiber,40.691936,-111.99147,2022-07-22 09:50:00
1658484000,6276,26.0,83.0,2.586,Philo T. Farnsworth Elementary powered by UTOPIA Fiber,40.691936,-111.99147,2022-07-22 10:00:00
1658484600,6276,25.4,83.0,2.534,Philo T. Farnsworth Elementary powered by UTOPIA Fiber,40.691936,-111.99147,2022-07-22 10:10:00
1658485200,6276,25.2,83.0,2.616,Philo T. Farnsworth Elementary powered by UTOPIA Fiber,40.691936,-111.99147,2022-07-22 10:20:00
1658485800,6276,26.0,82.6,2.652,Philo T. Farnsworth Elementary powered by UTOPIA Fiber,40.691936,-111.99147,2022-07-22 10:30:00
1658486400,6276,26.6,82.0,2.608,Philo T. Farnsworth Elementary powered by UTOPIA Fiber,40.691936,-111.99147,2022-07-22 10:40:00
1658487000,6276,28.2,81.2,3.11,Philo T. Farnsworth Elementary powered by UTOPIA Fiber,40.691936,-111.99147,2022-07-22 10:50:00
1658487600,6276,30.4,80.6,3.524,Philo T. Farnsworth Elementary powered by UTOPIA Fiber,40.691936,-111.99147,2022-07-22 11:00:00
1658488200,6276,31.6,80.0,3.746,Philo T. Farnsworth Elementary powered by UTOPIA Fiber,40.691936,-111.99147,2022-07-22 11:10:00
1658488800,6276,32.0,80.0,3.872,Philo T. Farnsworth Elementary powered by UTOPIA Fiber,40.691936,-111.99147,2022-07-22 11:20:00
1658489400,6276,32.0,80.0,4.004,Philo T. Farnsworth Elementary powered by UTOPIA Fiber,40.691936,-111.99147,2022-07-22 11:30:00
1658490000,6276,32.0,80.0,3.946,Philo T. Farnsworth Elementary powered by UTOPIA Fiber,40.691936,-111.99147,2022-07-22 11:40:00
1658490600,6276,32.0,80.0,4.22,Philo T. Farnsworth Elementary powered by UTOPIA Fiber,40.691936,-111.99147,2022-07-22 11:50:00
1658491200,6276,32.4,80.0,4.428,Philo T. Farnsworth Elementary powered by UTOPIA Fiber,40.691936,-111.99147,2022-07-22 12:00:00
1658491800,6276,32.2,80.0,4.24,Philo T. Farnsworth Elementary powered by UTOPIA Fiber,40.691936,-111.99147,2022-07-22 12:10:00
1658492400,6276,32.0,80.0,3.972,Philo T. Farnsworth Elementary powered by UTOPIA Fiber,40.691936,-111.99147,2022-07-22 12:20:00
1658493000,6276,30.4,80.4,3.516,Philo T. Farnsworth Elementary powered by UTOPIA Fiber,40.691936,-111.99147,2022-07-22 12:30:00
1658493600,6276,28.8,81.6,3.038,Philo T. Farnsworth Elementary powered by UTOPIA Fiber,40.691936,-111.99147,2022-07-22 12:40:00
1658494200,6276,29.0,82.0,3.172,Philo T. Farnsworth Elementary powered by UTOPIA Fiber,40.691936,-111.99147,2022-07-22 12:50:00
1658494800,6276,29.4,82.4,3.196,Philo T. Farnsworth Elementary powered by UTOPIA Fiber,40.691936,-111.99147,2022-07-22 13:00:00
1658495400,6276,29.8,83.0,3.254,Philo T. Farnsworth Elementary powered by UTOPIA Fiber,40.691936,-111.99147,2022-07-22 13:10:00
1658496000,6276,29.8,83.0,2.956,Philo T. Farnsworth Elementary powered by UTOPIA Fiber,40.691936,-111.99147,2022-07-22 13:20:00
1658496600,6276,30.2,83.4,3.182,Philo T. Farnsworth Elementary powered by UTOPIA Fiber,40.691936,-111.99147,2022-07-22 13:30:00
1658497200,6276,29.2,84.0,3.05,Philo T. Farnsworth Elementary powered by UTOPIA Fiber,40.691936,-111.99147,2022-07-22 13:40:00
1658497800,6276,29.0,84.8,3.016,Philo T. Farnsworth Elementary powered by UTOPIA Fiber,40.691936,-111.99147,2022-07-22 13:50:00
1658498400,6276,29.0,86.0,3.36,Philo T. Farnsworth Elementary powered by UTOPIA Fiber,40.691936,-111.99147,2022-07-22 14:00:00
1658499000,6276,28.0,86.6,3.182,Philo T. Farnsworth Elementary powered by UTOPIA Fiber,40.691936,-111.99147,2022-07-22 14:10:00
1658499600,6276,26.4,87.6,2.91,Philo T. Farnsworth Elementary powered by UTOPIA Fiber,40.691936,-111.99147,2022-07-22 14:20:00
1658500200,6276,24.8,88.4,3.036,Philo T. Farnsworth Elementary powered by UTOPIA Fiber,40.691936,-111.99147,2022-07-22 14:30:00
1658500800,6276,24.6,88.8,2.932,Philo T. Farnsworth Elementary powered by UTOPIA Fiber,40.691936,-111.99147,2022-07-22 14:40:00
1658501400,6276,25.4,88.8,2.904,Philo T. Farnsworth Elementary powered by UTOPIA Fiber,40.691936,-111.99147,2022-07-22 14:50:00
1658502000,6276,25.0,89.6,2.7,Philo T. Farnsworth Elementary powered by UTOPIA Fiber,40.691936,-111.99147,2022-07-22 15:00:00
1658502600,6276,24.2,91.4,2.83,Philo T. Farnsworth Elementary powered by UTOPIA Fiber,40.691936,-111.99147,2022-07-22 15:10:00
1658503200,6276,22.4,93.4,2.62,Philo T. Farnsworth Elementary powered by UTOPIA Fiber,40.691936,-111.99147,2022-07-22 15:20:00
1658503800,6276,21.0,94.8,2.392,Philo T. Farnsworth Elementary powered by UTOPIA Fiber,40.691936,-111.99147,2022-07-22 15:30:00
1658504400,6276,19.4,96.2,2.684,Philo T. Farnsworth Elementary powered by UTOPIA Fiber,40.691936,-111.99147,2022-07-22 15:40:00
1658505000,6276,18.4,97.4,2.676,Philo T. Farnsworth Elementary powered by UTOPIA Fiber,40.691936,-111.99147,2022-07-22 15:50:00
1658505600,6276,17.4,99.0,2.278,Philo T. Farnsworth Elementary powered by UTOPIA Fiber,40.691936,-111.99147,2022-07-22 16:00:00
1658506200,6276,17.2,99.8,2.598,Philo T. Farnsworth Elementary powered by UTOPIA Fiber,40.691936,-111.99147,2022-07-22 16:10:00
1658506800,6276,16.8,100.8,2.53,Philo T. Farnsworth Elementary powered by UTOPIA Fiber,40.691936,-111.99147,2022-07-22 16:20:00
1658507400,6276,15.4,102.0,2.634,Philo T. Farnsworth Elementary powered by UTOPIA Fiber,40.691936,-111.99147,2022-07-22 16:30:00
1658508000,6276,14.8,102.8,2.34,Philo T. Farnsworth Elementary powered by UTOPIA Fiber,40.691936,-111.99147,2022-07-22 16:40:00
1658508600,6276,13.6,103.8,2.4,Philo T. Farnsworth Elementary powered by UTOPIA Fiber,40.691936,-111.99147,2022-07-22 16:50:00
1658509200,6276,13.4,105.0,2.266,Philo T. Farnsworth Elementary powered by UTOPIA Fiber,40.691936,-111.99147,2022-07-22 17:00:00
1658509800,6276,12.0,106.4,2.034,Philo T. Farnsworth Elementary powered by UTOPIA Fiber,40.691936,-111.99147,2022-07-22 17:10:00
1658510400,6276,11.4,107.6,1.99,Philo T. Farnsworth Elementary powered by UTOPIA Fiber,40.691936,-111.99147,2022-07-22 17:20:00
1658511000,6276,11.0,108.6,1.752,Philo T. Farnsworth Elementary powered by UTOPIA Fiber,40.691936,-111.99147,2022-07-22 17:30:00
1658511600,6276,10.2,109.6,1.444,Philo T. Farnsworth Elementary powered by UTOPIA Fiber,40.691936,-111.99147,2022-07-22 17:40:00
1658512200,6276,9.6,110.0,1.556,Philo T. Farnsworth Elementary powered by UTOPIA Fiber,40.691936,-111.99147,2022-07-22 17:50:00
1658512800,6276,9.0,111.0,1.378,Philo T. Farnsworth Elementary powered by UTOPIA Fiber,40.691936,-111.99147,2022-07-22 18:00:00
1658513400,6276,9.2,111.2,1.584,Philo T. Farnsworth Elementary powered by UTOPIA Fiber,40.691936,-111.99147,2022-07-22 18:10:00
1658514000,6276,9.4,111.0,1.846,Philo T. Farnsworth Elementary powered by UTOPIA Fiber,40.691936,-111.99147,2022-07-22 18:20:00
1658514600,6276,9.2,110.8,2.07,Philo T. Farnsworth Elementary powered by UTOPIA Fiber,40.691936,-111.99147,2022-07-22 18:30:00
1658515200,6276,10.2,109.6,1.9,Philo T. Farnsworth Elementary powered by UTOPIA Fiber,40.691936,-111.99147,2022-07-22 18:40:00
1658515800,6276,10.8,106.6,1.88,Philo T. Farnsworth Elementary powered by UTOPIA Fiber,40.691936,-111.99147,2022-07-22 18:50:00
1658516400,6276,12.0,104.8,1.696,Philo T. Farnsworth Elementary powered by UTOPIA Fiber,40.691936,-111.99147,2022-07-22 19:00:00
1658517000,6276,12.2,104.0,1.624,Philo T. Farnsworth Elementary powered by UTOPIA Fiber,40.691936,-111.99147,2022-07-22 19:10:00
1658517600,6276,12.2,104.0,1.816,Philo T. Farnsworth Elementary powered by UTOPIA Fiber,40.691936,-111.99147,2022-07-22 19:20:00
1658518200,6276,12.0,105.6,1.83,Philo T. Farnsworth Elementary powered by UTOPIA Fiber,40.691936,-111.99147,2022-07-22 19:30:00
1658518800,6276,11.4,105.4,1.768,Philo T. Farnsworth Elementary powered by UTOPIA Fiber,40.691936,-111.99147,2022-07-22 19:40:00
1658519400,6276,10.0,105.2,1.166,Philo T. Farnsworth Elementary powered by UTOPIA Fiber,40.691936,-111.99147,2022-07-22 19:50:00
1658520000,6276,8.4,111.0,1.358,Philo T. Farnsworth Elementary powered by UTOPIA Fiber,40.691936,-111.99147,2022-07-22 20:00:00
1658520600,6276,9.0,111.8,1.768,Philo T. Farnsworth Elementary powered by UTOPIA Fiber,40.691936,-111.99147,2022-07-22 20:10:00
1658521200,6276,9.6,114.6,1.41,Philo T. Farnsworth Elementary powered by UTOPIA Fiber,40.691936,-111.99147,2022-07-22 20:20:00
1658521800,6276,6.8,116.6,1.226,Philo T. Farnsworth Elementary powered by UTOPIA Fiber,40.691936,-111.99147,2022-07-22 20:30:00
1658522400,6276,6.6,117.8,1.258,Philo T. Farnsworth Elementary powered by UTOPIA Fiber,40.691936,-111.99147,2022-07-22 20:40:00
1658523000,6276,7.8,119.0,1.144,Philo T. Farnsworth Elementary powered by UTOPIA Fiber,40.691936,-111.99147,2022-07-22 20:50:00
1658523600,6276,7.8,119.2,1.394,Philo T. Farnsworth Elementary powered by UTOPIA Fiber,40.691936,-111.99147,2022-07-22 21:00:00
1658524200,6276,7.2,120.2,1.108,Philo T. Farnsworth Elementary powered by UTOPIA Fiber,40.691936,-111.99147,2022-07-22 21:10:00
1658524800,6276,5.2,121.2,1.186,Philo T. Farnsworth Elementary powered by UTOPIA Fiber,40.691936,-111.99147,2022-07-22 21:20:00
1658525400,6276,5.6,117.0,1.424,Philo T. Farnsworth Elementary powered by UTOPIA Fiber,40.691936,-111.99147,2022-07-22 21:30:00
1658526000,6276,8.2,109.8,1.516,Philo T. Farnsworth Elementary powered by UTOPIA Fiber,40.691936,-111.99147,2022-07-22 21:40:00
1658526600,6276,11.0,107.4,1.44,Philo T. Farnsworth Elementary powered by UTOPIA Fiber,40.691936,-111.99147,2022-07-22 21:50:00
1658527200,6276,12.4,104.4,0.896,Philo T. Farnsworth Elementary powered by UTOPIA Fiber,40.691936,-111.99147,2022-07-22 22:00:00
1658527800,6276,13.0,102.2,0.786,Philo T. Farnsworth Elementary powered by UTOPIA Fiber,40.691936,-111.99147,2022-07-22 22:10:00
1658528400,6276,12.2,105.4,0.54,Philo T. Farnsworth Elementary powered by UTOPIA Fiber,40.691936,-111.99147,2022-07-22 22:20:00
1658529000,6276,11.2,105.8,0.72,Philo T. Farnsworth Elementary powered by UTOPIA Fiber,40.691936,-111.99147,2022-07-22 22:30:00
1658529600,6276,11.6,104.0,0.768,Philo T. Farnsworth Elementary powered by UTOPIA Fiber,40.691936,-111.99147,2022-07-22 22:40:00
1658530200,6276,12.2,103.0,0.608,Philo T. Farnsworth Elementary powered by UTOPIA Fiber,40.691936,-111.99147,2022-07-22 22:50:00
1658530800,6276,12.0,103.0,0.746,Philo T. Farnsworth Elementary powered by UTOPIA Fiber,40.691936,-111.99147,2022-07-22 23:00:00
1658531400,6276,12.0,102.6,1.258,Philo T. Farnsworth Elementary powered by UTOPIA Fiber,40.691936,-111.99147,2022-07-22 23:10:00
1658532000,6276,13.4,100.4,0.882,Philo T. Farnsworth Elementary powered by UTOPIA Fiber,40.691936,-111.99147,2022-07-22 23:20:00
1658532600,6276,14.0,98.4,1.764,Philo T. Farnsworth Elementary powered by UTOPIA Fiber,40.691936,-111.99147,2022-07-22 23:30:00
1658533200,6276,16.0,97.8,4.0,Philo T. Farnsworth Elementary powered by UTOPIA Fiber,40.691936,-111.99147,2022-07-22 23:40:00
1658533800,6276,15.8,97.8,1.778,Philo T. Farnsworth Elementary powered by UTOPIA Fiber,40.691936,-111.99147,2022-07-22 23:50:00
