time_stamp,sensor_index,humidity,temperature,pm2.5,sensor_name,latitude,longitude,datetime
1658707200,6276,18.8,95.8,2.056,Philo T. Farnsworth Elementary powered by UTOPIA Fiber,40.691936,-111.99147,2022-07-25 00:00:00
1658707800,6276,20.4,94.0,2.138,Philo T. Farnsworth Elementary powered by UTOPIA Fiber,40.691936,-111.99147,2022-07-25 00:10:00
1658708400,6276,22.0,93.2,2.238,Philo T. Farnsworth Elementary powered by UTOPIA Fiber,40.691936,-111.99147,2022-07-25 00:20:00
1658709000,6276,22.8,92.0,1.986,Philo T. Farnsworth Elementary powered by UTOPIA Fiber,40.691936,-111.99147,2022-07-25 00:30:00
1658709600,6276,22.8,91.2,2.296,Philo T. Farnsworth Elementary powered by UTOPIA Fiber,40.691936,-111.99147,2022-07-25 00:40:00
1658710200,6276,23.0,91.0,2.06,Philo T. Farnsworth Elementary powered by UTOPIA Fiber,40.691936,-111.99147,2022-07-25 00:50:00
1658710800,6276,24.0,91.0,2.646,Philo T. Farnsworth Elementary powered by UTOPIA Fiber,40.691936,-111.99147,2022-07-25 01:00:00
1658711400,6276,24.0,91.0,2.044,Philo T. Farnsworth Elementary powered by UTOPIA Fiber,40.691936,-111.99147,2022-07-25 01:10:00
1658712000,6276,24.0,90.2,2.192,Philo T. Farnsworth Elementary powered by UTOPIA Fiber,40.691936,-111.99147,2022-07-25 01:20:00
1658712600,6276,24.6,90.0,2.464,Philo T. Farnsworth Elementary powered by UTOPIA Fiber,40.691936,-111.99147,2022-07-25 01:30:00
1658713200,6276,25.0,90.0,2.706,Philo T. Farnsworth Elementary powered by UTOPIA Fiber,40.691936,-111.99147,2022-07-25 01:40:00
1658713800,6276,25.0,89.0,2.768,Philo T. Farnsworth Elementary powered by UTOPIA Fiber,40.691936,-111.99147,2022-07-25 01:50:00
1658714400,6276,25.0,89.0,2.554,Philo T. Farnsworth Elementary powered by UTOPIA Fiber,40.691936,-111.99147,2022-07-25 02:00:00
1658715000,6276,25.8,89.0,2.814,Philo T. Farnsworth Elementary powered by UTOPIA Fiber,40.691936,-111.99147,2022-07-25 02:10:00
1658715600,6276,26.6,88.2,3.376,Philo T. Farnsworth Elementary powered by UTOPIA Fiber,40.691936,-111.99147,2022-07-25 02:20:00
1658716200,6276,27.0,88.0,2.556,Philo T. Farnsworth Elementary powered by UTOPIA Fiber,40.691936,-111.99147,2022-07-25 02:30:00
1658716800,6276,27.4,87.6,3.582,Philo T. Farnsworth Elementary powered by UTOPIA Fiber,40.691936,-111.99147,2022-07-25 02:40:00
1658717400,6276,28.0,87.0,3.18,Philo T. Farnsworth Elementary powered by UTOPIA Fiber,40.691936,-111.99147,2022-07-25 02:50:00
1658718000,6276,28.0,86.8,3.816,Philo T. Farnsworth Elementary powered by UTOPIA Fiber,40.691936,-111.99147,2022-07-25 03:00:00
1658718600,6276,28.6,86.4,4.202,Philo T. Farnsworth Elementary powered by UTOPIA Fiber,40.691936,-111.99147,2022-07-25 03:10:00
1658719200,6276,28.8,86.0,10.366,Philo T. Farnsworth Elementary powered by UTOPIA Fiber,40.691936,-111.99147,2022-07-25 03:20:00
1658719800,6276,29.0,86.0,19.718,Philo T. Farnsworth Elementary powered by UTOPIA Fiber,40.691936,-111.99147,2022-07-25 03:30:00
1658720400,6276,29.8,85.8,15.272,Philo T. Farnsworth Elementary powered by UTOPIA Fiber,40.691936,-111.99147,2022-07-25 03:40:00
1658721000,6276,30.0,85.0,21.15,Philo T. Farnsworth Elementary powered by UTOPIA Fiber,40.691936,-111.99147,2022-07-25 03:50:00
1658721600,6276,31.4,85.0,24.14,Philo T. Farnsworth Elementary powered by UTOPIA Fiber,40.691936,-111.99147,2022-07-25 04:00:00
1658722200,6276,32.2,85.0,26.78,Philo T. Farnsworth Elementary powered by UTOPIA Fiber,40.691936,-111.99147,2022-07-25 04:10:00
1658722800,6276,33.0,85.0,21.064,Philo T. Farnsworth Elementary powered by UTOPIA Fiber,40.691936,-111.99147,2022-07-25 04:20:00
1658723400,6276,34.0,84.4,22.604,Philo T. Farnsworth Elementary powered by UTOPIA Fiber,40.691936,-111.99147,2022-07-25 04:30:00
1658724000,6276,34.0,84.0,23.248,Philo T. Farnsworth Elementary powered by UTOPIA Fiber,40.691936,-111.99147,2022-07-25 04:40:00
1658724600,6276,35.0,83.8,23.23,Philo T. Farnsworth Elementary powered by UTOPIA Fiber,40.691936,-111.99147,2022-07-25 04:50:00
1658725200,6276,41.6,81.8,11.898,Philo T. Farnsworth Elementary powered by UTOPIA Fiber,40.691936,-111.99147,2022-07-25 05:00:00
1658725800,6276,41.6,79.8,9.478,Philo T. Farnsworth Elementary powered by UTOPIA Fiber,40.691936,-111.99147,2022-07-25 05:10:00
1658726400,6276,42.4,79.0,10.362,Philo T. Farnsworth Elementary powered by UTOPIA Fiber,40.691936,-111.99147,2022-07-25 05:20:00
1658727000,6276,47.0,77.4,12.694,Philo T. Farnsworth Elementary powered by UTOPIA Fiber,40.691936,-111.99147,2022-07-25 05:30:00
1658727600,6276,49.2,75.6,11.612,Philo T. Farnsworth Elementary powered by UTOPIA Fiber,40.691936,-111.99147,2022-07-25 05:40:00
1658728200,6276,52.0,73.8,11.882,Philo T. Farnsworth Elementary powered by UTOPIA Fiber,40.691936,-111.99147,2022-07-25 05:50:00
1658728800,6276,53.6,73.0,13.92,Philo T. Farnsworth Elementary powered by UTOPIA Fiber,40.691936,-111.99147,2022-07-25 06:00:00
1658729400,6276,54.6,72.6,14.076,Philo T. Farnsworth Elementary powered by UTOPIA Fiber,40.691936,-111.99147,2022-07-25 06:10:00
1658730000,6276,54.0,73.0,8.42,Philo T. Farnsworth Elementary powered by UTOPIA Fiber,40.691936,-111.99147,2022-07-25 06:20:00
1658730600,6276,52.4,73.6,11.446,Philo T. Farnsworth Elementary powered by UTOPIA Fiber,40.691936,-111.99147,2022-07-25 06:30:00
1658731200,6276,51.2,74.8,13.956,Philo T. Farnsworth Elementary powered by UTOPIA Fiber,40.691936,-111.99147,2022-07-25 06:40:00
1658731800,6276,50.2,75.4,15.888,Philo T. Farnsworth Elementary powered by UTOPIA Fiber,40.691936,-111.99147,2022-07-25 06:50:00
1658732400,6276,49.2,76.0,15.988,Philo T. Farnsworth Elementary powered by UTOPIA Fiber,40.691936,-111.99147,2022-07-25 07:00:00
1658733000,6276,48.6,76.0,13.464,Philo T. Farnsworth Elementary powered by UTOPIA Fiber,40.691936,-111.99147,2022-07-25 07:10:00
1658733600,6276,47.0,76.0,12.892,Philo T. Farnsworth Elementary powered by UTOPIA Fiber,40.691936,-111.99147,2022-07-25 07:20:00
1658734200,6276,45.2,76.0,12.092,Philo T. Farnsworth Elementary powered by UTOPIA Fiber,40.691936,-111.99147,2022-07-25 07:30:00
1658734800,6276,44.8,76.0,12.134,Philo T. Farnsworth Elementary powered by UTOPIA Fiber,40.691936,-111.99147,2022-07-25 07:40:00
1658735400,6276,43.6,76.0,11.078,Philo T. Farnsworth Elementary powered by UTOPIA Fiber,40.691936,-111.99147,2022-07-25 07:50:00
1658736000,6276,44.0,76.0,9.482,Philo T. Farnsworth Elementary powered by UTOPIA Fiber,40.691936,-111.99147,2022-07-25 08:00:00
1658736600,6276,44.2,76.0,8.164,Philo T. Farnsworth Elementary powered by UTOPIA Fiber,40.691936,-111.99147,2022-07-25 08:10:00
1658737200,6276,44.0,76.0,7.702,Philo T. Farnsworth Elementary powered by UTOPIA Fiber,40.691936,-111.99147,2022-07-25 08:20:00
1658737800,6276,44.0,76.0,7.524,Philo T. Farnsworth Elementary powered by UTOPIA Fiber,40.691936,-111.99147,2022-07-25 08:30:00
1658738400,6276,45.0,76.0,7.556,Philo T. Farnsworth Elementary powered by UTOPIA Fiber,40.691936,-111.99147,2022-07-25 08:40:00
1658739000,6276,46.6,76.0,6.754,Philo T. Farnsworth Elementary powered by UTOPIA Fiber,40.691936,-111.99147,2022-07-25 08:50:00
1658739600,6276,47.0,76.0,6.626,Philo T. Farnsworth Elementary powered by UTOPIA Fiber,40.691936,-111.99147,2022-07-25 09:00:00
1658740200,6276,47.0,76.0,6.072,Philo T. Farnsworth Elementary powered by UTOPIA Fiber,40.691936,-111.99147,2022-07-25 09:10:00
1658740800,6276,47.0,76.0,5.706,Philo T. Farnsworth Elementary powered by UTOPIA Fiber,40.691936,-111.99147,2022-07-25 09:20:00
1658741400,6276,47.0,76.4,5.868,Philo T. Farnsworth Elementary powered by UTOPIA Fiber,40.691936,-111.99147,2022-07-25 09:30:00
1658742000,6276,47.0,76.0,5.94,Philo T. Farnsworth Elementary powered by UTOPIA Fiber,40.691936,-111.99147,2022-07-25 09:40:00
1658742600,6276,47.0,76.0,5.778,Philo T. Farnsworth Elementary powered by UTOPIA Fiber,40.691936,-111.99147,2022-07-25 09:50:00
1658743200,6276,47.0,76.0,5.79,Philo T. Farnsworth Elementary powered by UTOPIA Fiber,40.691936,-111.99147,2022-07-25 10:00:00
1658743800,6276,47.0,76.0,5.728,Philo T. Farnsworth Elementary powered by UTOPIA Fiber,40.691936,-111.99147,2022-07-25 10:10:00
1658744400,6276,46.4,76.0,5.544,Philo T. Farnsworth Elementary powered by UTOPIA Fiber,40.691936,-111.99147,2022-07-25 10:20:00
1658745000,6276,46.0,76.0,5.548,Philo T. Farnsworth Elementary powered by UTOPIA Fiber,40.691936,-111.99147,2022-07-25 10:30:00
1658745600,6276,46.6,76.0,5.644,Philo T. Farnsworth Elementary powered by UTOPIA Fiber,40.691936,-111.99147,2022-07-25 10:40:00
1658746200,6276,47.0,76.0,5.642,Philo T. Farnsworth Elementary powered by UTOPIA Fiber,40.691936,-111.99147,2022-07-25 10:50:00
1658746800,6276,47.4,76.0,5.416,Philo T. Farnsworth Elementary powered by UTOPIA Fiber,40.691936,-111.99147,2022-07-25 11:00:00
1658747400,6276,47.2,76.0,5.242,Philo T. Farnsworth Elementary powered by UTOPIA Fiber,40.691936,-111.99147,2022-07-25 11:10:00
1658748000,6276,47.0,77.0,5.192,Philo T. Farnsworth Elementary powered by UTOPIA Fiber,40.691936,-111.99147,2022-07-25 11:20:00
1658748600,6276,47.0,76.0,5.216,Philo T. Farnsworth Elementary powered by UTOPIA Fiber,40.691936,-111.99147,2022-07-25 11:30:00
1658749200,6276,47.0,76.0,5.434,Philo T. Farnsworth Elementary powered by UTOPIA Fiber,40.691936,-111.99147,2022-07-25 11:40:00
1658749800,6276,47.0,76.0,5.678,Philo T. Farnsworth Elementary powered by UTOPIA Fiber,40.691936,-111.99147,2022-07-25 11:50:00
1658750400,6276,46.6,76.0,5.582,Philo T. Farnsworth Elementary powered by UTOPIA Fiber,40.691936,-111.99147,2022-07-25 12:00:00
1658751000,6276,45.4,76.0,5.396,Philo T. Farnsworth Elementary powered by UTOPIA Fiber,40.691936,-111.99147,2022-07-25 12:10:00
1658751600,6276,44.2,76.0,5.436,Philo T. Farnsworth Elementary powered by UTOPIA Fiber,40.691936,-111.99147,2022-07-25 12:20:00
1658752200,6276,44.4,76.0,5.282,Philo T. Farnsworth Elementary powered by UTOPIA Fiber,40.691936,-111.99147,2022-07-25 12:30:00
1658752800,6276,44.2,76.0,5.482,Philo T. Farnsworth Elementary powered by UTOPIA Fiber,40.691936,-111.99147,2022-07-25 12:40:00
1658753400,6276,44.6,76.0,5.31,Philo T. Farnsworth Elementary powered by UTOPIA Fiber,40.691936,-111.99147,2022-07-25 12:50:00
1658754000,6276,45.0,76.4,5.422,Philo T. Farnsworth Elementary powered by UTOPIA Fiber,40.691936,-111.99147,2022-07-25 13:00:00
1658754600,6276,45.8,77.0,5.626,Philo T. Farnsworth Elementary powered by UTOPIA Fiber,40.691936,-111.99147,2022-07-25 13:10:00
1658755200,6276,45.8,77.0,5.518,Philo T. Farnsworth Elementary powered by UTOPIA Fiber,40.691936,-111.99147,2022-07-25 13:20:00
1658755800,6276,45.6,78.0,5.922,Philo T. Farnsworth Elementary powered by UTOPIA Fiber,40.691936,-111.99147,2022-07-25 13:30:00
1658756400,6276,45.2,78.2,6.246,Philo T. Farnsworth Elementary powered by UTOPIA Fiber,40.691936,-111.99147,2022-07-25 13:40:00
1658757000,6276,44.8,79.0,6.388,Philo T. Farnsworth Elementary powered by UTOPIA Fiber,40.691936,-111.99147,2022-07-25 13:50:00
1658757600,6276,42.2,79.8,5.96,Philo T. Farnsworth Elementary powered by UTOPIA Fiber,40.691936,-111.99147,2022-07-25 14:00:00
1658758200,6276,40.6,80.6,5.324,Philo T. Farnsworth Elementary powered by UTOPIA Fiber,40.691936,-111.99147,2022-07-25 14:10:00
1658758800,6276,40.2,81.4,5.686,Philo T. Farnsworth Elementary powered by UTOPIA Fiber,40.691936,-111.99147,2022-07-25 14:20:00
1658759400,6276,37.4,82.2,4.956,Philo T. Farnsworth Elementary powered by UTOPIA Fiber,40.691936,-111.99147,2022-07-25 14:30:00
1658760000,6276,36.8,83.2,4.768,Philo T. Farnsworth Elementary powered by UTOPIA Fiber,40.691936,-111.99147,2022-07-25 14:40:00
1658760600,6276,34.8,84.0,4.916,Philo T. Farnsworth Elementary powered by UTOPIA Fiber,40.691936,-111.99147,2022-07-25 14:50:00
1658761200,6276,32.8,84.8,4.782,Philo T. Farnsworth Elementary powered by UTOPIA Fiber,40.691936,-111.99147,2022-07-25 15:00:00
1658761800,6276,33.0,86.2,4.806,Philo T. Farnsworth Elementary powered by UTOPIA Fiber,40.691936,-111.99147,2022-07-25 15:10:00
1658762400,6276,31.2,87.8,4.542,Philo T. Farnsworth Elementary powered by UTOPIA Fiber,40.691936,-111.99147,2022-07-25 15:20:00
1658763000,6276,29.8,89.4,4.624,Philo T. Farnsworth Elementary powered by UTOPIA Fiber,40.691936,-111.99147,2022-07-25 15:30:00
1658763600,6276,28.8,90.8,4.784,Philo T. Farnsworth Elementary powered by UTOPIA Fiber,40.691936,-111.99147,2022-07-25 15:40:00
1658764200,6276,27.2,92.8,4.786,Philo T. Farnsworth Elementary powered by UTOPIA Fiber,40.691936,-111.99147,2022-07-25 15:50:00
1658764800,6276,25.4,94.8,4.474,Philo T. Farnsworth Elementary powered by UTOPIA Fiber,40.691936,-111.99147,2022-07-25 16:00:00
1658765400,6276,23.8,95.6,3.836,Philo T. Farnsworth Elementary powered by UTOPIA Fiber,40.691936,-111.99147,2022-07-25 16:10:00
1658766000,6276,22.6,97.0,4.412,Philo T. Farnsworth Elementary powered by UTOPIA Fiber,40.691936,-111.99147,2022-07-25 16:20:00
1658766600,6276,21.8,98.2,3.872,Philo T. Farnsworth Elementary powered by UTOPIA Fiber,40.691936,-111.99147,2022-07-25 16:30:00
1658767200,6276,20.2,99.0,3.512,Philo T. Farnsworth Elementary powered by UTOPIA Fiber,40.691936,-111.99147,2022-07-25 16:40:00
1658767800,6276,19.4,99.4,3.484,Philo T. Farnsworth Elementary powered by UTOPIA Fiber,40.691936,-111.99147,2022-07-25 16:50:00
1658768400,6276,19.6,100.6,3.654,Philo T. Farnsworth Elementary powered by UTOPIA Fiber,40.691936,-111.99147,2022-07-25 17:00:00
1658769000,6276,18.6,102.0,3.408,Philo T. Farnsworth Elementary powered by UTOPIA Fiber,40.691936,-111.99147,2022-07-25 17:10:00
1658769600,6276,18.8,102.8,3.716,Philo T. Farnsworth Elementary powered by UTOPIA Fiber,40.691936,-111.99147,2022-07-25 17:20:00
1658770200,6276,17.6,103.8,3.618,Philo T. Farnsworth Elementary powered by UTOPIA Fiber,40.691936,-111.99147,2022-07-25 17:30:00
1658770800,6276,18.0,105.2,3.684,Philo T. Farnsworth Elementary powered by UTOPIA Fiber,40.691936,-111.99147,2022-07-25 17:40:00
1658771400,6276,17.2,105.2,3.536,Philo T. Farnsworth Elementary powered by UTOPIA Fiber,40.691936,-111.99147,2022-07-25 17:50:00
1658772000,6276,16.6,106.2,3.76,Philo T. Farnsworth Elementary powered by UTOPIA Fiber,40.691936,-111.99147,2022-07-25 18:00:00
1658772600,6276,16.8,107.2,3.678,Philo T. Farnsworth Elementary powered by UTOPIA Fiber,40.691936,-111.99147,2022-07-25 18:10:00
1658773200,6276,17.4,107.8,3.77,Philo T. Farnsworth Elementary powered by UTOPIA Fiber,40.691936,-111.99147,2022-07-25 18:20:00
1658773800,6276,15.4,109.2,3.636,Philo T. Farnsworth Elementary powered by UTOPIA Fiber,40.691936,-111.99147,2022-07-25 18:30:00
1658774400,6276,13.2,110.2,3.46,Philo T. Farnsworth Elementary powered by UTOPIA Fiber,40.691936,-111.99147,2022-07-25 18:40:00
1658775000,6276,15.0,109.2,3.752,Philo T. Farnsworth Elementary powered by UTOPIA Fiber,40.691936,-111.99147,2022-07-25 18:50:00
1658775600,6276,14.0,110.4,3.628,Philo T. Farnsworth Elementary powered by UTOPIA Fiber,40.691936,-111.99147,2022-07-25 19:00:00
1658776200,6276,13.2,111.6,2.9,Philo T. Farnsworth Elementary powered by UTOPIA Fiber,40.691936,-111.99147,2022-07-25 19:10:00
1658776800,6276,13.8,111.2,3.092,Philo T. Farnsworth Elementary powered by UTOPIA Fiber,40.691936,-111.99147,2022-07-25 19:20:00
1658777400,6276,14.0,111.2,3.052,Philo T. Farnsworth Elementary powered by UTOPIA Fiber,40.691936,-111.99147,2022-07-25 19:30:00
1658778000,6276,14.2,112.8,2.982,Philo T. Farnsworth Elementary powered by UTOPIA Fiber,40.691936,-111.99147,2022-07-25 19:40:00
1658778600,6276,11.4,113.8,3.27,Philo T. Farnsworth Elementary powered by UTOPIA Fiber,40.691936,-111.99147,2022-07-25 19:50:00
1658779200,6276,12.0,114.8,3.24,Philo T. Farnsworth Elementary powered by UTOPIA Fiber,40.691936,-111.99147,2022-07-25 20:00:00
1658779800,6276,13.4,115.6,3.404,Philo T. Farnsworth Elementary powered by UTOPIA Fiber,40.691936,-111.99147,2022-07-25 20:10:00
1658780400,6276,12.4,115.6,3.658,Philo T. Farnsworth Elementary powered by UTOPIA Fiber,40.691936,-111.99147,2022-07-25 20:20:00
1658781000,6276,11.8,115.8,3.716,Philo T. Farnsworth Elementary powered by UTOPIA Fiber,40.691936,-111.99147,2022-07-25 20:30:00
1658781600,6276,12.4,116.0,4.118,Philo T. Farnsworth Elementary powered by UTOPIA Fiber,40.691936,-111.99147,2022-07-25 20:40:00
1658782200,6276,12.2,115.0,4.208,Philo T. Farnsworth Elementary powered by UTOPIA Fiber,40.691936,-111.99147,2022-07-25 20:50:00
1658782800,6276,11.0,115.8,5.002,Philo T. Farnsworth Elementary powered by UTOPIA Fiber,40.691936,-111.99147,2022-07-25 21:00:00
1658783400,6276,13.0,116.0,5.672,Philo T. Farnsworth Elementary powered by UTOPIA Fiber,40.691936,-111.99147,2022-07-25 21:10:00
1658784000,6276,13.2,115.6,6.194,Philo T. Farnsworth Elementary powered by UTOPIA Fiber,40.691936,-111.99147,2022-07-25 21:20:00
1658784600,6276,13.4,116.2,6.454,Philo T. Farnsworth Elementary powered by UTOPIA Fiber,40.691936,-111.99147,2022-07-25 21:30:00
1658785200,6276,11.8,115.6,6.456,Philo T. Farnsworth Elementary powered by UTOPIA Fiber,40.691936,-111.99147,2022-07-25 21:40:00
1658785800,6276,12.0,115.4,6.56,Philo T. Farnsworth Elementary powered by UTOPIA Fiber,40.691936,-111.99147,2022-07-25 21:50:00
1658786400,6276,11.8,114.6,6.164,Philo T. Farnsworth Elementary powered by UTOPIA Fiber,40.691936,-111.99147,2022-07-25 22:00:00
1658787000,6276,12.6,114.6,6.38,Philo T. Farnsworth Elementary powered by UTOPIA Fiber,40.691936,-111.99147,2022-07-25 22:10:00
1658787600,6276,11.8,114.4,6.082,Philo T. Farnsworth Elementary powered by UTOPIA Fiber,40.691936,-111.99147,2022-07-25 22:20:00
1658788200,6276,12.6,114.0,5.802,Philo T. Farnsworth Elementary powered by UTOPIA Fiber,40.691936,-111.99147,2022-07-25 22:30:00
1658788800,6276,12.2,113.2,5.344,Philo T. Farnsworth Elementary powered by UTOPIA Fiber,40.691936,-111.99147,2022-07-25 22:40:00
1658789400,6276,12.4,113.0,5.148,Philo T. Farnsworth Elementary powered by UTOPIA Fiber,40.691936,-111.99147,2022-07-25 22:50:00
1658790000,6276,13.0,112.4,5.068,Philo T. Farnsworth Elementary powered by UTOPIA Fiber,40.691936,-111.99147,2022-07-25 23:00:00
1658790600,6276,12.4,111.2,5.09,Philo T. Farnsworth Elementary powered by UTOPIA Fiber,40.691936,-111.99147,2022-07-25 23:10:00
1658791200,6276,12.6,111.0,4.678,Philo T. Farnsworth Elementary powered by UTOPIA Fiber,40.691936,-111.99147,2022-07-25 23:20:00
1658791800,6276,12.6,110.2,4.98,Philo T. Farnsworth Elementary powered by UTOPIA Fiber,40.691936,-111.99147,2022-07-25 23:30:00
1658792400,6276,13.2,109.2,5.3,Philo T. Farnsworth Elementary powered by UTOPIA Fiber,40.691936,-111.99147,2022-07-25 23:40:00
1658793000,6276,13.0,107.6,5.068,Philo T. Farnsworth Elementary powered by UTOPIA Fiber,40.691936,-111.99147,2022-07-25 23:50:00
1658793600,6276,14.2,106.2,4.988,Philo T. Farnsworth Elementary powered by UTOPIA Fiber,40.691936,-111.99147,2022-07-26 00:00:00
1658794200,6276,14.4,104.6,5.406,Philo T. Farnsworth Elementary powered by UTOPIA Fiber,40.691936,-111.99147,2022-07-26 00:10:00
1658794800,6276,15.4,103.0,5.116,Philo T. Farnsworth Elementary powered by UTOPIA Fiber,40.691936,-111.99147,2022-07-26 00:20:00
1658795400,6276,16.6,101.4,5.326,Philo T. Farnsworth Elementary powered by UTOPIA Fiber,40.691936,-111.99147,2022-07-26 00:30:00
1658796000,6276,17.6,100.8,4.486,Philo T. Farnsworth Elementary powered by UTOPIA Fiber,40.691936,-111.99147,2022-07-26 00:40:00
1658796600,6276,17.6,99.4,5.424,Philo T. Farnsworth Elementary powered by UTOPIA Fiber,40.691936,-111.99147,2022-07-26 00:50:00
1658797200,6276,17.4,98.4,5.454,Philo T. Farnsworth Elementary powered by UTOPIA Fiber,40.691936,-111.99147,2022-07-26 01:00:00
1658797800,6276,17.4,97.4,5.174,Philo T. Farnsworth Elementary powered by UTOPIA Fiber,40.691936,-111.99147,2022-07-26 01:10:00
1658798400,6276,17.0,97.0,5.384,Philo T. Farnsworth Elementary powered by UTOPIA Fiber,40.691936,-111.99147,2022-07-26 01:20:00
1658799000,6276,17.4,97.0,5.228,Philo T. Farnsworth Elementary powered by UTOPIA Fiber,40.691936,-111.99147,2022-07-26 01:30:00
1658799600,6276,17.6,96.6,5.43,Philo T. Farnsworth Elementary powered by UTOPIA Fiber,40.691936,-111.99147,2022-07-26 01:40:00
1658800200,6276,17.4,96.0,5.02,Philo T. Farnsworth Elementary powered by UTOPIA Fiber,40.691936,-111.99147,2022-07-26 01:50:00
1658800800,6276,17.8,95.6,5.372,Philo T. Farnsworth Elementary powered by UTOPIA Fiber,40.691936,-111.99147,2022-07-26 02:00:00
1658801400,6276,17.6,95.0,5.574,Philo T. Farnsworth Elementary powered by UTOPIA Fiber,40.691936,-111.99147,2022-07-26 02:10:00
1658802000,6276,17.8,94.2,5.936,Philo T. Farnsworth Elementary powered by UTOPIA Fiber,40.691936,-111.99147,2022-07-26 02:20:00
1658802600,6276,17.4,94.0,5.756,Philo T. Farnsworth Elementary powered by UTOPIA Fiber,40.691936,-111.99147,2022-07-26 02:30:00
1658803200,6276,18.0,93.0,5.812,Philo T. Farnsworth Elementary powered by UTOPIA Fiber,40.691936,-111.99147,2022-07-26 02:40:00
1658803800,6276,18.2,92.8,6.366,Philo T. Farnsworth Elementary powered by UTOPIA Fiber,40.691936,-111.99147,2022-07-26 02:50:00
1658804400,6276,20.8,91.6,7.328,Philo T. Farnsworth Elementary powered by UTOPIA Fiber,40.691936,-111.99147,2022-07-26 03:00:00
1658805000,6276,23.8,89.8,9.012,Philo T. Farnsworth Elementary powered by UTOPIA Fiber,40.691936,-111.99147,2022-07-26 03:10:00
1658805600,6276,24.4,88.2,9.138,Philo T. Farnsworth Elementary powered by UTOPIA Fiber,40.691936,-111.99147,2022-07-26 03:20:00
1658806200,6276,24.0,87.6,14.734,Philo T. Farnsworth Elementary powered by UTOPIA Fiber,40.691936,-111.99147,2022-07-26 03:30:00
1658806800,6276,24.2,87.2,21.714,Philo T. Farnsworth Elementary powered by UTOPIA Fiber,40.691936,-111.99147,2022-07-26 03:40:00
1658807400,6276,25.4,86.8,19.55,Philo T. Farnsworth Elementary powered by UTOPIA Fiber,40.691936,-111.99147,2022-07-26 03:50:00
1658808000,6276,26.4,86.0,18.17,Philo T. Farnsworth Elementary powered by UTOPIA Fiber,40.691936,-111.99147,2022-07-26 04:00:00
1658808600,6276,26.4,85.0,19.646,Philo T. Farnsworth Elementary powered by UTOPIA Fiber,40.691936,-111.99147,2022-07-26 04:10:00
1658809200,6276,26.0,85.0,28.658,Philo T. Farnsworth Elementary powered by UTOPIA Fiber,40.691936,-111.99147,2022-07-26 04:20:00
1658809800,6276,27.4,84.4,85.512,Philo T. Farnsworth Elementary powered by UTOPIA Fiber,40.691936,-111.99147,2022-07-26 04:30:00
1658810400,6276,28.0,83.8,43.902,Philo T. Farnsworth Elementary powered by UTOPIA Fiber,40.691936,-111.99147,2022-07-26 04:40:00
1658811000,6276,28.4,83.0,36.526,Philo T. Farnsworth Elementary powered by UTOPIA Fiber,40.691936,-111.99147,2022-07-26 04:50:00
1658811600,6276,27.4,83.0,26.418,Philo T. Farnsworth Elementary powered by UTOPIA Fiber,40.691936,-111.99147,2022-07-26 05:00:00
1658812200,6276,30.0,82.2,23.648,Philo T. Farnsworth Elementary powered by UTOPIA Fiber,40.691936,-111.99147,2022-07-26 05:10:00
1658812800,6276,29.0,82.0,21.938,Philo T. Farnsworth Elementary powered by UTOPIA Fiber,40.691936,-111.99147,2022-07-26 05:20:00
1658813400,6276,28.2,82.0,20.308,Philo T. Farnsworth Elementary powered by UTOPIA Fiber,40.691936,-111.99147,2022-07-26 05:30:00
1658814000,6276,28.8,81.4,19.922,Philo T. Farnsworth Elementary powered by UTOPIA Fiber,40.691936,-111.99147,2022-07-26 05:40:00
1658814600,6276,28.2,81.0,20.312,Philo T. Farnsworth Elementary powered by UTOPIA Fiber,40.691936,-111.99147,2022-07-26 05:50:00
1658815200,6276,28.6,81.0,21.046,Philo T. Farnsworth Elementary powered by UTOPIA Fiber,40.691936,-111.99147,2022-07-26 06:00:00
1658815800,6276,29.8,80.0,20.616,Philo T. Farnsworth Elementary powered by UTOPIA Fiber,40.691936,-111.99147,2022-07-26 06:10:00
1658816400,6276,29.6,80.0,20.116,Philo T. Farnsworth Elementary powered by UTOPIA Fiber,40.691936,-111.99147,2022-07-26 06:20:00
1658817000,6276,28.6,80.0,18.254,Philo T. Farnsworth Elementary powered by UTOPIA Fiber,40.691936,-111.99147,2022-07-26 06:30:00
1658817600,6276,26.2,80.0,15.008,Philo T. Farnsworth Elementary powered by UTOPIA Fiber,40.691936,-111.99147,2022-07-26 06:40:00
1658818200,6276,25.4,80.4,13.984,Philo T. Farnsworth Elementary powered by UTOPIA Fiber,40.691936,-111.99147,2022-07-26 06:50:00
1658818800,6276,26.0,80.0,14.692,Philo T. Farnsworth Elementary powered by UTOPIA Fiber,40.691936,-111.99147,2022-07-26 07:00:00
1658819400,6276,27.2,79.8,13.406,Philo T. Farnsworth Elementary powered by UTOPIA Fiber,40.691936,-111.99147,2022-07-26 07:10:00
1658820000,6276,27.8,79.0,14.722,Philo T. Farnsworth Elementary powered by UTOPIA Fiber,40.691936,-111.99147,2022-07-26 07:20:00
1658820600,6276,29.6,79.0,14.492,Philo T. Farnsworth Elementary powered by UTOPIA Fiber,40.691936,-111.99147,2022-07-26 07:30:00
1658821200,6276,29.2,79.0,13.832,Philo T. Farnsworth Elementary powered by UTOPIA Fiber,40.691936,-111.99147,2022-07-26 07:40:00
1658821800,6276,29.8,78.4,14.158,Philo T. Farnsworth Elementary powered by UTOPIA Fiber,40.691936,-111.99147,2022-07-26 07:50:00
1658822400,6276,29.0,79.0,12.804,Philo T. Farnsworth Elementary powered by UTOPIA Fiber,40.691936,-111.99147,2022-07-26 08:00:00
1658823000,6276,29.4,79.0,12.596,Philo T. Farnsworth Elementary powered by UTOPIA Fiber,40.691936,-111.99147,2022-07-26 08:10:00
1658823600,6276,26.6,79.2,9.858,Philo T. Farnsworth Elementary powered by UTOPIA Fiber,40.691936,-111.99147,2022-07-26 08:20:00
1658824200,6276,28.0,80.6,8.698,Philo T. Farnsworth Elementary powered by UTOPIA Fiber,40.691936,-111.99147,2022-07-26 08:30:00
1658824800,6276,28.0,82.0,8.522,Philo T. Farnsworth Elementary powered by UTOPIA Fiber,40.691936,-111.99147,2022-07-26 08:40:00
1658825400,6276,28.0,83.0,8.736,Philo T. Farnsworth Elementary powered by UTOPIA Fiber,40.691936,-111.99147,2022-07-26 08:50:00
1658826000,6276,28.0,83.0,8.314,Philo T. Farnsworth Elementary powered by UTOPIA Fiber,40.691936,-111.99147,2022-07-26 09:00:00
1658826600,6276,27.8,83.4,7.882,Philo T. Farnsworth Elementary powered by UTOPIA Fiber,40.691936,-111.99147,2022-07-26 09:10:00
1658827200,6276,27.0,84.0,8.086,Philo T. Farnsworth Elementary powered by UTOPIA Fiber,40.691936,-111.99147,2022-07-26 09:20:00
1658827800,6276,26.6,84.0,7.962,Philo T. Farnsworth Elementary powered by UTOPIA Fiber,40.691936,-111.99147,2022-07-26 09:30:00
1658828400,6276,26.4,84.0,7.73,Philo T. Farnsworth Elementary powered by UTOPIA Fiber,40.691936,-111.99147,2022-07-26 09:40:00
1658829000,6276,27.0,84.0,8.218,Philo T. Farnsworth Elementary powered by UTOPIA Fiber,40.691936,-111.99147,2022-07-26 09:50:00
1658829600,6276,27.8,83.4,7.958,Philo T. Farnsworth Elementary powered by UTOPIA Fiber,40.691936,-111.99147,2022-07-26 10:00:00
1658830200,6276,28.6,83.0,7.786,Philo T. Farnsworth Elementary powered by UTOPIA Fiber,40.691936,-111.99147,2022-07-26 10:10:00
1658830800,6276,29.4,82.2,8.322,Philo T. Farnsworth Elementary powered by UTOPIA Fiber,40.691936,-111.99147,2022-07-26 10:20:00
1658831400,6276,30.2,81.4,9.416,Philo T. Farnsworth Elementary powered by UTOPIA Fiber,40.691936,-111.99147,2022-07-26 10:30:00
1658832000,6276,28.8,80.6,10.144,Philo T. Farnsworth Elementary powered by UTOPIA Fiber,40.691936,-111.99147,2022-07-26 10:40:00
1658832600,6276,28.4,80.0,10.216,Philo T. Farnsworth Elementary powered by UTOPIA Fiber,40.691936,-111.99147,2022-07-26 10:50:00
1658833200,6276,28.6,79.8,10.99,Philo T. Farnsworth Elementary powered by UTOPIA Fiber,40.691936,-111.99147,2022-07-26 11:00:00
1658833800,6276,30.0,79.0,10.736,Philo T. Farnsworth Elementary powered by UTOPIA Fiber,40.691936,-111.99147,2022-07-26 11:10:00
1658834400,6276,31.4,79.0,10.872,Philo T. Farnsworth Elementary powered by UTOPIA Fiber,40.691936,-111.99147,2022-07-26 11:20:00
1658835000,6276,33.0,78.8,10.084,Philo T. Farnsworth Elementary powered by UTOPIA Fiber,40.691936,-111.99147,2022-07-26 11:30:00
1658835600,6276,35.8,78.0,9.056,Philo T. Farnsworth Elementary powered by UTOPIA Fiber,40.691936,-111.99147,2022-07-26 11:40:00
1658836200,6276,36.8,77.2,8.93,Philo T. Farnsworth Elementary powered by UTOPIA Fiber,40.691936,-111.99147,2022-07-26 11:50:00
1658836800,6276,36.6,77.0,10.056,Philo T. Farnsworth Elementary powered by UTOPIA Fiber,40.691936,-111.99147,2022-07-26 12:00:00
1658837400,6276,36.0,77.2,9.834,Philo T. Farnsworth Elementary powered by UTOPIA Fiber,40.691936,-111.99147,2022-07-26 12:10:00
1658838000,6276,35.0,78.0,9.976,Philo T. Farnsworth Elementary powered by UTOPIA Fiber,40.691936,-111.99147,2022-07-26 12:20:00
1658838600,6276,34.6,78.0,9.608,Philo T. Farnsworth Elementary powered by UTOPIA Fiber,40.691936,-111.99147,2022-07-26 12:30:00
1658839200,6276,33.2,78.8,8.162,Philo T. Farnsworth Elementary powered by UTOPIA Fiber,40.691936,-111.99147,2022-07-26 12:40:00
1658839800,6276,33.0,79.6,8.15,Philo T. Farnsworth Elementary powered by UTOPIA Fiber,40.691936,-111.99147,2022-07-26 12:50:00
1658840400,6276,33.4,80.0,8.636,Philo T. Farnsworth Elementary powered by UTOPIA Fiber,40.691936,-111.99147,2022-07-26 13:00:00
1658841000,6276,34.0,80.0,9.686,Philo T. Farnsworth Elementary powered by UTOPIA Fiber,40.691936,-111.99147,2022-07-26 13:10:00
1658841600,6276,34.6,80.2,9.578,Philo T. Farnsworth Elementary powered by UTOPIA Fiber,40.691936,-111.99147,2022-07-26 13:20:00
1658842200,6276,34.4,81.2,9.326,Philo T. Farnsworth Elementary powered by UTOPIA Fiber,40.691936,-111.99147,2022-07-26 13:30:00
1658842800,6276,33.8,82.0,10.512,Philo T. Farnsworth Elementary powered by UTOPIA Fiber,40.691936,-111.99147,2022-07-26 13:40:00
1658843400,6276,33.8,82.4,10.348,Philo T. Farnsworth Elementary powered by UTOPIA Fiber,40.691936,-111.99147,2022-07-26 13:50:00
1658844000,6276,33.2,83.0,10.164,Philo T. Farnsworth Elementary powered by UTOPIA Fiber,40.691936,-111.99147,2022-07-26 14:00:00
1658844600,6276,33.2,83.6,10.762,Philo T. Farnsworth Elementary powered by UTOPIA Fiber,40.691936,-111.99147,2022-07-26 14:10:00
1658845200,6276,32.2,84.0,10.668,Philo T. Farnsworth Elementary powered by UTOPIA Fiber,40.691936,-111.99147,2022-07-26 14:20:00
1658845800,6276,32.2,85.0,10.044,Philo T. Farnsworth Elementary powered by UTOPIA Fiber,40.691936,-111.99147,2022-07-26 14:30:00
1658846400,6276,31.4,86.4,9.59,Philo T. Farnsworth Elementary powered by UTOPIA Fiber,40.691936,-111.99147,2022-07-26 14:40:00
1658847000,6276,31.8,87.6,9.37,Philo T. Farnsworth Elementary powered by UTOPIA Fiber,40.691936,-111.99147,2022-07-26 14:50:00
1658847600,6276,28.8,89.4,8.974,Philo T. Farnsworth Elementary powered by UTOPIA Fiber,40.691936,-111.99147,2022-07-26 15:00:00
1658848200,6276,27.4,91.0,8.504,Philo T. Farnsworth Elementary powered by UTOPIA Fiber,40.691936,-111.99147,2022-07-26 15:10:00
1658848800,6276,26.4,93.0,8.604,Philo T. Farnsworth Elementary powered by UTOPIA Fiber,40.691936,-111.99147,2022-07-26 15:20:00
1658849400,6276,24.8,94.4,8.258,Philo T. Farnsworth Elementary powered by UTOPIA Fiber,40.691936,-111.99147,2022-07-26 15:30:00
1658850000,6276,23.4,96.2,8.358,Philo T. Farnsworth Elementary powered by UTOPIA Fiber,40.691936,-111.99147,2022-07-26 15:40:00
1658850600,6276,21.0,98.0,8.326,Philo T. Farnsworth Elementary powered by UTOPIA Fiber,40.691936,-111.99147,2022-07-26 15:50:00
1658851200,6276,23.6,99.2,8.394,Philo T. Farnsworth Elementary powered by UTOPIA Fiber,40.691936,-111.99147,2022-07-26 16:00:00
1658851800,6276,21.2,100.4,8.644,Philo T. Farnsworth Elementary powered by UTOPIA Fiber,40.691936,-111.99147,2022-07-26 16:10:00
1658852400,6276,20.4,101.6,8.372,Philo T. Farnsworth Elementary powered by UTOPIA Fiber,40.691936,-111.99147,2022-07-26 16:20:00
1658853000,6276,17.6,102.8,8.636,Philo T. Farnsworth Elementary powered by UTOPIA Fiber,40.691936,-111.99147,2022-07-26 16:30:00
1658853600,6276,17.8,104.0,8.51,Philo T. Farnsworth Elementary powered by UTOPIA Fiber,40.691936,-111.99147,2022-07-26 16:40:00
1658854200,6276,15.8,105.2,8.33,Philo T. Farnsworth Elementary powered by UTOPIA Fiber,40.691936,-111.99147,2022-07-26 16:50:00
1658854800,6276,15.6,106.0,7.85,Philo T. Farnsworth Elementary powered by UTOPIA Fiber,40.691936,-111.99147,2022-07-26 17:00:00
1658855400,6276,13.8,107.6,7.66,Philo T. Farnsworth Elementary powered by UTOPIA Fiber,40.691936,-111.99147,2022-07-26 17:10:00
1658856000,6276,13.8,108.4,8.03,Philo T. Farnsworth Elementary powered by UTOPIA Fiber,40.691936,-111.99147,2022-07-26 17:20:00
1658856600,6276,15.4,108.6,8.086,Philo T. Farnsworth Elementary powered by UTOPIA Fiber,40.691936,-111.99147,2022-07-26 17:30:00
1658857200,6276,14.2,108.2,7.926,Philo T. Farnsworth Elementary powered by UTOPIA Fiber,40.691936,-111.99147,2022-07-26 17:40:00
1658857800,6276,13.0,110.0,8.256,Philo T. Farnsworth Elementary powered by UTOPIA Fiber,40.691936,-111.99147,2022-07-26 17:50:00
1658858400,6276,14.2,110.8,7.816,Philo T. Farnsworth Elementary powered by UTOPIA Fiber,40.691936,-111.99147,2022-07-26 18:00:00
1658859000,6276,12.6,112.0,7.658,Philo T. Farnsworth Elementary powered by UTOPIA Fiber,40.691936,-111.99147,2022-07-26 18:10:00
1658859600,6276,12.2,113.0,7.842,Philo T. Farnsworth Elementary powered by UTOPIA Fiber,40.691936,-111.99147,2022-07-26 18:20:00
1658860200,6276,13.0,113.0,8.09,Philo T. Farnsworth Elementary powered by UTOPIA Fiber,40.691936,-111.99147,2022-07-26 18:30:00
1658860800,6276,13.2,113.4,8.464,Philo T. Farnsworth Elementary powered by UTOPIA Fiber,40.691936,-111.99147,2022-07-26 18:40:00
1658861400,6276,11.8,114.2,8.162,Philo T. Farnsworth Elementary powered by UTOPIA Fiber,40.691936,-111.99147,2022-07-26 18:50:00
1658862000,6276,12.6,115.0,8.172,Philo T. Farnsworth Elementary powered by UTOPIA Fiber,40.691936,-111.99147,2022-07-26 19:00:00
1658862600,6276,11.6,115.6,8.242,Philo T. Farnsworth Elementary powered by UTOPIA Fiber,40.691936,-111.99147,2022-07-26 19:10:00
1658863200,6276,11.8,115.8,7.816,Philo T. Farnsworth Elementary powered by UTOPIA Fiber,40.691936,-111.99147,2022-07-26 19:20:00
1658863800,6276,11.2,116.6,7.706,Philo T. Farnsworth Elementary powered by UTOPIA Fiber,40.691936,-111.99147,2022-07-26 19:30:00
1658864400,6276,10.8,117.2,7.7,Philo T. Farnsworth Elementary powered by UTOPIA Fiber,40.691936,-111.99147,2022-07-26 19:40:00
1658865000,6276,11.0,117.4,7.042,Philo T. Farnsworth Elementary powered by UTOPIA Fiber,40.691936,-111.99147,2022-07-26 19:50:00
1658865600,6276,10.8,117.6,6.58,Philo T. Farnsworth Elementary powered by UTOPIA Fiber,40.691936,-111.99147,2022-07-26 20:00:00
1658866200,6276,9.6,116.4,6.594,Philo T. Farnsworth Elementary powered by UTOPIA Fiber,40.691936,-111.99147,2022-07-26 20:10:00
1658866800,6276,9.6,116.4,6.306,Philo T. Farnsworth Elementary powered by UTOPIA Fiber,40.691936,-111.99147,2022-07-26 20:20:00
1658867400,6276,9.8,117.4,5.156,Philo T. Farnsworth Elementary powered by UTOPIA Fiber,40.691936,-111.99147,2022-07-26 20:30:00
1658868000,6276,7.6,118.0,3.974,Philo T. Farnsworth Elementary powered by UTOPIA Fiber,40.691936,-111.99147,2022-07-26 20:40:00
1658868600,6276,7.0,118.0,3.518,Philo T. Farnsworth Elementary powered by UTOPIA Fiber,40.691936,-111.99147,2022-07-26 20:50:00
1658869200,6276,5.8,118.0,3.412,Philo T. Farnsworth Elementary powered by UTOPIA Fiber,40.691936,-111.99147,2022-07-26 21:00:00
1658869800,6276,6.0,117.8,3.516,Philo T. Farnsworth Elementary powered by UTOPIA Fiber,40.691936,-111.99147,2022-07-26 21:10:00
1658870400,6276,6.0,118.0,3.388,Philo T. Farnsworth Elementary powered by UTOPIA Fiber,40.691936,-111.99147,2022-07-26 21:20:00
1658871000,6276,5.6,117.0,3.348,Philo T. Farnsworth Elementary powered by UTOPIA Fiber,40.691936,-111.99147,2022-07-26 21:30:00
1658871600,6276,6.0,116.8,3.58,Philo T. Farnsworth Elementary powered by UTOPIA Fiber,40.691936,-111.99147,2022-07-26 21:40:00
1658872200,6276,5.6,116.0,3.766,Philo T. Farnsworth Elementary powered by UTOPIA Fiber,40.691936,-111.99147,2022-07-26 21:50:00
1658872800,6276,5.2,116.2,3.342,Philo T. Farnsworth Elementary powered by UTOPIA Fiber,40.691936,-111.99147,2022-07-26 22:00:00
1658873400,6276,5.8,116.0,2.526,Philo T. Farnsworth Elementary powered by UTOPIA Fiber,40.691936,-111.99147,2022-07-26 22:10:00
1658874000,6276,5.8,115.0,2.754,Philo T. Farnsworth Elementary powered by UTOPIA Fiber,40.691936,-111.99147,2022-07-26 22:20:00
1658874600,6276,6.6,115.0,3.738,Philo T. Farnsworth Elementary powered by UTOPIA Fiber,40.691936,-111.99147,2022-07-26 22:30:00
1658875200,6276,7.2,114.8,3.102,Philo T. Farnsworth Elementary powered by UTOPIA Fiber,40.691936,-111.99147,2022-07-26 22:40:00
1658875800,6276,7.2,113.0,2.946,Philo T. Farnsworth Elementary powered by UTOPIA Fiber,40.691936,-111.99147,2022-07-26 22:50:00
1658876400,6276,7.8,112.4,2.39,Philo T. Farnsworth Elementary powered by UTOPIA Fiber,40.691936,-111.99147,2022-07-26 23:00:00
1658877000,6276,7.2,111.4,2.128,Philo T. Farnsworth Elementary powered by UTOPIA Fiber,40.691936,-111.99147,2022-07-26 23:10:00
1658877600,6276,7.0,110.0,1.772,Philo T. Farnsworth Elementary powered by UTOPIA Fiber,40.691936,-111.99147,2022-07-26 23:20:00
1658878200,6276,6.0,108.8,1.57,Philo T. Farnsworth Elementary powered by UTOPIA Fiber,40.691936,-111.99147,2022-07-26 23:30:00
1658878800,6276,7.0,107.4,1.098,Philo T. Farnsworth Elementary powered by UTOPIA Fiber,40.691936,-111.99147,2022-07-26 23:40:00
1658879400,6276,5.8,106.4,1.33,Philo T. Farnsworth Elementary powered by UTOPIA Fiber,40.691936,-111.99147,2022-07-26 23:50:00
