time_stamp,sensor_index,humidity,temperature,pm2.5,sensor_name,latitude,longitude,datetime
1660953600,6276,31.6,87.2,2.112,Philo T. Farnsworth Elementary powered by UTOPIA Fiber,40.691936,-111.99147,2022-08-20 00:00:00
1660954200,6276,31.8,87.0,2.33,Philo T. Farnsworth Elementary powered by UTOPIA Fiber,40.691936,-111.99147,2022-08-20 00:10:00
1660954800,6276,32.6,86.2,1.67,Philo T. Farnsworth Elementary powered by UTOPIA Fiber,40.691936,-111.99147,2022-08-20 00:20:00
1660955400,6276,32.8,86.0,1.714,Philo T. Farnsworth Elementary powered by UTOPIA Fiber,40.691936,-111.99147,2022-08-20 00:30:00
1660956000,6276,33.8,85.6,2.28,Philo T. Farnsworth Elementary powered by UTOPIA Fiber,40.691936,-111.99147,2022-08-20 00:40:00
1660956600,6276,35.0,85.0,2.842,Philo T. Farnsworth Elementary powered by UTOPIA Fiber,40.691936,-111.99147,2022-08-20 00:50:00
1660957200,6276,34.8,84.6,2.852,Philo T. Farnsworth Elementary powered by UTOPIA Fiber,40.691936,-111.99147,2022-08-20 01:00:00
1660957800,6276,36.2,84.0,3.088,Philo T. Farnsworth Elementary powered by UTOPIA Fiber,40.691936,-111.99147,2022-08-20 01:10:00
1660958400,6276,35.6,83.0,3.224,Philo T. Farnsworth Elementary powered by UTOPIA Fiber,40.691936,-111.99147,2022-08-20 01:20:00
1660959000,6276,34.8,83.0,3.64,Philo T. Farnsworth Elementary powered by UTOPIA Fiber,40.691936,-111.99147,2022-08-20 01:30:00
1660959600,6276,34.2,82.0,4.078,Philo T. Farnsworth Elementary powered by UTOPIA Fiber,40.691936,-111.99147,2022-08-20 01:40:00
1660960200,6276,35.0,82.0,4.024,Philo T. Farnsworth Elementary powered by UTOPIA Fiber,40.691936,-111.99147,2022-08-20 01:50:00
1660960800,6276,34.4,81.8,4.274,Philo T. Farnsworth Elementary powered by UTOPIA Fiber,40.691936,-111.99147,2022-08-20 02:00:00
1660961400,6276,36.2,81.0,3.584,Philo T. Farnsworth Elementary powered by UTOPIA Fiber,40.691936,-111.99147,2022-08-20 02:10:00
1660962000,6276,36.4,81.0,3.788,Philo T. Farnsworth Elementary powered by UTOPIA Fiber,40.691936,-111.99147,2022-08-20 02:20:00
1660962600,6276,37.8,80.0,4.364,Philo T. Farnsworth Elementary powered by UTOPIA Fiber,40.691936,-111.99147,2022-08-20 02:30:00
1660963200,6276,38.4,80.0,5.048,Philo T. Farnsworth Elementary powered by UTOPIA Fiber,40.691936,-111.99147,2022-08-20 02:40:00
1660963800,6276,39.2,79.0,5.762,Philo T. Farnsworth Elementary powered by UTOPIA Fiber,40.691936,-111.99147,2022-08-20 02:50:00
1660964400,6276,39.4,79.0,5.258,Philo T. Farnsworth Elementary powered by UTOPIA Fiber,40.691936,-111.99147,2022-08-20 03:00:00
1660965000,6276,40.0,79.0,5.44,Philo T. Farnsworth Elementary powered by UTOPIA Fiber,40.691936,-111.99147,2022-08-20 03:10:00
1660965600,6276,41.0,79.0,5.502,Philo T. Farnsworth Elementary powered by UTOPIA Fiber,40.691936,-111.99147,2022-08-20 03:20:00
1660966200,6276,42.0,78.4,5.884,Philo T. Farnsworth Elementary powered by UTOPIA Fiber,40.691936,-111.99147,2022-08-20 03:30:00
1660966800,6276,40.8,78.4,5.694,Philo T. Farnsworth Elementary powered by UTOPIA Fiber,40.691936,-111.99147,2022-08-20 03:40:00
1660967400,6276,43.8,78.2,6.014,Philo T. Farnsworth Elementary powered by UTOPIA Fiber,40.691936,-111.99147,2022-08-20 03:50:00
1660968000,6276,48.8,76.8,6.246,Philo T. Farnsworth Elementary powered by UTOPIA Fiber,40.691936,-111.99147,2022-08-20 04:00:00
1660968600,6276,55.2,75.2,7.202,Philo T. Farnsworth Elementary powered by UTOPIA Fiber,40.691936,-111.99147,2022-08-20 04:10:00
1660969200,6276,66.8,74.0,8.036,Philo T. Farnsworth Elementary powered by UTOPIA Fiber,40.691936,-111.99147,2022-08-20 04:20:00
1660969800,6276,57.4,73.2,8.562,Philo T. Farnsworth Elementary powered by UTOPIA Fiber,40.691936,-111.99147,2022-08-20 04:30:00
1660970400,6276,58.2,72.8,8.182,Philo T. Farnsworth Elementary powered by UTOPIA Fiber,40.691936,-111.99147,2022-08-20 04:40:00
1660971000,6276,58.4,72.2,7.906,Philo T. Farnsworth Elementary powered by UTOPIA Fiber,40.691936,-111.99147,2022-08-20 04:50:00
1660971600,6276,58.8,72.0,7.678,Philo T. Farnsworth Elementary powered by UTOPIA Fiber,40.691936,-111.99147,2022-08-20 05:00:00
1660972200,6276,56.2,72.6,8.354,Philo T. Farnsworth Elementary powered by UTOPIA Fiber,40.691936,-111.99147,2022-08-20 05:10:00
1660972800,6276,53.8,73.0,9.142,Philo T. Farnsworth Elementary powered by UTOPIA Fiber,40.691936,-111.99147,2022-08-20 05:20:00
1660973400,6276,52.8,73.0,8.706,Philo T. Farnsworth Elementary powered by UTOPIA Fiber,40.691936,-111.99147,2022-08-20 05:30:00
1660974000,6276,52.0,73.6,9.396,Philo T. Farnsworth Elementary powered by UTOPIA Fiber,40.691936,-111.99147,2022-08-20 05:40:00
1660974600,6276,51.2,74.0,7.924,Philo T. Farnsworth Elementary powered by UTOPIA Fiber,40.691936,-111.99147,2022-08-20 05:50:00
1660975200,6276,51.0,74.0,7.862,Philo T. Farnsworth Elementary powered by UTOPIA Fiber,40.691936,-111.99147,2022-08-20 06:00:00
1660975800,6276,49.6,74.2,7.526,Philo T. Farnsworth Elementary powered by UTOPIA Fiber,40.691936,-111.99147,2022-08-20 06:10:00
1660976400,6276,47.8,75.0,6.888,Philo T. Farnsworth Elementary powered by UTOPIA Fiber,40.691936,-111.99147,2022-08-20 06:20:00
1660977000,6276,46.6,75.8,7.436,Philo T. Farnsworth Elementary powered by UTOPIA Fiber,40.691936,-111.99147,2022-08-20 06:30:00
1660977600,6276,47.2,76.0,6.952,Philo T. Farnsworth Elementary powered by UTOPIA Fiber,40.691936,-111.99147,2022-08-20 06:40:00
1660978200,6276,49.2,76.0,5.642,Philo T. Farnsworth Elementary powered by UTOPIA Fiber,40.691936,-111.99147,2022-08-20 06:50:00
1660978800,6276,50.0,76.0,5.366,Philo T. Farnsworth Elementary powered by UTOPIA Fiber,40.691936,-111.99147,2022-08-20 07:00:00
1660979400,6276,49.2,76.0,4.946,Philo T. Farnsworth Elementary powered by UTOPIA Fiber,40.691936,-111.99147,2022-08-20 07:10:00
1660980000,6276,48.4,76.0,5.494,Philo T. Farnsworth Elementary powered by UTOPIA Fiber,40.691936,-111.99147,2022-08-20 07:20:00
1660980600,6276,47.0,76.0,6.25,Philo T. Farnsworth Elementary powered by UTOPIA Fiber,40.691936,-111.99147,2022-08-20 07:30:00
1660981200,6276,47.4,76.0,6.502,Philo T. Farnsworth Elementary powered by UTOPIA Fiber,40.691936,-111.99147,2022-08-20 07:40:00
1660981800,6276,46.4,76.0,7.108,Philo T. Farnsworth Elementary powered by UTOPIA Fiber,40.691936,-111.99147,2022-08-20 07:50:00
1660982400,6276,46.4,76.0,7.034,Philo T. Farnsworth Elementary powered by UTOPIA Fiber,40.691936,-111.99147,2022-08-20 08:00:00
1660983000,6276,45.2,76.0,6.828,Philo T. Farnsworth Elementary powered by UTOPIA Fiber,40.691936,-111.99147,2022-08-20 08:10:00
1660983600,6276,44.2,76.0,6.428,Philo T. Farnsworth Elementary powered by UTOPIA Fiber,40.691936,-111.99147,2022-08-20 08:20:00
1660984200,6276,45.0,76.0,6.468,Philo T. Farnsworth Elementary powered by UTOPIA Fiber,40.691936,-111.99147,2022-08-20 08:30:00
1660984800,6276,43.6,76.0,5.538,Philo T. Farnsworth Elementary powered by UTOPIA Fiber,40.691936,-111.99147,2022-08-20 08:40:00
1660985400,6276,43.2,76.0,4.816,Philo T. Farnsworth Elementary powered by UTOPIA Fiber,40.691936,-111.99147,2022-08-20 08:50:00
1660986000,6276,43.0,76.0,4.218,Philo T. Farnsworth Elementary powered by UTOPIA Fiber,40.691936,-111.99147,2022-08-20 09:00:00
1660986600,6276,42.8,76.0,2.938,Philo T. Farnsworth Elementary powered by UTOPIA Fiber,40.691936,-111.99147,2022-08-20 09:10:00
1660987200,6276,43.4,76.0,3.89,Philo T. Farnsworth Elementary powered by UTOPIA Fiber,40.691936,-111.99147,2022-08-20 09:20:00
1660987800,6276,43.8,76.0,4.448,Philo T. Farnsworth Elementary powered by UTOPIA Fiber,40.691936,-111.99147,2022-08-20 09:30:00
1660988400,6276,43.8,76.0,4.572,Philo T. Farnsworth Elementary powered by UTOPIA Fiber,40.691936,-111.99147,2022-08-20 09:40:00
1660989000,6276,44.8,75.2,4.78,Philo T. Farnsworth Elementary powered by UTOPIA Fiber,40.691936,-111.99147,2022-08-20 09:50:00
1660989600,6276,45.2,74.8,4.934,Philo T. Farnsworth Elementary powered by UTOPIA Fiber,40.691936,-111.99147,2022-08-20 10:00:00
1660990200,6276,46.2,74.0,5.088,Philo T. Farnsworth Elementary powered by UTOPIA Fiber,40.691936,-111.99147,2022-08-20 10:10:00
1660990800,6276,47.2,74.0,4.964,Philo T. Farnsworth Elementary powered by UTOPIA Fiber,40.691936,-111.99147,2022-08-20 10:20:00
1660991400,6276,47.4,74.0,4.986,Philo T. Farnsworth Elementary powered by UTOPIA Fiber,40.691936,-111.99147,2022-08-20 10:30:00
1660992000,6276,47.0,73.8,5.468,Philo T. Farnsworth Elementary powered by UTOPIA Fiber,40.691936,-111.99147,2022-08-20 10:40:00
1660992600,6276,47.0,74.0,5.792,Philo T. Farnsworth Elementary powered by UTOPIA Fiber,40.691936,-111.99147,2022-08-20 10:50:00
1660993200,6276,47.0,74.0,5.77,Philo T. Farnsworth Elementary powered by UTOPIA Fiber,40.691936,-111.99147,2022-08-20 11:00:00
1660993800,6276,47.0,74.0,5.666,Philo T. Farnsworth Elementary powered by UTOPIA Fiber,40.691936,-111.99147,2022-08-20 11:10:00
1660994400,6276,45.8,74.0,5.0,Philo T. Farnsworth Elementary powered by UTOPIA Fiber,40.691936,-111.99147,2022-08-20 11:20:00
1660995000,6276,44.6,74.0,5.426,Philo T. Farnsworth Elementary powered by UTOPIA Fiber,40.691936,-111.99147,2022-08-20 11:30:00
1660995600,6276,43.8,74.0,5.058,Philo T. Farnsworth Elementary powered by UTOPIA Fiber,40.691936,-111.99147,2022-08-20 11:40:00
1660996200,6276,43.6,74.0,5.024,Philo T. Farnsworth Elementary powered by UTOPIA Fiber,40.691936,-111.99147,2022-08-20 11:50:00
1660996800,6276,44.4,73.8,5.458,Philo T. Farnsworth Elementary powered by UTOPIA Fiber,40.691936,-111.99147,2022-08-20 12:00:00
1660997400,6276,45.0,73.0,5.62,Philo T. Farnsworth Elementary powered by UTOPIA Fiber,40.691936,-111.99147,2022-08-20 12:10:00
1660998000,6276,44.2,73.4,5.564,Philo T. Farnsworth Elementary powered by UTOPIA Fiber,40.691936,-111.99147,2022-08-20 12:20:00
1660998600,6276,44.0,73.4,5.518,Philo T. Farnsworth Elementary powered by UTOPIA Fiber,40.691936,-111.99147,2022-08-20 12:30:00
1660999200,6276,44.2,73.0,5.424,Philo T. Farnsworth Elementary powered by UTOPIA Fiber,40.691936,-111.99147,2022-08-20 12:40:00
1660999800,6276,43.6,73.0,4.992,Philo T. Farnsworth Elementary powered by UTOPIA Fiber,40.691936,-111.99147,2022-08-20 12:50:00
1661000400,6276,43.6,73.0,5.016,Philo T. Farnsworth Elementary powered by UTOPIA Fiber,40.691936,-111.99147,2022-08-20 13:00:00
1661001000,6276,43.8,73.0,5.244,Philo T. Farnsworth Elementary powered by UTOPIA Fiber,40.691936,-111.99147,2022-08-20 13:10:00
1661001600,6276,43.4,73.0,4.674,Philo T. Farnsworth Elementary powered by UTOPIA Fiber,40.691936,-111.99147,2022-08-20 13:20:00
1661002200,6276,42.8,73.4,4.758,Philo T. Farnsworth Elementary powered by UTOPIA Fiber,40.691936,-111.99147,2022-08-20 13:30:00
1661002800,6276,43.2,74.0,4.782,Philo T. Farnsworth Elementary powered by UTOPIA Fiber,40.691936,-111.99147,2022-08-20 13:40:00
1661003400,6276,42.6,74.8,4.804,Philo T. Farnsworth Elementary powered by UTOPIA Fiber,40.691936,-111.99147,2022-08-20 13:50:00
1661004000,6276,42.0,75.2,9.074,Philo T. Farnsworth Elementary powered by UTOPIA Fiber,40.691936,-111.99147,2022-08-20 14:00:00
1661004600,6276,41.2,76.6,5.048,Philo T. Farnsworth Elementary powered by UTOPIA Fiber,40.691936,-111.99147,2022-08-20 14:10:00
1661005200,6276,39.2,78.2,4.714,Philo T. Farnsworth Elementary powered by UTOPIA Fiber,40.691936,-111.99147,2022-08-20 14:20:00
1661005800,6276,37.8,79.0,4.686,Philo T. Farnsworth Elementary powered by UTOPIA Fiber,40.691936,-111.99147,2022-08-20 14:30:00
1661006400,6276,37.2,79.0,4.618,Philo T. Farnsworth Elementary powered by UTOPIA Fiber,40.691936,-111.99147,2022-08-20 14:40:00
1661007000,6276,37.2,79.2,4.896,Philo T. Farnsworth Elementary powered by UTOPIA Fiber,40.691936,-111.99147,2022-08-20 14:50:00
1661007600,6276,38.2,80.0,4.944,Philo T. Farnsworth Elementary powered by UTOPIA Fiber,40.691936,-111.99147,2022-08-20 15:00:00
1661008200,6276,39.4,80.8,4.972,Philo T. Farnsworth Elementary powered by UTOPIA Fiber,40.691936,-111.99147,2022-08-20 15:10:00
1661008800,6276,37.2,83.4,4.854,Philo T. Farnsworth Elementary powered by UTOPIA Fiber,40.691936,-111.99147,2022-08-20 15:20:00
1661009400,6276,35.6,83.8,5.144,Philo T. Farnsworth Elementary powered by UTOPIA Fiber,40.691936,-111.99147,2022-08-20 15:30:00
1661010000,6276,35.6,82.8,5.546,Philo T. Farnsworth Elementary powered by UTOPIA Fiber,40.691936,-111.99147,2022-08-20 15:40:00
1661010600,6276,34.8,82.4,3.594,Philo T. Farnsworth Elementary powered by UTOPIA Fiber,40.691936,-111.99147,2022-08-20 15:50:00
1661011200,6276,35.6,81.0,3.276,Philo T. Farnsworth Elementary powered by UTOPIA Fiber,40.691936,-111.99147,2022-08-20 16:00:00
1661011800,6276,36.4,79.4,2.954,Philo T. Farnsworth Elementary powered by UTOPIA Fiber,40.691936,-111.99147,2022-08-20 16:10:00
1661012400,6276,37.8,78.4,2.53,Philo T. Farnsworth Elementary powered by UTOPIA Fiber,40.691936,-111.99147,2022-08-20 16:20:00
1661013000,6276,40.2,77.4,2.438,Philo T. Farnsworth Elementary powered by UTOPIA Fiber,40.691936,-111.99147,2022-08-20 16:30:00
1661013600,6276,41.4,76.4,2.716,Philo T. Farnsworth Elementary powered by UTOPIA Fiber,40.691936,-111.99147,2022-08-20 16:40:00
1661014200,6276,42.4,76.0,3.218,Philo T. Farnsworth Elementary powered by UTOPIA Fiber,40.691936,-111.99147,2022-08-20 16:50:00
1661014800,6276,45.8,75.8,3.218,Philo T. Farnsworth Elementary powered by UTOPIA Fiber,40.691936,-111.99147,2022-08-20 17:00:00
1661015400,6276,53.6,74.0,3.678,Philo T. Farnsworth Elementary powered by UTOPIA Fiber,40.691936,-111.99147,2022-08-20 17:10:00
1661016000,6276,57.2,73.0,3.66,Philo T. Farnsworth Elementary powered by UTOPIA Fiber,40.691936,-111.99147,2022-08-20 17:20:00
1661016600,6276,58.0,73.0,4.122,Philo T. Farnsworth Elementary powered by UTOPIA Fiber,40.691936,-111.99147,2022-08-20 17:30:00
1661017200,6276,58.4,73.0,4.334,Philo T. Farnsworth Elementary powered by UTOPIA Fiber,40.691936,-111.99147,2022-08-20 17:40:00
1661017800,6276,57.8,73.2,4.622,Philo T. Farnsworth Elementary powered by UTOPIA Fiber,40.691936,-111.99147,2022-08-20 17:50:00
1661018400,6276,57.0,74.4,4.126,Philo T. Farnsworth Elementary powered by UTOPIA Fiber,40.691936,-111.99147,2022-08-20 18:00:00
1661019000,6276,53.8,75.8,3.746,Philo T. Farnsworth Elementary powered by UTOPIA Fiber,40.691936,-111.99147,2022-08-20 18:10:00
1661019600,6276,49.6,78.4,3.68,Philo T. Farnsworth Elementary powered by UTOPIA Fiber,40.691936,-111.99147,2022-08-20 18:20:00
1661020200,6276,41.6,82.8,2.892,Philo T. Farnsworth Elementary powered by UTOPIA Fiber,40.691936,-111.99147,2022-08-20 18:30:00
1661020800,6276,39.8,83.4,2.53,Philo T. Farnsworth Elementary powered by UTOPIA Fiber,40.691936,-111.99147,2022-08-20 18:40:00
1661021400,6276,38.8,82.6,2.422,Philo T. Farnsworth Elementary powered by UTOPIA Fiber,40.691936,-111.99147,2022-08-20 18:50:00
1661022000,6276,39.0,82.0,2.192,Philo T. Farnsworth Elementary powered by UTOPIA Fiber,40.691936,-111.99147,2022-08-20 19:00:00
1661022600,6276,38.4,82.0,2.156,Philo T. Farnsworth Elementary powered by UTOPIA Fiber,40.691936,-111.99147,2022-08-20 19:10:00
1661023200,6276,39.0,81.8,2.28,Philo T. Farnsworth Elementary powered by UTOPIA Fiber,40.691936,-111.99147,2022-08-20 19:20:00
1661023800,6276,39.0,81.6,2.456,Philo T. Farnsworth Elementary powered by UTOPIA Fiber,40.691936,-111.99147,2022-08-20 19:30:00
1661024400,6276,38.2,81.0,2.098,Philo T. Farnsworth Elementary powered by UTOPIA Fiber,40.691936,-111.99147,2022-08-20 19:40:00
1661025000,6276,38.4,80.6,2.584,Philo T. Farnsworth Elementary powered by UTOPIA Fiber,40.691936,-111.99147,2022-08-20 19:50:00
1661025600,6276,38.4,79.6,2.76,Philo T. Farnsworth Elementary powered by UTOPIA Fiber,40.691936,-111.99147,2022-08-20 20:00:00
1661026200,6276,39.4,79.2,2.68,Philo T. Farnsworth Elementary powered by UTOPIA Fiber,40.691936,-111.99147,2022-08-20 20:10:00
1661026800,6276,41.4,78.2,2.754,Philo T. Farnsworth Elementary powered by UTOPIA Fiber,40.691936,-111.99147,2022-08-20 20:20:00
1661027400,6276,42.0,77.6,2.982,Philo T. Farnsworth Elementary powered by UTOPIA Fiber,40.691936,-111.99147,2022-08-20 20:30:00
1661028000,6276,42.8,76.8,2.278,Philo T. Farnsworth Elementary powered by UTOPIA Fiber,40.691936,-111.99147,2022-08-20 20:40:00
1661028600,6276,42.8,76.0,2.472,Philo T. Farnsworth Elementary powered by UTOPIA Fiber,40.691936,-111.99147,2022-08-20 20:50:00
1661029200,6276,43.0,76.0,2.31,Philo T. Farnsworth Elementary powered by UTOPIA Fiber,40.691936,-111.99147,2022-08-20 21:00:00
1661029800,6276,43.0,76.0,2.41,Philo T. Farnsworth Elementary powered by UTOPIA Fiber,40.691936,-111.99147,2022-08-20 21:10:00
1661030400,6276,42.0,76.6,2.562,Philo T. Farnsworth Elementary powered by UTOPIA Fiber,40.691936,-111.99147,2022-08-20 21:20:00
1661031000,6276,40.6,77.0,2.128,Philo T. Farnsworth Elementary powered by UTOPIA Fiber,40.691936,-111.99147,2022-08-20 21:30:00
1661031600,6276,40.0,78.0,2.494,Philo T. Farnsworth Elementary powered by UTOPIA Fiber,40.691936,-111.99147,2022-08-20 21:40:00
1661032200,6276,39.2,78.6,2.292,Philo T. Farnsworth Elementary powered by UTOPIA Fiber,40.691936,-111.99147,2022-08-20 21:50:00
1661032800,6276,38.6,79.4,2.038,Philo T. Farnsworth Elementary powered by UTOPIA Fiber,40.691936,-111.99147,2022-08-20 22:00:00
1661033400,6276,37.4,80.2,1.858,Philo T. Farnsworth Elementary powered by UTOPIA Fiber,40.691936,-111.99147,2022-08-20 22:10:00
1661034000,6276,35.6,81.4,1.442,Philo T. Farnsworth Elementary powered by UTOPIA Fiber,40.691936,-111.99147,2022-08-20 22:20:00
1661034600,6276,34.0,83.2,1.68,Philo T. Farnsworth Elementary powered by UTOPIA Fiber,40.691936,-111.99147,2022-08-20 22:30:00
1661035200,6276,32.4,84.6,1.652,Philo T. Farnsworth Elementary powered by UTOPIA Fiber,40.691936,-111.99147,2022-08-20 22:40:00
1661035800,6276,31.0,86.4,0.982,Philo T. Farnsworth Elementary powered by UTOPIA Fiber,40.691936,-111.99147,2022-08-20 22:50:00
1661036400,6276,29.2,87.6,0.848,Philo T. Farnsworth Elementary powered by UTOPIA Fiber,40.691936,-111.99147,2022-08-20 23:00:00
1661037000,6276,28.8,89.0,1.042,Philo T. Farnsworth Elementary powered by UTOPIA Fiber,40.691936,-111.99147,2022-08-20 23:10:00
1661037600,6276,27.2,88.6,1.218,Philo T. Farnsworth Elementary powered by UTOPIA Fiber,40.691936,-111.99147,2022-08-20 23:20:00
1661038200,6276,28.6,87.4,1.27,Philo T. Farnsworth Elementary powered by UTOPIA Fiber,40.691936,-111.99147,2022-08-20 23:30:00
1661038800,6276,28.4,86.4,0.97,Philo T. Farnsworth Elementary powered by UTOPIA Fiber,40.691936,-111.99147,2022-08-20 23:40:00
1661039400,6276,29.0,85.4,1.164,Philo T. Farnsworth Elementary powered by UTOPIA Fiber,40.691936,-111.99147,2022-08-20 23:50:00
1661040000,6276,30.0,84.6,1.428,Philo T. Farnsworth Elementary powered by UTOPIA Fiber,40.691936,-111.99147,2022-08-21 00:00:00
1661040600,6276,31.4,83.6,2.262,Philo T. Farnsworth Elementary powered by UTOPIA Fiber,40.691936,-111.99147,2022-08-21 00:10:00
1661041200,6276,32.4,83.0,2.26,Philo T. Farnsworth Elementary powered by UTOPIA Fiber,40.691936,-111.99147,2022-08-21 00:20:00
1661041800,6276,32.2,83.0,2.08,Philo T. Farnsworth Elementary powered by UTOPIA Fiber,40.691936,-111.99147,2022-08-21 00:30:00
1661042400,6276,32.2,83.2,1.722,Philo T. Farnsworth Elementary powered by UTOPIA Fiber,40.691936,-111.99147,2022-08-21 00:40:00
1661043000,6276,31.0,84.0,1.51,Philo T. Farnsworth Elementary powered by UTOPIA Fiber,40.691936,-111.99147,2022-08-21 00:50:00
1661043600,6276,29.2,84.0,0.696,Philo T. Farnsworth Elementary powered by UTOPIA Fiber,40.691936,-111.99147,2022-08-21 01:00:00
1661044200,6276,28.0,83.2,0.378,Philo T. Farnsworth Elementary powered by UTOPIA Fiber,40.691936,-111.99147,2022-08-21 01:10:00
1661044800,6276,28.8,83.0,0.954,Philo T. Farnsworth Elementary powered by UTOPIA Fiber,40.691936,-111.99147,2022-08-21 01:20:00
1661045400,6276,29.4,83.0,1.346,Philo T. Farnsworth Elementary powered by UTOPIA Fiber,40.691936,-111.99147,2022-08-21 01:30:00
1661046000,6276,30.0,82.4,1.25,Philo T. Farnsworth Elementary powered by UTOPIA Fiber,40.691936,-111.99147,2022-08-21 01:40:00
1661046600,6276,30.8,81.6,1.302,Philo T. Farnsworth Elementary powered by UTOPIA Fiber,40.691936,-111.99147,2022-08-21 01:50:00
1661047200,6276,32.0,81.0,1.626,Philo T. Farnsworth Elementary powered by UTOPIA Fiber,40.691936,-111.99147,2022-08-21 02:00:00
1661047800,6276,32.0,80.6,2.322,Philo T. Farnsworth Elementary powered by UTOPIA Fiber,40.691936,-111.99147,2022-08-21 02:10:00
1661048400,6276,32.6,80.0,2.354,Philo T. Farnsworth Elementary powered by UTOPIA Fiber,40.691936,-111.99147,2022-08-21 02:20:00
1661049000,6276,33.0,79.4,2.232,Philo T. Farnsworth Elementary powered by UTOPIA Fiber,40.691936,-111.99147,2022-08-21 02:30:00
1661049600,6276,33.2,79.0,3.778,Philo T. Farnsworth Elementary powered by UTOPIA Fiber,40.691936,-111.99147,2022-08-21 02:40:00
1661050200,6276,34.0,78.2,3.666,Philo T. Farnsworth Elementary powered by UTOPIA Fiber,40.691936,-111.99147,2022-08-21 02:50:00
1661050800,6276,35.0,78.0,2.534,Philo T. Farnsworth Elementary powered by UTOPIA Fiber,40.691936,-111.99147,2022-08-21 03:00:00
1661051400,6276,35.0,78.0,15.64,Philo T. Farnsworth Elementary powered by UTOPIA Fiber,40.691936,-111.99147,2022-08-21 03:10:00
1661052000,6276,35.0,77.6,24.078,Philo T. Farnsworth Elementary powered by UTOPIA Fiber,40.691936,-111.99147,2022-08-21 03:20:00
1661052600,6276,35.6,77.0,15.08,Philo T. Farnsworth Elementary powered by UTOPIA Fiber,40.691936,-111.99147,2022-08-21 03:30:00
1661053200,6276,36.6,76.8,4.754,Philo T. Farnsworth Elementary powered by UTOPIA Fiber,40.691936,-111.99147,2022-08-21 03:40:00
1661053800,6276,37.8,76.0,4.81,Philo T. Farnsworth Elementary powered by UTOPIA Fiber,40.691936,-111.99147,2022-08-21 03:50:00
1661054400,6276,38.0,75.8,4.148,Philo T. Farnsworth Elementary powered by UTOPIA Fiber,40.691936,-111.99147,2022-08-21 04:00:00
1661055000,6276,38.6,75.0,3.984,Philo T. Farnsworth Elementary powered by UTOPIA Fiber,40.691936,-111.99147,2022-08-21 04:10:00
1661055600,6276,39.0,75.0,4.426,Philo T. Farnsworth Elementary powered by UTOPIA Fiber,40.691936,-111.99147,2022-08-21 04:20:00
1661056200,6276,39.0,75.0,4.392,Philo T. Farnsworth Elementary powered by UTOPIA Fiber,40.691936,-111.99147,2022-08-21 04:30:00
1661056800,6276,39.0,75.0,3.998,Philo T. Farnsworth Elementary powered by UTOPIA Fiber,40.691936,-111.99147,2022-08-21 04:40:00
1661057400,6276,39.8,75.0,4.724,Philo T. Farnsworth Elementary powered by UTOPIA Fiber,40.691936,-111.99147,2022-08-21 04:50:00
1661058000,6276,40.0,75.0,4.438,Philo T. Farnsworth Elementary powered by UTOPIA Fiber,40.691936,-111.99147,2022-08-21 05:00:00
1661058600,6276,40.0,75.0,4.802,Philo T. Farnsworth Elementary powered by UTOPIA Fiber,40.691936,-111.99147,2022-08-21 05:10:00
1661059200,6276,40.8,75.0,4.408,Philo T. Farnsworth Elementary powered by UTOPIA Fiber,40.691936,-111.99147,2022-08-21 05:20:00
1661059800,6276,41.0,75.0,3.95,Philo T. Farnsworth Elementary powered by UTOPIA Fiber,40.691936,-111.99147,2022-08-21 05:30:00
1661060400,6276,41.2,74.4,3.84,Philo T. Farnsworth Elementary powered by UTOPIA Fiber,40.691936,-111.99147,2022-08-21 05:40:00
1661061000,6276,42.0,74.0,3.69,Philo T. Farnsworth Elementary powered by UTOPIA Fiber,40.691936,-111.99147,2022-08-21 05:50:00
1661061600,6276,42.0,74.0,4.554,Philo T. Farnsworth Elementary powered by UTOPIA Fiber,40.691936,-111.99147,2022-08-21 06:00:00
1661062200,6276,42.4,73.4,5.554,Philo T. Farnsworth Elementary powered by UTOPIA Fiber,40.691936,-111.99147,2022-08-21 06:10:00
1661062800,6276,43.6,73.0,5.212,Philo T. Farnsworth Elementary powered by UTOPIA Fiber,40.691936,-111.99147,2022-08-21 06:20:00
1661063400,6276,44.8,73.0,5.978,Philo T. Farnsworth Elementary powered by UTOPIA Fiber,40.691936,-111.99147,2022-08-21 06:30:00
1661064000,6276,45.0,73.0,6.042,Philo T. Farnsworth Elementary powered by UTOPIA Fiber,40.691936,-111.99147,2022-08-21 06:40:00
1661064600,6276,45.2,73.0,5.004,Philo T. Farnsworth Elementary powered by UTOPIA Fiber,40.691936,-111.99147,2022-08-21 06:50:00
1661065200,6276,45.8,73.0,5.904,Philo T. Farnsworth Elementary powered by UTOPIA Fiber,40.691936,-111.99147,2022-08-21 07:00:00
1661065800,6276,46.0,72.8,6.122,Philo T. Farnsworth Elementary powered by UTOPIA Fiber,40.691936,-111.99147,2022-08-21 07:10:00
1661066400,6276,46.2,72.0,5.686,Philo T. Farnsworth Elementary powered by UTOPIA Fiber,40.691936,-111.99147,2022-08-21 07:20:00
1661067000,6276,46.8,72.0,5.152,Philo T. Farnsworth Elementary powered by UTOPIA Fiber,40.691936,-111.99147,2022-08-21 07:30:00
1661067600,6276,47.0,71.6,6.258,Philo T. Farnsworth Elementary powered by UTOPIA Fiber,40.691936,-111.99147,2022-08-21 07:40:00
1661068200,6276,47.8,71.0,6.2,Philo T. Farnsworth Elementary powered by UTOPIA Fiber,40.691936,-111.99147,2022-08-21 07:50:00
1661068800,6276,48.0,71.0,5.738,Philo T. Farnsworth Elementary powered by UTOPIA Fiber,40.691936,-111.99147,2022-08-21 08:00:00
1661069400,6276,48.0,71.0,5.496,Philo T. Farnsworth Elementary powered by UTOPIA Fiber,40.691936,-111.99147,2022-08-21 08:10:00
1661070000,6276,48.0,71.0,4.316,Philo T. Farnsworth Elementary powered by UTOPIA Fiber,40.691936,-111.99147,2022-08-21 08:20:00
1661070600,6276,48.0,71.0,4.226,Philo T. Farnsworth Elementary powered by UTOPIA Fiber,40.691936,-111.99147,2022-08-21 08:30:00
1661071200,6276,47.4,71.0,3.94,Philo T. Farnsworth Elementary powered by UTOPIA Fiber,40.691936,-111.99147,2022-08-21 08:40:00
1661071800,6276,47.4,71.0,3.62,Philo T. Farnsworth Elementary powered by UTOPIA Fiber,40.691936,-111.99147,2022-08-21 08:50:00
1661072400,6276,47.6,71.0,3.514,Philo T. Farnsworth Elementary powered by UTOPIA Fiber,40.691936,-111.99147,2022-08-21 09:00:00
1661073000,6276,48.0,70.2,3.652,Philo T. Farnsworth Elementary powered by UTOPIA Fiber,40.691936,-111.99147,2022-08-21 09:10:00
1661073600,6276,49.0,70.0,3.39,Philo T. Farnsworth Elementary powered by UTOPIA Fiber,40.691936,-111.99147,2022-08-21 09:20:00
1661074200,6276,49.0,70.0,3.348,Philo T. Farnsworth Elementary powered by UTOPIA Fiber,40.691936,-111.99147,2022-08-21 09:30:00
1661074800,6276,49.0,70.0,3.51,Philo T. Farnsworth Elementary powered by UTOPIA Fiber,40.691936,-111.99147,2022-08-21 09:40:00
1661075400,6276,49.0,70.6,3.738,Philo T. Farnsworth Elementary powered by UTOPIA Fiber,40.691936,-111.99147,2022-08-21 09:50:00
1661076000,6276,49.0,71.0,3.416,Philo T. Farnsworth Elementary powered by UTOPIA Fiber,40.691936,-111.99147,2022-08-21 10:00:00
1661076600,6276,49.0,71.0,3.394,Philo T. Farnsworth Elementary powered by UTOPIA Fiber,40.691936,-111.99147,2022-08-21 10:10:00
1661077200,6276,49.4,71.2,3.072,Philo T. Farnsworth Elementary powered by UTOPIA Fiber,40.691936,-111.99147,2022-08-21 10:20:00
1661077800,6276,49.0,71.8,3.168,Philo T. Farnsworth Elementary powered by UTOPIA Fiber,40.691936,-111.99147,2022-08-21 10:30:00
1661078400,6276,49.2,71.6,3.198,Philo T. Farnsworth Elementary powered by UTOPIA Fiber,40.691936,-111.99147,2022-08-21 10:40:00
1661079000,6276,49.0,71.8,3.204,Philo T. Farnsworth Elementary powered by UTOPIA Fiber,40.691936,-111.99147,2022-08-21 10:50:00
1661079600,6276,49.0,71.2,3.48,Philo T. Farnsworth Elementary powered by UTOPIA Fiber,40.691936,-111.99147,2022-08-21 11:00:00
1661080200,6276,48.6,71.0,3.608,Philo T. Farnsworth Elementary powered by UTOPIA Fiber,40.691936,-111.99147,2022-08-21 11:10:00
1661080800,6276,48.2,71.0,3.782,Philo T. Farnsworth Elementary powered by UTOPIA Fiber,40.691936,-111.99147,2022-08-21 11:20:00
1661081400,6276,48.0,71.0,3.918,Philo T. Farnsworth Elementary powered by UTOPIA Fiber,40.691936,-111.99147,2022-08-21 11:30:00
1661082000,6276,48.0,71.0,3.648,Philo T. Farnsworth Elementary powered by UTOPIA Fiber,40.691936,-111.99147,2022-08-21 11:40:00
1661082600,6276,48.8,71.0,3.388,Philo T. Farnsworth Elementary powered by UTOPIA Fiber,40.691936,-111.99147,2022-08-21 11:50:00
1661083200,6276,49.0,71.2,3.31,Philo T. Farnsworth Elementary powered by UTOPIA Fiber,40.691936,-111.99147,2022-08-21 12:00:00
1661083800,6276,49.0,71.4,3.42,Philo T. Farnsworth Elementary powered by UTOPIA Fiber,40.691936,-111.99147,2022-08-21 12:10:00
1661084400,6276,49.2,71.8,3.38,Philo T. Farnsworth Elementary powered by UTOPIA Fiber,40.691936,-111.99147,2022-08-21 12:20:00
1661085000,6276,49.8,71.2,3.044,Philo T. Farnsworth Elementary powered by UTOPIA Fiber,40.691936,-111.99147,2022-08-21 12:30:00
1661085600,6276,50.0,71.0,3.262,Philo T. Farnsworth Elementary powered by UTOPIA Fiber,40.691936,-111.99147,2022-08-21 12:40:00
1661086200,6276,49.8,71.0,3.398,Philo T. Farnsworth Elementary powered by UTOPIA Fiber,40.691936,-111.99147,2022-08-21 12:50:00
1661086800,6276,50.0,71.0,3.352,Philo T. Farnsworth Elementary powered by UTOPIA Fiber,40.691936,-111.99147,2022-08-21 13:00:00
1661087400,6276,50.0,71.0,3.578,Philo T. Farnsworth Elementary powered by UTOPIA Fiber,40.691936,-111.99147,2022-08-21 13:10:00
1661088000,6276,50.0,70.8,3.704,Philo T. Farnsworth Elementary powered by UTOPIA Fiber,40.691936,-111.99147,2022-08-21 13:20:00
1661088600,6276,50.0,71.0,3.572,Philo T. Farnsworth Elementary powered by UTOPIA Fiber,40.691936,-111.99147,2022-08-21 13:30:00
1661089200,6276,50.4,71.6,3.6,Philo T. Farnsworth Elementary powered by UTOPIA Fiber,40.691936,-111.99147,2022-08-21 13:40:00
1661089800,6276,50.8,72.4,3.616,Philo T. Farnsworth Elementary powered by UTOPIA Fiber,40.691936,-111.99147,2022-08-21 13:50:00
1661090400,6276,48.8,73.6,3.582,Philo T. Farnsworth Elementary powered by UTOPIA Fiber,40.691936,-111.99147,2022-08-21 14:00:00
1661091000,6276,46.8,75.0,3.694,Philo T. Farnsworth Elementary powered by UTOPIA Fiber,40.691936,-111.99147,2022-08-21 14:10:00
1661091600,6276,45.2,76.4,3.98,Philo T. Farnsworth Elementary powered by UTOPIA Fiber,40.691936,-111.99147,2022-08-21 14:20:00
1661092200,6276,43.4,78.2,3.864,Philo T. Farnsworth Elementary powered by UTOPIA Fiber,40.691936,-111.99147,2022-08-21 14:30:00
1661092800,6276,41.2,79.6,3.696,Philo T. Farnsworth Elementary powered by UTOPIA Fiber,40.691936,-111.99147,2022-08-21 14:40:00
1661093400,6276,38.0,80.6,3.61,Philo T. Farnsworth Elementary powered by UTOPIA Fiber,40.691936,-111.99147,2022-08-21 14:50:00
1661094000,6276,36.0,82.0,3.338,Philo T. Farnsworth Elementary powered by UTOPIA Fiber,40.691936,-111.99147,2022-08-21 15:00:00
1661094600,6276,34.0,83.6,3.09,Philo T. Farnsworth Elementary powered by UTOPIA Fiber,40.691936,-111.99147,2022-08-21 15:10:00
1661095200,6276,32.0,85.4,2.65,Philo T. Farnsworth Elementary powered by UTOPIA Fiber,40.691936,-111.99147,2022-08-21 15:20:00
1661095800,6276,30.2,87.2,2.842,Philo T. Farnsworth Elementary powered by UTOPIA Fiber,40.691936,-111.99147,2022-08-21 15:30:00
1661096400,6276,29.6,88.6,2.876,Philo T. Farnsworth Elementary powered by UTOPIA Fiber,40.691936,-111.99147,2022-08-21 15:40:00
1661097000,6276,28.2,90.0,2.846,Philo T. Farnsworth Elementary powered by UTOPIA Fiber,40.691936,-111.99147,2022-08-21 15:50:00
1661097600,6276,26.8,91.4,2.906,Philo T. Farnsworth Elementary powered by UTOPIA Fiber,40.691936,-111.99147,2022-08-21 16:00:00
1661098200,6276,25.2,92.2,2.744,Philo T. Farnsworth Elementary powered by UTOPIA Fiber,40.691936,-111.99147,2022-08-21 16:10:00
1661098800,6276,24.4,93.8,2.554,Philo T. Farnsworth Elementary powered by UTOPIA Fiber,40.691936,-111.99147,2022-08-21 16:20:00
1661099400,6276,23.6,95.2,3.108,Philo T. Farnsworth Elementary powered by UTOPIA Fiber,40.691936,-111.99147,2022-08-21 16:30:00
1661100000,6276,22.2,96.6,3.148,Philo T. Farnsworth Elementary powered by UTOPIA Fiber,40.691936,-111.99147,2022-08-21 16:40:00
1661100600,6276,22.0,98.0,3.146,Philo T. Farnsworth Elementary powered by UTOPIA Fiber,40.691936,-111.99147,2022-08-21 16:50:00
1661101200,6276,21.6,98.8,3.222,Philo T. Farnsworth Elementary powered by UTOPIA Fiber,40.691936,-111.99147,2022-08-21 17:00:00
1661101800,6276,20.6,99.4,3.216,Philo T. Farnsworth Elementary powered by UTOPIA Fiber,40.691936,-111.99147,2022-08-21 17:10:00
1661102400,6276,20.8,100.6,3.248,Philo T. Farnsworth Elementary powered by UTOPIA Fiber,40.691936,-111.99147,2022-08-21 17:20:00
1661103000,6276,19.2,102.4,3.412,Philo T. Farnsworth Elementary powered by UTOPIA Fiber,40.691936,-111.99147,2022-08-21 17:30:00
1661103600,6276,19.2,102.8,3.236,Philo T. Farnsworth Elementary powered by UTOPIA Fiber,40.691936,-111.99147,2022-08-21 17:40:00
1661104200,6276,17.8,104.4,2.966,Philo T. Farnsworth Elementary powered by UTOPIA Fiber,40.691936,-111.99147,2022-08-21 17:50:00
1661104800,6276,17.8,104.2,2.858,Philo T. Farnsworth Elementary powered by UTOPIA Fiber,40.691936,-111.99147,2022-08-21 18:00:00
1661105400,6276,17.0,104.2,2.53,Philo T. Farnsworth Elementary powered by UTOPIA Fiber,40.691936,-111.99147,2022-08-21 18:10:00
1661106000,6276,17.0,105.8,3.014,Philo T. Farnsworth Elementary powered by UTOPIA Fiber,40.691936,-111.99147,2022-08-21 18:20:00
1661106600,6276,15.8,107.2,2.842,Philo T. Farnsworth Elementary powered by UTOPIA Fiber,40.691936,-111.99147,2022-08-21 18:30:00
1661107200,6276,16.0,107.2,3.282,Philo T. Farnsworth Elementary powered by UTOPIA Fiber,40.691936,-111.99147,2022-08-21 18:40:00
1661107800,6276,16.8,107.8,3.156,Philo T. Farnsworth Elementary powered by UTOPIA Fiber,40.691936,-111.99147,2022-08-21 18:50:00
1661108400,6276,16.0,108.8,3.14,Philo T. Farnsworth Elementary powered by UTOPIA Fiber,40.691936,-111.99147,2022-08-21 19:00:00
1661109000,6276,15.2,109.6,2.882,Philo T. Farnsworth Elementary powered by UTOPIA Fiber,40.691936,-111.99147,2022-08-21 19:10:00
1661109600,6276,15.6,110.2,2.864,Philo T. Farnsworth Elementary powered by UTOPIA Fiber,40.691936,-111.99147,2022-08-21 19:20:00
1661110200,6276,14.6,110.4,3.068,Philo T. Farnsworth Elementary powered by UTOPIA Fiber,40.691936,-111.99147,2022-08-21 19:30:00
1661110800,6276,16.0,110.6,3.152,Philo T. Farnsworth Elementary powered by UTOPIA Fiber,40.691936,-111.99147,2022-08-21 19:40:00
1661111400,6276,14.6,111.6,2.876,Philo T. Farnsworth Elementary powered by UTOPIA Fiber,40.691936,-111.99147,2022-08-21 19:50:00
1661112000,6276,14.6,111.6,2.454,Philo T. Farnsworth Elementary powered by UTOPIA Fiber,40.691936,-111.99147,2022-08-21 20:00:00
1661112600,6276,13.4,111.4,2.744,Philo T. Farnsworth Elementary powered by UTOPIA Fiber,40.691936,-111.99147,2022-08-21 20:10:00
1661113200,6276,14.0,112.0,2.632,Philo T. Farnsworth Elementary powered by UTOPIA Fiber,40.691936,-111.99147,2022-08-21 20:20:00
1661113800,6276,13.0,111.4,2.346,Philo T. Farnsworth Elementary powered by UTOPIA Fiber,40.691936,-111.99147,2022-08-21 20:30:00
1661114400,6276,13.2,111.6,2.288,Philo T. Farnsworth Elementary powered by UTOPIA Fiber,40.691936,-111.99147,2022-08-21 20:40:00
1661115000,6276,13.8,112.0,5.058,Philo T. Farnsworth Elementary powered by UTOPIA Fiber,40.691936,-111.99147,2022-08-21 20:50:00
1661115600,6276,13.4,112.2,8.778,Philo T. Farnsworth Elementary powered by UTOPIA Fiber,40.691936,-111.99147,2022-08-21 21:00:00
1661116200,6276,12.2,112.2,2.29,Philo T. Farnsworth Elementary powered by UTOPIA Fiber,40.691936,-111.99147,2022-08-21 21:10:00
1661116800,6276,11.8,111.0,3.442,Philo T. Farnsworth Elementary powered by UTOPIA Fiber,40.691936,-111.99147,2022-08-21 21:20:00
1661117400,6276,11.8,111.4,1.578,Philo T. Farnsworth Elementary powered by UTOPIA Fiber,40.691936,-111.99147,2022-08-21 21:30:00
1661118000,6276,13.0,112.0,1.776,Philo T. Farnsworth Elementary powered by UTOPIA Fiber,40.691936,-111.99147,2022-08-21 21:40:00
1661118600,6276,13.2,111.8,2.058,Philo T. Farnsworth Elementary powered by UTOPIA Fiber,40.691936,-111.99147,2022-08-21 21:50:00
1661119200,6276,12.0,110.2,1.886,Philo T. Farnsworth Elementary powered by UTOPIA Fiber,40.691936,-111.99147,2022-08-21 22:00:00
1661119800,6276,12.8,110.0,1.934,Philo T. Farnsworth Elementary powered by UTOPIA Fiber,40.691936,-111.99147,2022-08-21 22:10:00
1661120400,6276,13.4,110.0,2.068,Philo T. Farnsworth Elementary powered by UTOPIA Fiber,40.691936,-111.99147,2022-08-21 22:20:00
1661121000,6276,13.2,109.4,2.452,Philo T. Farnsworth Elementary powered by UTOPIA Fiber,40.691936,-111.99147,2022-08-21 22:30:00
1661121600,6276,14.0,108.8,3.102,Philo T. Farnsworth Elementary powered by UTOPIA Fiber,40.691936,-111.99147,2022-08-21 22:40:00
1661122200,6276,15.0,108.2,2.622,Philo T. Farnsworth Elementary powered by UTOPIA Fiber,40.691936,-111.99147,2022-08-21 22:50:00
1661122800,6276,15.4,107.2,2.408,Philo T. Farnsworth Elementary powered by UTOPIA Fiber,40.691936,-111.99147,2022-08-21 23:00:00
1661123400,6276,15.2,106.2,2.354,Philo T. Farnsworth Elementary powered by UTOPIA Fiber,40.691936,-111.99147,2022-08-21 23:10:00
1661124000,6276,16.2,105.8,2.524,Philo T. Farnsworth Elementary powered by UTOPIA Fiber,40.691936,-111.99147,2022-08-21 23:20:00
1661124600,6276,16.4,104.6,2.336,Philo T. Farnsworth Elementary powered by UTOPIA Fiber,40.691936,-111.99147,2022-08-21 23:30:00
1661125200,6276,17.0,103.8,2.262,Philo T. Farnsworth Elementary powered by UTOPIA Fiber,40.691936,-111.99147,2022-08-21 23:40:00
1661125800,6276,17.6,102.2,2.14,Philo T. Farnsworth Elementary powered by UTOPIA Fiber,40.691936,-111.99147,2022-08-21 23:50:00
