time_stamp,sensor_index,humidity,temperature,pm2.5,sensor_name,latitude,longitude,datetime
1657152000,6276,5.4,100.4,0.144,Philo T. Farnsworth Elementary powered by UTOPIA Fiber,40.691936,-111.99147,2022-07-07 00:00:00
1657152600,6276,5.2,99.6,0.038,Philo T. Farnsworth Elementary powered by UTOPIA Fiber,40.691936,-111.99147,2022-07-07 00:10:00
1657153200,6276,5.0,99.0,0.216,Philo T. Farnsworth Elementary powered by UTOPIA Fiber,40.691936,-111.99147,2022-07-07 00:20:00
1657153800,6276,5.2,99.0,0.094,Philo T. Farnsworth Elementary powered by UTOPIA Fiber,40.691936,-111.99147,2022-07-07 00:30:00
1657154400,6276,5.8,98.6,0.156,Philo T. Farnsworth Elementary powered by UTOPIA Fiber,40.691936,-111.99147,2022-07-07 00:40:00
1657155000,6276,5.4,98.2,0.234,Philo T. Farnsworth Elementary powered by UTOPIA Fiber,40.691936,-111.99147,2022-07-07 00:50:00
1657155600,6276,5.0,98.0,0.1,Philo T. Farnsworth Elementary powered by UTOPIA Fiber,40.691936,-111.99147,2022-07-07 01:00:00
1657156200,6276,5.0,97.2,0.082,Philo T. Farnsworth Elementary powered by UTOPIA Fiber,40.691936,-111.99147,2022-07-07 01:10:00
1657156800,6276,5.6,97.0,0.012,Philo T. Farnsworth Elementary powered by UTOPIA Fiber,40.691936,-111.99147,2022-07-07 01:20:00
1657157400,6276,5.4,96.4,0.024,Philo T. Farnsworth Elementary powered by UTOPIA Fiber,40.691936,-111.99147,2022-07-07 01:30:00
1657158000,6276,5.8,96.0,0.096,Philo T. Farnsworth Elementary powered by UTOPIA Fiber,40.691936,-111.99147,2022-07-07 01:40:00
1657158600,6276,6.0,96.0,0.09,Philo T. Farnsworth Elementary powered by UTOPIA Fiber,40.691936,-111.99147,2022-07-07 01:50:00
1657159200,6276,6.0,95.8,0.178,Philo T. Farnsworth Elementary powered by UTOPIA Fiber,40.691936,-111.99147,2022-07-07 02:00:00
1657159800,6276,6.8,96.0,0.478,Philo T. Farnsworth Elementary powered by UTOPIA Fiber,40.691936,-111.99147,2022-07-07 02:10:00
1657160400,6276,7.2,95.0,0.24,Philo T. Farnsworth Elementary powered by UTOPIA Fiber,40.691936,-111.99147,2022-07-07 02:20:00
1657161000,6276,8.4,94.2,0.366,Philo T. Farnsworth Elementary powered by UTOPIA Fiber,40.691936,-111.99147,2022-07-07 02:30:00
1657161600,6276,9.6,93.0,10.664,Philo T. Farnsworth Elementary powered by UTOPIA Fiber,40.691936,-111.99147,2022-07-07 02:40:00
1657162200,6276,10.4,92.2,7.164,Philo T. Farnsworth Elementary powered by UTOPIA Fiber,40.691936,-111.99147,2022-07-07 02:50:00
1657162800,6276,12.2,90.4,2.182,Philo T. Farnsworth Elementary powered by UTOPIA Fiber,40.691936,-111.99147,2022-07-07 03:00:00
1657163400,6276,12.2,89.6,1.786,Philo T. Farnsworth Elementary powered by UTOPIA Fiber,40.691936,-111.99147,2022-07-07 03:10:00
1657164000,6276,12.4,89.0,2.712,Philo T. Farnsworth Elementary powered by UTOPIA Fiber,40.691936,-111.99147,2022-07-07 03:20:00
1657164600,6276,13.4,88.4,2.854,Philo T. Farnsworth Elementary powered by UTOPIA Fiber,40.691936,-111.99147,2022-07-07 03:30:00
1657165200,6276,13.4,87.8,2.28,Philo T. Farnsworth Elementary powered by UTOPIA Fiber,40.691936,-111.99147,2022-07-07 03:40:00
1657165800,6276,13.4,87.0,4.242,Philo T. Farnsworth Elementary powered by UTOPIA Fiber,40.691936,-111.99147,2022-07-07 03:50:00
1657166400,6276,13.4,87.0,3.254,Philo T. Farnsworth Elementary powered by UTOPIA Fiber,40.691936,-111.99147,2022-07-07 04:00:00
1657167000,6276,15.0,86.2,4.794,Philo T. Farnsworth Elementary powered by UTOPIA Fiber,40.691936,-111.99147,2022-07-07 04:10:00
1657167600,6276,14.8,85.8,4.358,Philo T. Farnsworth Elementary powered by UTOPIA Fiber,40.691936,-111.99147,2022-07-07 04:20:00
1657168200,6276,14.6,85.0,3.37,Philo T. Farnsworth Elementary powered by UTOPIA Fiber,40.691936,-111.99147,2022-07-07 04:30:00
1657168800,6276,14.8,85.0,2.97,Philo T. Farnsworth Elementary powered by UTOPIA Fiber,40.691936,-111.99147,2022-07-07 04:40:00
1657169400,6276,18.0,84.0,2.536,Philo T. Farnsworth Elementary powered by UTOPIA Fiber,40.691936,-111.99147,2022-07-07 04:50:00
1657170000,6276,21.0,81.2,2.748,Philo T. Farnsworth Elementary powered by UTOPIA Fiber,40.691936,-111.99147,2022-07-07 05:00:00
1657170600,6276,22.8,79.6,3.13,Philo T. Farnsworth Elementary powered by UTOPIA Fiber,40.691936,-111.99147,2022-07-07 05:10:00
1657171200,6276,25.2,78.2,2.806,Philo T. Farnsworth Elementary powered by UTOPIA Fiber,40.691936,-111.99147,2022-07-07 05:20:00
1657171800,6276,29.8,75.2,2.7,Philo T. Farnsworth Elementary powered by UTOPIA Fiber,40.691936,-111.99147,2022-07-07 05:30:00
1657172400,6276,34.2,72.8,1.966,Philo T. Farnsworth Elementary powered by UTOPIA Fiber,40.691936,-111.99147,2022-07-07 05:40:00
1657173000,6276,35.2,70.6,1.41,Philo T. Farnsworth Elementary powered by UTOPIA Fiber,40.691936,-111.99147,2022-07-07 05:50:00
1657173600,6276,36.0,70.0,1.186,Philo T. Farnsworth Elementary powered by UTOPIA Fiber,40.691936,-111.99147,2022-07-07 06:00:00
1657174200,6276,36.8,69.2,1.216,Philo T. Farnsworth Elementary powered by UTOPIA Fiber,40.691936,-111.99147,2022-07-07 06:10:00
1657174800,6276,36.6,69.8,1.366,Philo T. Farnsworth Elementary powered by UTOPIA Fiber,40.691936,-111.99147,2022-07-07 06:20:00
1657175400,6276,34.4,72.8,1.284,Philo T. Farnsworth Elementary powered by UTOPIA Fiber,40.691936,-111.99147,2022-07-07 06:30:00
1657176000,6276,34.0,75.4,0.884,Philo T. Farnsworth Elementary powered by UTOPIA Fiber,40.691936,-111.99147,2022-07-07 06:40:00
1657176600,6276,33.0,77.6,0.806,Philo T. Farnsworth Elementary powered by UTOPIA Fiber,40.691936,-111.99147,2022-07-07 06:50:00
1657177200,6276,31.6,79.0,0.782,Philo T. Farnsworth Elementary powered by UTOPIA Fiber,40.691936,-111.99147,2022-07-07 07:00:00
1657177800,6276,30.0,80.0,0.786,Philo T. Farnsworth Elementary powered by UTOPIA Fiber,40.691936,-111.99147,2022-07-07 07:10:00
1657178400,6276,28.0,81.0,0.658,Philo T. Farnsworth Elementary powered by UTOPIA Fiber,40.691936,-111.99147,2022-07-07 07:20:00
1657179000,6276,28.0,81.6,0.586,Philo T. Farnsworth Elementary powered by UTOPIA Fiber,40.691936,-111.99147,2022-07-07 07:30:00
1657179600,6276,26.6,82.0,0.426,Philo T. Farnsworth Elementary powered by UTOPIA Fiber,40.691936,-111.99147,2022-07-07 07:40:00
1657180200,6276,25.4,82.0,0.346,Philo T. Farnsworth Elementary powered by UTOPIA Fiber,40.691936,-111.99147,2022-07-07 07:50:00
1657180800,6276,24.0,82.4,0.252,Philo T. Farnsworth Elementary powered by UTOPIA Fiber,40.691936,-111.99147,2022-07-07 08:00:00
1657181400,6276,24.0,83.0,0.334,Philo T. Farnsworth Elementary powered by UTOPIA Fiber,40.691936,-111.99147,2022-07-07 08:10:00
1657182000,6276,24.8,82.4,0.448,Philo T. Farnsworth Elementary powered by UTOPIA Fiber,40.691936,-111.99147,2022-07-07 08:20:00
1657182600,6276,25.0,82.2,0.232,Philo T. Farnsworth Elementary powered by UTOPIA Fiber,40.691936,-111.99147,2022-07-07 08:30:00
1657183200,6276,23.6,82.0,0.296,Philo T. Farnsworth Elementary powered by UTOPIA Fiber,40.691936,-111.99147,2022-07-07 08:40:00
1657183800,6276,23.0,82.8,0.282,Philo T. Farnsworth Elementary powered by UTOPIA Fiber,40.691936,-111.99147,2022-07-07 08:50:00
1657184400,6276,22.0,82.8,0.37,Philo T. Farnsworth Elementary powered by UTOPIA Fiber,40.691936,-111.99147,2022-07-07 09:00:00
1657185000,6276,21.6,83.0,0.366,Philo T. Farnsworth Elementary powered by UTOPIA Fiber,40.691936,-111.99147,2022-07-07 09:10:00
1657185600,6276,21.4,82.6,0.29,Philo T. Farnsworth Elementary powered by UTOPIA Fiber,40.691936,-111.99147,2022-07-07 09:20:00
1657186200,6276,21.6,82.0,0.258,Philo T. Farnsworth Elementary powered by UTOPIA Fiber,40.691936,-111.99147,2022-07-07 09:30:00
1657186800,6276,22.0,82.0,0.332,Philo T. Farnsworth Elementary powered by UTOPIA Fiber,40.691936,-111.99147,2022-07-07 09:40:00
1657187400,6276,22.0,82.0,0.2,Philo T. Farnsworth Elementary powered by UTOPIA Fiber,40.691936,-111.99147,2022-07-07 09:50:00
1657188000,6276,22.4,81.8,0.436,Philo T. Farnsworth Elementary powered by UTOPIA Fiber,40.691936,-111.99147,2022-07-07 10:00:00
1657188600,6276,23.0,81.0,0.594,Philo T. Farnsworth Elementary powered by UTOPIA Fiber,40.691936,-111.99147,2022-07-07 10:10:00
1657189200,6276,23.8,81.0,0.478,Philo T. Farnsworth Elementary powered by UTOPIA Fiber,40.691936,-111.99147,2022-07-07 10:20:00
1657189800,6276,23.4,81.0,0.392,Philo T. Farnsworth Elementary powered by UTOPIA Fiber,40.691936,-111.99147,2022-07-07 10:30:00
1657190400,6276,23.0,81.0,0.388,Philo T. Farnsworth Elementary powered by UTOPIA Fiber,40.691936,-111.99147,2022-07-07 10:40:00
1657191000,6276,23.0,81.0,0.328,Philo T. Farnsworth Elementary powered by UTOPIA Fiber,40.691936,-111.99147,2022-07-07 10:50:00
1657191600,6276,22.2,80.2,0.356,Philo T. Farnsworth Elementary powered by UTOPIA Fiber,40.691936,-111.99147,2022-07-07 11:00:00
1657192200,6276,22.0,80.0,0.25,Philo T. Farnsworth Elementary powered by UTOPIA Fiber,40.691936,-111.99147,2022-07-07 11:10:00
1657192800,6276,22.0,80.0,0.22,Philo T. Farnsworth Elementary powered by UTOPIA Fiber,40.691936,-111.99147,2022-07-07 11:20:00
1657193400,6276,22.0,80.0,0.216,Philo T. Farnsworth Elementary powered by UTOPIA Fiber,40.691936,-111.99147,2022-07-07 11:30:00
1657194000,6276,21.0,80.0,0.254,Philo T. Farnsworth Elementary powered by UTOPIA Fiber,40.691936,-111.99147,2022-07-07 11:40:00
1657194600,6276,21.0,80.0,0.154,Philo T. Farnsworth Elementary powered by UTOPIA Fiber,40.691936,-111.99147,2022-07-07 11:50:00
1657195200,6276,20.8,80.0,0.15,Philo T. Farnsworth Elementary powered by UTOPIA Fiber,40.691936,-111.99147,2022-07-07 12:00:00
1657195800,6276,20.8,80.2,0.202,Philo T. Farnsworth Elementary powered by UTOPIA Fiber,40.691936,-111.99147,2022-07-07 12:10:00
1657196400,6276,20.4,81.0,0.292,Philo T. Farnsworth Elementary powered by UTOPIA Fiber,40.691936,-111.99147,2022-07-07 12:20:00
1657197000,6276,20.4,81.0,0.208,Philo T. Farnsworth Elementary powered by UTOPIA Fiber,40.691936,-111.99147,2022-07-07 12:30:00
1657197600,6276,20.4,81.0,0.144,Philo T. Farnsworth Elementary powered by UTOPIA Fiber,40.691936,-111.99147,2022-07-07 12:40:00
1657198200,6276,21.0,81.0,0.202,Philo T. Farnsworth Elementary powered by UTOPIA Fiber,40.691936,-111.99147,2022-07-07 12:50:00
1657198800,6276,21.6,81.2,0.336,Philo T. Farnsworth Elementary powered by UTOPIA Fiber,40.691936,-111.99147,2022-07-07 13:00:00
1657199400,6276,22.0,82.0,0.242,Philo T. Farnsworth Elementary powered by UTOPIA Fiber,40.691936,-111.99147,2022-07-07 13:10:00
1657200000,6276,22.0,82.4,0.188,Philo T. Farnsworth Elementary powered by UTOPIA Fiber,40.691936,-111.99147,2022-07-07 13:20:00
1657200600,6276,21.2,83.0,0.336,Philo T. Farnsworth Elementary powered by UTOPIA Fiber,40.691936,-111.99147,2022-07-07 13:30:00
1657201200,6276,21.4,83.4,0.238,Philo T. Farnsworth Elementary powered by UTOPIA Fiber,40.691936,-111.99147,2022-07-07 13:40:00
1657201800,6276,21.4,84.0,0.304,Philo T. Farnsworth Elementary powered by UTOPIA Fiber,40.691936,-111.99147,2022-07-07 13:50:00
1657202400,6276,21.0,84.8,0.336,Philo T. Farnsworth Elementary powered by UTOPIA Fiber,40.691936,-111.99147,2022-07-07 14:00:00
1657203000,6276,20.2,85.4,0.374,Philo T. Farnsworth Elementary powered by UTOPIA Fiber,40.691936,-111.99147,2022-07-07 14:10:00
1657203600,6276,19.8,86.0,0.544,Philo T. Farnsworth Elementary powered by UTOPIA Fiber,40.691936,-111.99147,2022-07-07 14:20:00
1657204200,6276,19.4,86.0,0.524,Philo T. Farnsworth Elementary powered by UTOPIA Fiber,40.691936,-111.99147,2022-07-07 14:30:00
1657204800,6276,19.6,86.6,0.66,Philo T. Farnsworth Elementary powered by UTOPIA Fiber,40.691936,-111.99147,2022-07-07 14:40:00
1657205400,6276,19.2,87.2,0.614,Philo T. Farnsworth Elementary powered by UTOPIA Fiber,40.691936,-111.99147,2022-07-07 14:50:00
1657206000,6276,18.2,88.0,0.394,Philo T. Farnsworth Elementary powered by UTOPIA Fiber,40.691936,-111.99147,2022-07-07 15:00:00
1657206600,6276,16.8,89.2,0.49,Philo T. Farnsworth Elementary powered by UTOPIA Fiber,40.691936,-111.99147,2022-07-07 15:10:00
1657207200,6276,16.2,90.4,0.288,Philo T. Farnsworth Elementary powered by UTOPIA Fiber,40.691936,-111.99147,2022-07-07 15:20:00
1657207800,6276,14.2,91.6,0.32,Philo T. Farnsworth Elementary powered by UTOPIA Fiber,40.691936,-111.99147,2022-07-07 15:30:00
1657208400,6276,12.4,92.8,0.152,Philo T. Farnsworth Elementary powered by UTOPIA Fiber,40.691936,-111.99147,2022-07-07 15:40:00
1657209000,6276,11.4,94.0,0.192,Philo T. Farnsworth Elementary powered by UTOPIA Fiber,40.691936,-111.99147,2022-07-07 15:50:00
1657209600,6276,10.2,95.0,0.21,Philo T. Farnsworth Elementary powered by UTOPIA Fiber,40.691936,-111.99147,2022-07-07 16:00:00
1657210200,6276,9.8,96.2,0.192,Philo T. Farnsworth Elementary powered by UTOPIA Fiber,40.691936,-111.99147,2022-07-07 16:10:00
1657210800,6276,8.6,97.0,0.058,Philo T. Farnsworth Elementary powered by UTOPIA Fiber,40.691936,-111.99147,2022-07-07 16:20:00
1657211400,6276,8.0,97.4,0.204,Philo T. Farnsworth Elementary powered by UTOPIA Fiber,40.691936,-111.99147,2022-07-07 16:30:00
1657212000,6276,8.4,98.0,0.258,Philo T. Farnsworth Elementary powered by UTOPIA Fiber,40.691936,-111.99147,2022-07-07 16:40:00
1657212600,6276,7.8,98.8,0.332,Philo T. Farnsworth Elementary powered by UTOPIA Fiber,40.691936,-111.99147,2022-07-07 16:50:00
1657213200,6276,8.2,99.4,0.258,Philo T. Farnsworth Elementary powered by UTOPIA Fiber,40.691936,-111.99147,2022-07-07 17:00:00
1657213800,6276,8.4,99.8,0.3,Philo T. Farnsworth Elementary powered by UTOPIA Fiber,40.691936,-111.99147,2022-07-07 17:10:00
1657214400,6276,7.8,100.6,0.476,Philo T. Farnsworth Elementary powered by UTOPIA Fiber,40.691936,-111.99147,2022-07-07 17:20:00
1657215000,6276,7.6,101.8,0.282,Philo T. Farnsworth Elementary powered by UTOPIA Fiber,40.691936,-111.99147,2022-07-07 17:30:00
1657215600,6276,7.4,102.4,0.438,Philo T. Farnsworth Elementary powered by UTOPIA Fiber,40.691936,-111.99147,2022-07-07 17:40:00
1657216200,6276,7.0,103.2,0.374,Philo T. Farnsworth Elementary powered by UTOPIA Fiber,40.691936,-111.99147,2022-07-07 17:50:00
1657216800,6276,6.2,104.8,0.33,Philo T. Farnsworth Elementary powered by UTOPIA Fiber,40.691936,-111.99147,2022-07-07 18:00:00
1657217400,6276,5.8,105.6,0.232,Philo T. Farnsworth Elementary powered by UTOPIA Fiber,40.691936,-111.99147,2022-07-07 18:10:00
1657218000,6276,6.0,106.6,0.256,Philo T. Farnsworth Elementary powered by UTOPIA Fiber,40.691936,-111.99147,2022-07-07 18:20:00
1657218600,6276,5.6,107.2,0.322,Philo T. Farnsworth Elementary powered by UTOPIA Fiber,40.691936,-111.99147,2022-07-07 18:30:00
1657219200,6276,6.0,107.4,0.432,Philo T. Farnsworth Elementary powered by UTOPIA Fiber,40.691936,-111.99147,2022-07-07 18:40:00
1657219800,6276,5.6,107.2,0.246,Philo T. Farnsworth Elementary powered by UTOPIA Fiber,40.691936,-111.99147,2022-07-07 18:50:00
1657220400,6276,6.0,107.4,0.244,Philo T. Farnsworth Elementary powered by UTOPIA Fiber,40.691936,-111.99147,2022-07-07 19:00:00
1657221000,6276,6.2,107.4,0.544,Philo T. Farnsworth Elementary powered by UTOPIA Fiber,40.691936,-111.99147,2022-07-07 19:10:00
1657221600,6276,6.2,107.0,0.384,Philo T. Farnsworth Elementary powered by UTOPIA Fiber,40.691936,-111.99147,2022-07-07 19:20:00
1657222200,6276,6.4,107.0,0.238,Philo T. Farnsworth Elementary powered by UTOPIA Fiber,40.691936,-111.99147,2022-07-07 19:30:00
1657222800,6276,6.8,106.8,0.412,Philo T. Farnsworth Elementary powered by UTOPIA Fiber,40.691936,-111.99147,2022-07-07 19:40:00
1657223400,6276,6.0,107.4,0.454,Philo T. Farnsworth Elementary powered by UTOPIA Fiber,40.691936,-111.99147,2022-07-07 19:50:00
1657224000,6276,5.8,108.2,0.506,Philo T. Farnsworth Elementary powered by UTOPIA Fiber,40.691936,-111.99147,2022-07-07 20:00:00
1657224600,6276,5.2,109.4,0.41,Philo T. Farnsworth Elementary powered by UTOPIA Fiber,40.691936,-111.99147,2022-07-07 20:10:00
1657225200,6276,6.4,110.8,0.394,Philo T. Farnsworth Elementary powered by UTOPIA Fiber,40.691936,-111.99147,2022-07-07 20:20:00
1657225800,6276,5.2,110.6,0.29,Philo T. Farnsworth Elementary powered by UTOPIA Fiber,40.691936,-111.99147,2022-07-07 20:30:00
1657226400,6276,4.8,110.8,0.256,Philo T. Farnsworth Elementary powered by UTOPIA Fiber,40.691936,-111.99147,2022-07-07 20:40:00
1657227000,6276,4.2,109.4,0.608,Philo T. Farnsworth Elementary powered by UTOPIA Fiber,40.691936,-111.99147,2022-07-07 20:50:00
1657227600,6276,4.4,109.4,0.324,Philo T. Farnsworth Elementary powered by UTOPIA Fiber,40.691936,-111.99147,2022-07-07 21:00:00
1657228200,6276,4.6,109.8,0.438,Philo T. Farnsworth Elementary powered by UTOPIA Fiber,40.691936,-111.99147,2022-07-07 21:10:00
1657228800,6276,4.0,110.8,0.404,Philo T. Farnsworth Elementary powered by UTOPIA Fiber,40.691936,-111.99147,2022-07-07 21:20:00
1657229400,6276,3.6,110.8,0.192,Philo T. Farnsworth Elementary powered by UTOPIA Fiber,40.691936,-111.99147,2022-07-07 21:30:00
1657230000,6276,3.2,110.4,0.362,Philo T. Farnsworth Elementary powered by UTOPIA Fiber,40.691936,-111.99147,2022-07-07 21:40:00
1657230600,6276,3.8,110.8,0.132,Philo T. Farnsworth Elementary powered by UTOPIA Fiber,40.691936,-111.99147,2022-07-07 21:50:00
1657231200,6276,2.8,110.0,0.178,Philo T. Farnsworth Elementary powered by UTOPIA Fiber,40.691936,-111.99147,2022-07-07 22:00:00
1657231800,6276,3.0,110.2,0.088,Philo T. Farnsworth Elementary powered by UTOPIA Fiber,40.691936,-111.99147,2022-07-07 22:10:00
1657232400,6276,3.8,110.2,0.444,Philo T. Farnsworth Elementary powered by UTOPIA Fiber,40.691936,-111.99147,2022-07-07 22:20:00
1657233000,6276,3.0,109.8,0.282,Philo T. Farnsworth Elementary powered by UTOPIA Fiber,40.691936,-111.99147,2022-07-07 22:30:00
1657233600,6276,2.8,109.0,0.172,Philo T. Farnsworth Elementary powered by UTOPIA Fiber,40.691936,-111.99147,2022-07-07 22:40:00
1657234200,6276,3.2,109.4,0.07,Philo T. Farnsworth Elementary powered by UTOPIA Fiber,40.691936,-111.99147,2022-07-07 22:50:00
1657234800,6276,2.4,109.0,0.174,Philo T. Farnsworth Elementary powered by UTOPIA Fiber,40.691936,-111.99147,2022-07-07 23:00:00
1657235400,6276,2.4,108.6,0.144,Philo T. Farnsworth Elementary powered by UTOPIA Fiber,40.691936,-111.99147,2022-07-07 23:10:00
1657236000,6276,3.2,107.4,0.158,Philo T. Farnsworth Elementary powered by UTOPIA Fiber,40.691936,-111.99147,2022-07-07 23:20:00
1657236600,6276,4.2,106.6,0.332,Philo T. Farnsworth Elementary powered by UTOPIA Fiber,40.691936,-111.99147,2022-07-07 23:30:00
1657237200,6276,3.8,105.4,0.054,Philo T. Farnsworth Elementary powered by UTOPIA Fiber,40.691936,-111.99147,2022-07-07 23:40:00
1657237800,6276,3.4,103.8,0.106,Philo T. Farnsworth Elementary powered by UTOPIA Fiber,40.691936,-111.99147,2022-07-07 23:50:00
1657238400,6276,4.2,102.2,0.252,Philo T. Farnsworth Elementary powered by UTOPIA Fiber,40.691936,-111.99147,2022-07-08 00:00:00
1657239000,6276,4.8,101.2,0.244,Philo T. Farnsworth Elementary powered by UTOPIA Fiber,40.691936,-111.99147,2022-07-08 00:10:00
1657239600,6276,5.6,100.8,0.466,Philo T. Farnsworth Elementary powered by UTOPIA Fiber,40.691936,-111.99147,2022-07-08 00:20:00
1657240200,6276,6.6,100.0,0.352,Philo T. Farnsworth Elementary powered by UTOPIA Fiber,40.691936,-111.99147,2022-07-08 00:30:00
1657240800,6276,5.2,99.4,0.308,Philo T. Farnsworth Elementary powered by UTOPIA Fiber,40.691936,-111.99147,2022-07-08 00:40:00
1657241400,6276,5.2,99.0,0.302,Philo T. Farnsworth Elementary powered by UTOPIA Fiber,40.691936,-111.99147,2022-07-08 00:50:00
1657242000,6276,5.0,99.0,0.4,Philo T. Farnsworth Elementary powered by UTOPIA Fiber,40.691936,-111.99147,2022-07-08 01:00:00
1657242600,6276,5.2,98.8,0.23,Philo T. Farnsworth Elementary powered by UTOPIA Fiber,40.691936,-111.99147,2022-07-08 01:10:00
1657243200,6276,5.0,98.0,0.418,Philo T. Farnsworth Elementary powered by UTOPIA Fiber,40.691936,-111.99147,2022-07-08 01:20:00
1657243800,6276,5.2,98.0,0.862,Philo T. Farnsworth Elementary powered by UTOPIA Fiber,40.691936,-111.99147,2022-07-08 01:30:00
1657244400,6276,6.4,97.6,0.422,Philo T. Farnsworth Elementary powered by UTOPIA Fiber,40.691936,-111.99147,2022-07-08 01:40:00
1657245000,6276,7.0,97.0,0.284,Philo T. Farnsworth Elementary powered by UTOPIA Fiber,40.691936,-111.99147,2022-07-08 01:50:00
1657245600,6276,6.0,97.0,0.332,Philo T. Farnsworth Elementary powered by UTOPIA Fiber,40.691936,-111.99147,2022-07-08 02:00:00
1657246200,6276,4.6,96.4,0.522,Philo T. Farnsworth Elementary powered by UTOPIA Fiber,40.691936,-111.99147,2022-07-08 02:10:00
1657246800,6276,4.2,96.0,0.17,Philo T. Farnsworth Elementary powered by UTOPIA Fiber,40.691936,-111.99147,2022-07-08 02:20:00
1657247400,6276,5.0,95.2,0.22,Philo T. Farnsworth Elementary powered by UTOPIA Fiber,40.691936,-111.99147,2022-07-08 02:30:00
1657248000,6276,6.8,94.4,0.546,Philo T. Farnsworth Elementary powered by UTOPIA Fiber,40.691936,-111.99147,2022-07-08 02:40:00
1657248600,6276,7.6,92.6,0.768,Philo T. Farnsworth Elementary powered by UTOPIA Fiber,40.691936,-111.99147,2022-07-08 02:50:00
1657249200,6276,7.2,91.8,1.034,Philo T. Farnsworth Elementary powered by UTOPIA Fiber,40.691936,-111.99147,2022-07-08 03:00:00
1657249800,6276,6.8,91.0,0.576,Philo T. Farnsworth Elementary powered by UTOPIA Fiber,40.691936,-111.99147,2022-07-08 03:10:00
1657250400,6276,6.8,90.6,6.754,Philo T. Farnsworth Elementary powered by UTOPIA Fiber,40.691936,-111.99147,2022-07-08 03:20:00
1657251000,6276,7.2,89.8,20.358,Philo T. Farnsworth Elementary powered by UTOPIA Fiber,40.691936,-111.99147,2022-07-08 03:30:00
1657251600,6276,7.2,89.0,16.73,Philo T. Farnsworth Elementary powered by UTOPIA Fiber,40.691936,-111.99147,2022-07-08 03:40:00
1657252200,6276,7.4,88.6,0.888,Philo T. Farnsworth Elementary powered by UTOPIA Fiber,40.691936,-111.99147,2022-07-08 03:50:00
1657252800,6276,8.0,87.2,1.358,Philo T. Farnsworth Elementary powered by UTOPIA Fiber,40.691936,-111.99147,2022-07-08 04:00:00
1657253400,6276,8.8,86.4,1.682,Philo T. Farnsworth Elementary powered by UTOPIA Fiber,40.691936,-111.99147,2022-07-08 04:10:00
1657254000,6276,8.8,86.0,1.91,Philo T. Farnsworth Elementary powered by UTOPIA Fiber,40.691936,-111.99147,2022-07-08 04:20:00
1657254600,6276,8.2,85.8,1.834,Philo T. Farnsworth Elementary powered by UTOPIA Fiber,40.691936,-111.99147,2022-07-08 04:30:00
1657255200,6276,9.6,85.0,3.958,Philo T. Farnsworth Elementary powered by UTOPIA Fiber,40.691936,-111.99147,2022-07-08 04:40:00
1657255800,6276,10.0,84.0,8.808,Philo T. Farnsworth Elementary powered by UTOPIA Fiber,40.691936,-111.99147,2022-07-08 04:50:00
1657256400,6276,10.0,83.6,6.684,Philo T. Farnsworth Elementary powered by UTOPIA Fiber,40.691936,-111.99147,2022-07-08 05:00:00
1657257000,6276,11.8,82.6,10.314,Philo T. Farnsworth Elementary powered by UTOPIA Fiber,40.691936,-111.99147,2022-07-08 05:10:00
1657257600,6276,11.8,81.6,8.432,Philo T. Farnsworth Elementary powered by UTOPIA Fiber,40.691936,-111.99147,2022-07-08 05:20:00
1657258200,6276,11.6,81.0,5.858,Philo T. Farnsworth Elementary powered by UTOPIA Fiber,40.691936,-111.99147,2022-07-08 05:30:00
1657258800,6276,11.0,81.0,1.202,Philo T. Farnsworth Elementary powered by UTOPIA Fiber,40.691936,-111.99147,2022-07-08 05:40:00
1657259400,6276,10.0,82.0,0.802,Philo T. Farnsworth Elementary powered by UTOPIA Fiber,40.691936,-111.99147,2022-07-08 05:50:00
1657260000,6276,10.6,82.6,0.442,Philo T. Farnsworth Elementary powered by UTOPIA Fiber,40.691936,-111.99147,2022-07-08 06:00:00
1657260600,6276,12.4,83.4,0.812,Philo T. Farnsworth Elementary powered by UTOPIA Fiber,40.691936,-111.99147,2022-07-08 06:10:00
1657261200,6276,14.0,84.0,0.846,Philo T. Farnsworth Elementary powered by UTOPIA Fiber,40.691936,-111.99147,2022-07-08 06:20:00
1657261800,6276,15.0,84.0,0.852,Philo T. Farnsworth Elementary powered by UTOPIA Fiber,40.691936,-111.99147,2022-07-08 06:30:00
1657262400,6276,15.0,84.0,0.808,Philo T. Farnsworth Elementary powered by UTOPIA Fiber,40.691936,-111.99147,2022-07-08 06:40:00
1657263000,6276,15.0,83.8,0.77,Philo T. Farnsworth Elementary powered by UTOPIA Fiber,40.691936,-111.99147,2022-07-08 06:50:00
1657263600,6276,14.6,84.0,0.842,Philo T. Farnsworth Elementary powered by UTOPIA Fiber,40.691936,-111.99147,2022-07-08 07:00:00
1657264200,6276,14.0,84.4,0.854,Philo T. Farnsworth Elementary powered by UTOPIA Fiber,40.691936,-111.99147,2022-07-08 07:10:00
1657264800,6276,14.4,84.6,0.916,Philo T. Farnsworth Elementary powered by UTOPIA Fiber,40.691936,-111.99147,2022-07-08 07:20:00
1657265400,6276,15.0,84.0,0.812,Philo T. Farnsworth Elementary powered by UTOPIA Fiber,40.691936,-111.99147,2022-07-08 07:30:00
1657266000,6276,15.0,84.0,0.722,Philo T. Farnsworth Elementary powered by UTOPIA Fiber,40.691936,-111.99147,2022-07-08 07:40:00
1657266600,6276,15.0,84.0,0.714,Philo T. Farnsworth Elementary powered by UTOPIA Fiber,40.691936,-111.99147,2022-07-08 07:50:00
1657267200,6276,14.4,83.0,0.52,Philo T. Farnsworth Elementary powered by UTOPIA Fiber,40.691936,-111.99147,2022-07-08 08:00:00
1657267800,6276,13.0,84.0,0.428,Philo T. Farnsworth Elementary powered by UTOPIA Fiber,40.691936,-111.99147,2022-07-08 08:10:00
1657268400,6276,13.0,84.0,0.352,Philo T. Farnsworth Elementary powered by UTOPIA Fiber,40.691936,-111.99147,2022-07-08 08:20:00
1657269000,6276,13.0,84.0,0.472,Philo T. Farnsworth Elementary powered by UTOPIA Fiber,40.691936,-111.99147,2022-07-08 08:30:00
1657269600,6276,13.0,84.0,0.448,Philo T. Farnsworth Elementary powered by UTOPIA Fiber,40.691936,-111.99147,2022-07-08 08:40:00
1657270200,6276,13.6,84.0,0.304,Philo T. Farnsworth Elementary powered by UTOPIA Fiber,40.691936,-111.99147,2022-07-08 08:50:00
1657270800,6276,14.6,84.0,0.384,Philo T. Farnsworth Elementary powered by UTOPIA Fiber,40.691936,-111.99147,2022-07-08 09:00:00
1657271400,6276,15.6,83.4,0.484,Philo T. Farnsworth Elementary powered by UTOPIA Fiber,40.691936,-111.99147,2022-07-08 09:10:00
1657272000,6276,15.0,83.0,0.628,Philo T. Farnsworth Elementary powered by UTOPIA Fiber,40.691936,-111.99147,2022-07-08 09:20:00
1657272600,6276,15.0,83.0,0.494,Philo T. Farnsworth Elementary powered by UTOPIA Fiber,40.691936,-111.99147,2022-07-08 09:30:00
1657273200,6276,15.0,83.0,0.512,Philo T. Farnsworth Elementary powered by UTOPIA Fiber,40.691936,-111.99147,2022-07-08 09:40:00
1657273800,6276,15.4,83.0,0.582,Philo T. Farnsworth Elementary powered by UTOPIA Fiber,40.691936,-111.99147,2022-07-08 09:50:00
1657274400,6276,16.0,82.4,0.496,Philo T. Farnsworth Elementary powered by UTOPIA Fiber,40.691936,-111.99147,2022-07-08 10:00:00
1657275000,6276,15.8,82.0,0.402,Philo T. Farnsworth Elementary powered by UTOPIA Fiber,40.691936,-111.99147,2022-07-08 10:10:00
1657275600,6276,15.0,82.0,0.41,Philo T. Farnsworth Elementary powered by UTOPIA Fiber,40.691936,-111.99147,2022-07-08 10:20:00
1657276200,6276,15.0,82.0,0.54,Philo T. Farnsworth Elementary powered by UTOPIA Fiber,40.691936,-111.99147,2022-07-08 10:30:00
1657276800,6276,14.4,82.0,0.374,Philo T. Farnsworth Elementary powered by UTOPIA Fiber,40.691936,-111.99147,2022-07-08 10:40:00
1657277400,6276,13.8,82.0,0.24,Philo T. Farnsworth Elementary powered by UTOPIA Fiber,40.691936,-111.99147,2022-07-08 10:50:00
1657278000,6276,14.0,82.0,0.274,Philo T. Farnsworth Elementary powered by UTOPIA Fiber,40.691936,-111.99147,2022-07-08 11:00:00
1657278600,6276,14.0,82.0,0.158,Philo T. Farnsworth Elementary powered by UTOPIA Fiber,40.691936,-111.99147,2022-07-08 11:10:00
1657279200,6276,14.0,82.0,0.266,Philo T. Farnsworth Elementary powered by UTOPIA Fiber,40.691936,-111.99147,2022-07-08 11:20:00
1657279800,6276,14.6,82.0,0.288,Philo T. Farnsworth Elementary powered by UTOPIA Fiber,40.691936,-111.99147,2022-07-08 11:30:00
1657280400,6276,15.0,82.0,0.276,Philo T. Farnsworth Elementary powered by UTOPIA Fiber,40.691936,-111.99147,2022-07-08 11:40:00
1657281000,6276,15.0,81.0,0.196,Philo T. Farnsworth Elementary powered by UTOPIA Fiber,40.691936,-111.99147,2022-07-08 11:50:00
1657281600,6276,15.0,81.0,0.332,Philo T. Farnsworth Elementary powered by UTOPIA Fiber,40.691936,-111.99147,2022-07-08 12:00:00
1657282200,6276,16.2,81.0,0.334,Philo T. Farnsworth Elementary powered by UTOPIA Fiber,40.691936,-111.99147,2022-07-08 12:10:00
1657282800,6276,17.0,80.2,0.394,Philo T. Farnsworth Elementary powered by UTOPIA Fiber,40.691936,-111.99147,2022-07-08 12:20:00
1657283400,6276,17.0,80.0,0.354,Philo T. Farnsworth Elementary powered by UTOPIA Fiber,40.691936,-111.99147,2022-07-08 12:30:00
1657284000,6276,17.0,80.0,0.46,Philo T. Farnsworth Elementary powered by UTOPIA Fiber,40.691936,-111.99147,2022-07-08 12:40:00
1657284600,6276,16.8,80.8,0.658,Philo T. Farnsworth Elementary powered by UTOPIA Fiber,40.691936,-111.99147,2022-07-08 12:50:00
1657285200,6276,16.4,81.0,0.586,Philo T. Farnsworth Elementary powered by UTOPIA Fiber,40.691936,-111.99147,2022-07-08 13:00:00
1657285800,6276,16.0,81.6,0.426,Philo T. Farnsworth Elementary powered by UTOPIA Fiber,40.691936,-111.99147,2022-07-08 13:10:00
1657286400,6276,15.2,82.4,0.35,Philo T. Farnsworth Elementary powered by UTOPIA Fiber,40.691936,-111.99147,2022-07-08 13:20:00
1657287000,6276,14.6,83.2,0.442,Philo T. Farnsworth Elementary powered by UTOPIA Fiber,40.691936,-111.99147,2022-07-08 13:30:00
1657287600,6276,14.2,84.0,0.386,Philo T. Farnsworth Elementary powered by UTOPIA Fiber,40.691936,-111.99147,2022-07-08 13:40:00
1657288200,6276,15.2,84.6,0.256,Philo T. Farnsworth Elementary powered by UTOPIA Fiber,40.691936,-111.99147,2022-07-08 13:50:00
1657288800,6276,15.0,85.0,0.298,Philo T. Farnsworth Elementary powered by UTOPIA Fiber,40.691936,-111.99147,2022-07-08 14:00:00
1657289400,6276,14.2,85.8,0.478,Philo T. Farnsworth Elementary powered by UTOPIA Fiber,40.691936,-111.99147,2022-07-08 14:10:00
1657290000,6276,13.4,87.0,0.316,Philo T. Farnsworth Elementary powered by UTOPIA Fiber,40.691936,-111.99147,2022-07-08 14:20:00
1657290600,6276,12.6,87.8,0.442,Philo T. Farnsworth Elementary powered by UTOPIA Fiber,40.691936,-111.99147,2022-07-08 14:30:00
1657291200,6276,12.4,88.6,0.4,Philo T. Farnsworth Elementary powered by UTOPIA Fiber,40.691936,-111.99147,2022-07-08 14:40:00
1657291800,6276,11.6,89.4,0.572,Philo T. Farnsworth Elementary powered by UTOPIA Fiber,40.691936,-111.99147,2022-07-08 14:50:00
1657292400,6276,11.0,90.2,0.462,Philo T. Farnsworth Elementary powered by UTOPIA Fiber,40.691936,-111.99147,2022-07-08 15:00:00
1657293000,6276,10.6,91.4,0.474,Philo T. Farnsworth Elementary powered by UTOPIA Fiber,40.691936,-111.99147,2022-07-08 15:10:00
1657293600,6276,10.2,92.8,0.328,Philo T. Farnsworth Elementary powered by UTOPIA Fiber,40.691936,-111.99147,2022-07-08 15:20:00
1657294200,6276,10.2,93.6,0.326,Philo T. Farnsworth Elementary powered by UTOPIA Fiber,40.691936,-111.99147,2022-07-08 15:30:00
1657294800,6276,9.4,94.8,0.462,Philo T. Farnsworth Elementary powered by UTOPIA Fiber,40.691936,-111.99147,2022-07-08 15:40:00
1657295400,6276,9.0,95.8,0.382,Philo T. Farnsworth Elementary powered by UTOPIA Fiber,40.691936,-111.99147,2022-07-08 15:50:00
1657296000,6276,8.8,96.0,0.478,Philo T. Farnsworth Elementary powered by UTOPIA Fiber,40.691936,-111.99147,2022-07-08 16:00:00
1657296600,6276,8.6,97.2,0.17,Philo T. Farnsworth Elementary powered by UTOPIA Fiber,40.691936,-111.99147,2022-07-08 16:10:00
1657297200,6276,9.4,98.8,0.354,Philo T. Farnsworth Elementary powered by UTOPIA Fiber,40.691936,-111.99147,2022-07-08 16:20:00
1657297800,6276,7.4,99.0,0.402,Philo T. Farnsworth Elementary powered by UTOPIA Fiber,40.691936,-111.99147,2022-07-08 16:30:00
1657298400,6276,7.0,99.6,0.272,Philo T. Farnsworth Elementary powered by UTOPIA Fiber,40.691936,-111.99147,2022-07-08 16:40:00
1657299000,6276,6.8,100.0,0.424,Philo T. Farnsworth Elementary powered by UTOPIA Fiber,40.691936,-111.99147,2022-07-08 16:50:00
1657299600,6276,6.6,100.4,0.25,Philo T. Farnsworth Elementary powered by UTOPIA Fiber,40.691936,-111.99147,2022-07-08 17:00:00
1657300200,6276,6.6,101.4,0.348,Philo T. Farnsworth Elementary powered by UTOPIA Fiber,40.691936,-111.99147,2022-07-08 17:10:00
1657300800,6276,7.2,102.0,0.448,Philo T. Farnsworth Elementary powered by UTOPIA Fiber,40.691936,-111.99147,2022-07-08 17:20:00
1657301400,6276,7.2,103.4,0.522,Philo T. Farnsworth Elementary powered by UTOPIA Fiber,40.691936,-111.99147,2022-07-08 17:30:00
1657302000,6276,6.8,103.0,0.466,Philo T. Farnsworth Elementary powered by UTOPIA Fiber,40.691936,-111.99147,2022-07-08 17:40:00
1657302600,6276,6.2,103.8,0.552,Philo T. Farnsworth Elementary powered by UTOPIA Fiber,40.691936,-111.99147,2022-07-08 17:50:00
1657303200,6276,6.4,104.8,0.522,Philo T. Farnsworth Elementary powered by UTOPIA Fiber,40.691936,-111.99147,2022-07-08 18:00:00
1657303800,6276,6.0,105.6,0.6,Philo T. Farnsworth Elementary powered by UTOPIA Fiber,40.691936,-111.99147,2022-07-08 18:10:00
1657304400,6276,5.0,106.0,0.574,Philo T. Farnsworth Elementary powered by UTOPIA Fiber,40.691936,-111.99147,2022-07-08 18:20:00
1657305000,6276,5.4,105.6,0.716,Philo T. Farnsworth Elementary powered by UTOPIA Fiber,40.691936,-111.99147,2022-07-08 18:30:00
1657305600,6276,5.4,105.8,0.81,Philo T. Farnsworth Elementary powered by UTOPIA Fiber,40.691936,-111.99147,2022-07-08 18:40:00
1657306200,6276,5.0,105.6,1.612,Philo T. Farnsworth Elementary powered by UTOPIA Fiber,40.691936,-111.99147,2022-07-08 18:50:00
1657306800,6276,5.2,107.0,0.44,Philo T. Farnsworth Elementary powered by UTOPIA Fiber,40.691936,-111.99147,2022-07-08 19:00:00
1657307400,6276,4.8,107.4,0.458,Philo T. Farnsworth Elementary powered by UTOPIA Fiber,40.691936,-111.99147,2022-07-08 19:10:00
1657308000,6276,4.4,108.4,0.436,Philo T. Farnsworth Elementary powered by UTOPIA Fiber,40.691936,-111.99147,2022-07-08 19:20:00
1657308600,6276,4.8,108.0,0.34,Philo T. Farnsworth Elementary powered by UTOPIA Fiber,40.691936,-111.99147,2022-07-08 19:30:00
1657309200,6276,4.4,108.6,0.388,Philo T. Farnsworth Elementary powered by UTOPIA Fiber,40.691936,-111.99147,2022-07-08 19:40:00
1657309800,6276,4.2,109.6,0.39,Philo T. Farnsworth Elementary powered by UTOPIA Fiber,40.691936,-111.99147,2022-07-08 19:50:00
1657310400,6276,4.0,109.0,0.406,Philo T. Farnsworth Elementary powered by UTOPIA Fiber,40.691936,-111.99147,2022-07-08 20:00:00
1657311000,6276,4.2,108.0,0.388,Philo T. Farnsworth Elementary powered by UTOPIA Fiber,40.691936,-111.99147,2022-07-08 20:10:00
1657311600,6276,4.0,108.4,0.412,Philo T. Farnsworth Elementary powered by UTOPIA Fiber,40.691936,-111.99147,2022-07-08 20:20:00
1657312200,6276,3.6,109.6,0.238,Philo T. Farnsworth Elementary powered by UTOPIA Fiber,40.691936,-111.99147,2022-07-08 20:30:00
1657312800,6276,3.8,109.6,0.326,Philo T. Farnsworth Elementary powered by UTOPIA Fiber,40.691936,-111.99147,2022-07-08 20:40:00
1657313400,6276,3.4,109.2,0.324,Philo T. Farnsworth Elementary powered by UTOPIA Fiber,40.691936,-111.99147,2022-07-08 20:50:00
1657314000,6276,3.6,109.2,0.346,Philo T. Farnsworth Elementary powered by UTOPIA Fiber,40.691936,-111.99147,2022-07-08 21:00:00
1657314600,6276,3.8,110.0,0.494,Philo T. Farnsworth Elementary powered by UTOPIA Fiber,40.691936,-111.99147,2022-07-08 21:10:00
1657315200,6276,3.2,109.2,0.336,Philo T. Farnsworth Elementary powered by UTOPIA Fiber,40.691936,-111.99147,2022-07-08 21:20:00
1657315800,6276,3.0,109.2,0.366,Philo T. Farnsworth Elementary powered by UTOPIA Fiber,40.691936,-111.99147,2022-07-08 21:30:00
1657316400,6276,2.4,108.8,0.542,Philo T. Farnsworth Elementary powered by UTOPIA Fiber,40.691936,-111.99147,2022-07-08 21:40:00
1657317000,6276,3.2,109.8,0.554,Philo T. Farnsworth Elementary powered by UTOPIA Fiber,40.691936,-111.99147,2022-07-08 21:50:00
1657317600,6276,2.8,109.0,0.322,Philo T. Farnsworth Elementary powered by UTOPIA Fiber,40.691936,-111.99147,2022-07-08 22:00:00
1657318200,6276,3.0,109.4,0.222,Philo T. Farnsworth Elementary powered by UTOPIA Fiber,40.691936,-111.99147,2022-07-08 22:10:00
1657318800,6276,2.4,109.8,0.37,Philo T. Farnsworth Elementary powered by UTOPIA Fiber,40.691936,-111.99147,2022-07-08 22:20:00
1657319400,6276,2.8,109.0,0.284,Philo T. Farnsworth Elementary powered by UTOPIA Fiber,40.691936,-111.99147,2022-07-08 22:30:00
1657320000,6276,2.2,109.0,0.19,Philo T. Farnsworth Elementary powered by UTOPIA Fiber,40.691936,-111.99147,2022-07-08 22:40:00
1657320600,6276,2.2,109.0,0.294,Philo T. Farnsworth Elementary powered by UTOPIA Fiber,40.691936,-111.99147,2022-07-08 22:50:00
1657321200,6276,2.8,108.0,0.368,Philo T. Farnsworth Elementary powered by UTOPIA Fiber,40.691936,-111.99147,2022-07-08 23:00:00
1657321800,6276,3.0,107.6,0.234,Philo T. Farnsworth Elementary powered by UTOPIA Fiber,40.691936,-111.99147,2022-07-08 23:10:00
1657322400,6276,2.4,108.0,0.146,Philo T. Farnsworth Elementary powered by UTOPIA Fiber,40.691936,-111.99147,2022-07-08 23:20:00
1657323000,6276,2.8,106.6,0.406,Philo T. Farnsworth Elementary powered by UTOPIA Fiber,40.691936,-111.99147,2022-07-08 23:30:00
1657323600,6276,3.0,105.4,0.366,Philo T. Farnsworth Elementary powered by UTOPIA Fiber,40.691936,-111.99147,2022-07-08 23:40:00
1657324200,6276,3.0,103.8,0.256,Philo T. Farnsworth Elementary powered by UTOPIA Fiber,40.691936,-111.99147,2022-07-08 23:50:00
