time_stamp,sensor_index,humidity,temperature,pm2.5,sensor_name,latitude,longitude,datetime
1654905600,6276,10.6,102.6,1.198,Philo T. Farnsworth Elementary powered by UTOPIA Fiber,40.691936,-111.99147,2022-06-11 00:00:00
1654906200,6276,12.2,102.0,1.218,Philo T. Farnsworth Elementary powered by UTOPIA Fiber,40.691936,-111.99147,2022-06-11 00:10:00
1654906800,6276,11.0,101.2,1.048,Philo T. Farnsworth Elementary powered by UTOPIA Fiber,40.691936,-111.99147,2022-06-11 00:20:00
1654907400,6276,10.4,100.2,1.05,Philo T. Farnsworth Elementary powered by UTOPIA Fiber,40.691936,-111.99147,2022-06-11 00:30:00
1654908000,6276,11.4,100.0,1.498,Philo T. Farnsworth Elementary powered by UTOPIA Fiber,40.691936,-111.99147,2022-06-11 00:40:00
1654908600,6276,12.0,99.4,1.012,Philo T. Farnsworth Elementary powered by UTOPIA Fiber,40.691936,-111.99147,2022-06-11 00:50:00
1654909200,6276,12.4,98.6,1.134,Philo T. Farnsworth Elementary powered by UTOPIA Fiber,40.691936,-111.99147,2022-06-11 01:00:00
1654909800,6276,12.8,98.0,1.106,Philo T. Farnsworth Elementary powered by UTOPIA Fiber,40.691936,-111.99147,2022-06-11 01:10:00
1654910400,6276,12.6,97.0,1.248,Philo T. Farnsworth Elementary powered by UTOPIA Fiber,40.691936,-111.99147,2022-06-11 01:20:00
1654911000,6276,13.2,97.0,1.366,Philo T. Farnsworth Elementary powered by UTOPIA Fiber,40.691936,-111.99147,2022-06-11 01:30:00
1654911600,6276,13.2,96.0,1.386,Philo T. Farnsworth Elementary powered by UTOPIA Fiber,40.691936,-111.99147,2022-06-11 01:40:00
1654912200,6276,12.8,96.0,1.098,Philo T. Farnsworth Elementary powered by UTOPIA Fiber,40.691936,-111.99147,2022-06-11 01:50:00
1654912800,6276,13.0,95.4,1.1,Philo T. Farnsworth Elementary powered by UTOPIA Fiber,40.691936,-111.99147,2022-06-11 02:00:00
1654913400,6276,13.0,95.0,1.434,Philo T. Farnsworth Elementary powered by UTOPIA Fiber,40.691936,-111.99147,2022-06-11 02:10:00
1654914000,6276,13.8,94.2,1.432,Philo T. Farnsworth Elementary powered by UTOPIA Fiber,40.691936,-111.99147,2022-06-11 02:20:00
1654914600,6276,14.8,93.4,1.564,Philo T. Farnsworth Elementary powered by UTOPIA Fiber,40.691936,-111.99147,2022-06-11 02:30:00
1654915200,6276,16.6,92.2,1.992,Philo T. Farnsworth Elementary powered by UTOPIA Fiber,40.691936,-111.99147,2022-06-11 02:40:00
1654915800,6276,16.6,91.0,2.38,Philo T. Farnsworth Elementary powered by UTOPIA Fiber,40.691936,-111.99147,2022-06-11 02:50:00
1654916400,6276,17.0,90.4,2.968,Philo T. Farnsworth Elementary powered by UTOPIA Fiber,40.691936,-111.99147,2022-06-11 03:00:00
1654917000,6276,17.8,90.0,2.826,Philo T. Farnsworth Elementary powered by UTOPIA Fiber,40.691936,-111.99147,2022-06-11 03:10:00
1654917600,6276,18.0,89.0,3.742,Philo T. Farnsworth Elementary powered by UTOPIA Fiber,40.691936,-111.99147,2022-06-11 03:20:00
1654918200,6276,18.6,88.6,5.082,Philo T. Farnsworth Elementary powered by UTOPIA Fiber,40.691936,-111.99147,2022-06-11 03:30:00
1654918800,6276,19.4,87.6,5.712,Philo T. Farnsworth Elementary powered by UTOPIA Fiber,40.691936,-111.99147,2022-06-11 03:40:00
1654919400,6276,20.4,86.6,6.192,Philo T. Farnsworth Elementary powered by UTOPIA Fiber,40.691936,-111.99147,2022-06-11 03:50:00
1654920000,6276,21.6,86.0,7.908,Philo T. Farnsworth Elementary powered by UTOPIA Fiber,40.691936,-111.99147,2022-06-11 04:00:00
1654920600,6276,23.4,85.2,6.298,Philo T. Farnsworth Elementary powered by UTOPIA Fiber,40.691936,-111.99147,2022-06-11 04:10:00
1654921200,6276,24.8,84.0,5.566,Philo T. Farnsworth Elementary powered by UTOPIA Fiber,40.691936,-111.99147,2022-06-11 04:20:00
1654921800,6276,25.0,83.4,5.718,Philo T. Farnsworth Elementary powered by UTOPIA Fiber,40.691936,-111.99147,2022-06-11 04:30:00
1654922400,6276,26.6,82.2,6.65,Philo T. Farnsworth Elementary powered by UTOPIA Fiber,40.691936,-111.99147,2022-06-11 04:40:00
1654923000,6276,27.2,81.8,6.486,Philo T. Farnsworth Elementary powered by UTOPIA Fiber,40.691936,-111.99147,2022-06-11 04:50:00
1654923600,6276,29.4,80.4,7.628,Philo T. Farnsworth Elementary powered by UTOPIA Fiber,40.691936,-111.99147,2022-06-11 05:00:00
1654924200,6276,31.2,79.2,12.124,Philo T. Farnsworth Elementary powered by UTOPIA Fiber,40.691936,-111.99147,2022-06-11 05:10:00
1654924800,6276,30.2,79.0,9.768,Philo T. Farnsworth Elementary powered by UTOPIA Fiber,40.691936,-111.99147,2022-06-11 05:20:00
1654925400,6276,28.2,79.2,6.986,Philo T. Farnsworth Elementary powered by UTOPIA Fiber,40.691936,-111.99147,2022-06-11 05:30:00
1654926000,6276,26.4,80.0,5.394,Philo T. Farnsworth Elementary powered by UTOPIA Fiber,40.691936,-111.99147,2022-06-11 05:40:00
1654926600,6276,26.0,80.0,5.492,Philo T. Farnsworth Elementary powered by UTOPIA Fiber,40.691936,-111.99147,2022-06-11 05:50:00
1654927200,6276,25.6,80.0,5.324,Philo T. Farnsworth Elementary powered by UTOPIA Fiber,40.691936,-111.99147,2022-06-11 06:00:00
1654927800,6276,24.8,81.0,5.822,Philo T. Farnsworth Elementary powered by UTOPIA Fiber,40.691936,-111.99147,2022-06-11 06:10:00
1654928400,6276,25.2,80.8,6.498,Philo T. Farnsworth Elementary powered by UTOPIA Fiber,40.691936,-111.99147,2022-06-11 06:20:00
1654929000,6276,27.2,79.6,8.38,Philo T. Farnsworth Elementary powered by UTOPIA Fiber,40.691936,-111.99147,2022-06-11 06:30:00
1654929600,6276,28.2,78.4,7.558,Philo T. Farnsworth Elementary powered by UTOPIA Fiber,40.691936,-111.99147,2022-06-11 06:40:00
1654930200,6276,29.4,78.0,6.84,Philo T. Farnsworth Elementary powered by UTOPIA Fiber,40.691936,-111.99147,2022-06-11 06:50:00
1654930800,6276,29.0,78.0,6.886,Philo T. Farnsworth Elementary powered by UTOPIA Fiber,40.691936,-111.99147,2022-06-11 07:00:00
1654931400,6276,29.2,78.0,7.006,Philo T. Farnsworth Elementary powered by UTOPIA Fiber,40.691936,-111.99147,2022-06-11 07:10:00
1654932000,6276,30.2,77.0,7.498,Philo T. Farnsworth Elementary powered by UTOPIA Fiber,40.691936,-111.99147,2022-06-11 07:20:00
1654932600,6276,31.8,76.6,8.032,Philo T. Farnsworth Elementary powered by UTOPIA Fiber,40.691936,-111.99147,2022-06-11 07:30:00
1654933200,6276,31.6,76.0,8.848,Philo T. Farnsworth Elementary powered by UTOPIA Fiber,40.691936,-111.99147,2022-06-11 07:40:00
1654933800,6276,28.4,76.8,7.052,Philo T. Farnsworth Elementary powered by UTOPIA Fiber,40.691936,-111.99147,2022-06-11 07:50:00
1654934400,6276,24.6,78.4,4.588,Philo T. Farnsworth Elementary powered by UTOPIA Fiber,40.691936,-111.99147,2022-06-11 08:00:00
1654935000,6276,25.8,78.6,7.062,Philo T. Farnsworth Elementary powered by UTOPIA Fiber,40.691936,-111.99147,2022-06-11 08:10:00
1654935600,6276,27.6,78.0,7.77,Philo T. Farnsworth Elementary powered by UTOPIA Fiber,40.691936,-111.99147,2022-06-11 08:20:00
1654936200,6276,25.2,78.0,5.906,Philo T. Farnsworth Elementary powered by UTOPIA Fiber,40.691936,-111.99147,2022-06-11 08:30:00
1654936800,6276,24.2,78.8,4.562,Philo T. Farnsworth Elementary powered by UTOPIA Fiber,40.691936,-111.99147,2022-06-11 08:40:00
1654937400,6276,24.6,78.8,4.674,Philo T. Farnsworth Elementary powered by UTOPIA Fiber,40.691936,-111.99147,2022-06-11 08:50:00
1654938000,6276,24.6,79.0,4.408,Philo T. Farnsworth Elementary powered by UTOPIA Fiber,40.691936,-111.99147,2022-06-11 09:00:00
1654938600,6276,25.6,78.8,5.358,Philo T. Farnsworth Elementary powered by UTOPIA Fiber,40.691936,-111.99147,2022-06-11 09:10:00
1654939200,6276,26.6,78.0,5.468,Philo T. Farnsworth Elementary powered by UTOPIA Fiber,40.691936,-111.99147,2022-06-11 09:20:00
1654939800,6276,26.4,78.0,5.014,Philo T. Farnsworth Elementary powered by UTOPIA Fiber,40.691936,-111.99147,2022-06-11 09:30:00
1654940400,6276,28.0,77.4,5.144,Philo T. Farnsworth Elementary powered by UTOPIA Fiber,40.691936,-111.99147,2022-06-11 09:40:00
1654941000,6276,28.8,77.0,5.15,Philo T. Farnsworth Elementary powered by UTOPIA Fiber,40.691936,-111.99147,2022-06-11 09:50:00
1654941600,6276,29.4,76.0,5.17,Philo T. Farnsworth Elementary powered by UTOPIA Fiber,40.691936,-111.99147,2022-06-11 10:00:00
1654942200,6276,30.0,75.4,5.42,Philo T. Farnsworth Elementary powered by UTOPIA Fiber,40.691936,-111.99147,2022-06-11 10:10:00
1654942800,6276,30.6,75.0,5.55,Philo T. Farnsworth Elementary powered by UTOPIA Fiber,40.691936,-111.99147,2022-06-11 10:20:00
1654943400,6276,30.0,75.0,5.922,Philo T. Farnsworth Elementary powered by UTOPIA Fiber,40.691936,-111.99147,2022-06-11 10:30:00
1654944000,6276,30.2,75.0,5.542,Philo T. Farnsworth Elementary powered by UTOPIA Fiber,40.691936,-111.99147,2022-06-11 10:40:00
1654944600,6276,31.0,74.6,6.0,Philo T. Farnsworth Elementary powered by UTOPIA Fiber,40.691936,-111.99147,2022-06-11 10:50:00
1654945200,6276,31.4,74.0,5.638,Philo T. Farnsworth Elementary powered by UTOPIA Fiber,40.691936,-111.99147,2022-06-11 11:00:00
1654945800,6276,30.2,75.0,5.168,Philo T. Farnsworth Elementary powered by UTOPIA Fiber,40.691936,-111.99147,2022-06-11 11:10:00
1654946400,6276,30.2,74.8,4.676,Philo T. Farnsworth Elementary powered by UTOPIA Fiber,40.691936,-111.99147,2022-06-11 11:20:00
1654947000,6276,30.6,74.0,4.59,Philo T. Farnsworth Elementary powered by UTOPIA Fiber,40.691936,-111.99147,2022-06-11 11:30:00
1654947600,6276,30.8,73.6,4.864,Philo T. Farnsworth Elementary powered by UTOPIA Fiber,40.691936,-111.99147,2022-06-11 11:40:00
1654948200,6276,31.4,74.0,4.722,Philo T. Farnsworth Elementary powered by UTOPIA Fiber,40.691936,-111.99147,2022-06-11 11:50:00
1654948800,6276,32.8,73.8,5.45,Philo T. Farnsworth Elementary powered by UTOPIA Fiber,40.691936,-111.99147,2022-06-11 12:00:00
1654949400,6276,34.0,73.0,6.166,Philo T. Farnsworth Elementary powered by UTOPIA Fiber,40.691936,-111.99147,2022-06-11 12:10:00
1654950000,6276,34.0,73.0,5.894,Philo T. Farnsworth Elementary powered by UTOPIA Fiber,40.691936,-111.99147,2022-06-11 12:20:00
1654950600,6276,34.6,73.2,5.36,Philo T. Farnsworth Elementary powered by UTOPIA Fiber,40.691936,-111.99147,2022-06-11 12:30:00
1654951200,6276,33.6,74.0,5.186,Philo T. Farnsworth Elementary powered by UTOPIA Fiber,40.691936,-111.99147,2022-06-11 12:40:00
1654951800,6276,33.8,74.2,5.116,Philo T. Farnsworth Elementary powered by UTOPIA Fiber,40.691936,-111.99147,2022-06-11 12:50:00
1654952400,6276,34.0,75.2,5.594,Philo T. Farnsworth Elementary powered by UTOPIA Fiber,40.691936,-111.99147,2022-06-11 13:00:00
1654953000,6276,32.4,76.0,5.654,Philo T. Farnsworth Elementary powered by UTOPIA Fiber,40.691936,-111.99147,2022-06-11 13:10:00
1654953600,6276,32.0,76.8,5.748,Philo T. Farnsworth Elementary powered by UTOPIA Fiber,40.691936,-111.99147,2022-06-11 13:20:00
1654954200,6276,31.6,77.8,5.822,Philo T. Farnsworth Elementary powered by UTOPIA Fiber,40.691936,-111.99147,2022-06-11 13:30:00
1654954800,6276,31.6,78.0,5.682,Philo T. Farnsworth Elementary powered by UTOPIA Fiber,40.691936,-111.99147,2022-06-11 13:40:00
1654955400,6276,30.8,79.4,5.592,Philo T. Farnsworth Elementary powered by UTOPIA Fiber,40.691936,-111.99147,2022-06-11 13:50:00
1654956000,6276,29.6,80.4,5.79,Philo T. Farnsworth Elementary powered by UTOPIA Fiber,40.691936,-111.99147,2022-06-11 14:00:00
1654956600,6276,28.4,82.4,5.368,Philo T. Farnsworth Elementary powered by UTOPIA Fiber,40.691936,-111.99147,2022-06-11 14:10:00
1654957200,6276,28.0,83.0,5.46,Philo T. Farnsworth Elementary powered by UTOPIA Fiber,40.691936,-111.99147,2022-06-11 14:20:00
1654957800,6276,27.0,84.0,5.554,Philo T. Farnsworth Elementary powered by UTOPIA Fiber,40.691936,-111.99147,2022-06-11 14:30:00
1654958400,6276,26.6,85.0,4.756,Philo T. Farnsworth Elementary powered by UTOPIA Fiber,40.691936,-111.99147,2022-06-11 14:40:00
1654959000,6276,25.8,86.6,4.054,Philo T. Farnsworth Elementary powered by UTOPIA Fiber,40.691936,-111.99147,2022-06-11 14:50:00
1654959600,6276,25.6,88.4,3.948,Philo T. Farnsworth Elementary powered by UTOPIA Fiber,40.691936,-111.99147,2022-06-11 15:00:00
1654960200,6276,23.8,90.2,1.886,Philo T. Farnsworth Elementary powered by UTOPIA Fiber,40.691936,-111.99147,2022-06-11 15:10:00
1654960800,6276,24.2,92.2,2.098,Philo T. Farnsworth Elementary powered by UTOPIA Fiber,40.691936,-111.99147,2022-06-11 15:20:00
1654961400,6276,21.4,94.4,1.95,Philo T. Farnsworth Elementary powered by UTOPIA Fiber,40.691936,-111.99147,2022-06-11 15:30:00
1654962000,6276,20.2,96.6,1.93,Philo T. Farnsworth Elementary powered by UTOPIA Fiber,40.691936,-111.99147,2022-06-11 15:40:00
1654962600,6276,18.4,97.4,2.072,Philo T. Farnsworth Elementary powered by UTOPIA Fiber,40.691936,-111.99147,2022-06-11 15:50:00
1654963200,6276,17.2,97.2,1.652,Philo T. Farnsworth Elementary powered by UTOPIA Fiber,40.691936,-111.99147,2022-06-11 16:00:00
1654963800,6276,17.4,98.4,1.272,Philo T. Farnsworth Elementary powered by UTOPIA Fiber,40.691936,-111.99147,2022-06-11 16:10:00
1654964400,6276,17.2,99.6,1.394,Philo T. Farnsworth Elementary powered by UTOPIA Fiber,40.691936,-111.99147,2022-06-11 16:20:00
1654965000,6276,14.6,101.0,0.778,Philo T. Farnsworth Elementary powered by UTOPIA Fiber,40.691936,-111.99147,2022-06-11 16:30:00
1654965600,6276,12.8,102.2,0.484,Philo T. Farnsworth Elementary powered by UTOPIA Fiber,40.691936,-111.99147,2022-06-11 16:40:00
1654966200,6276,14.0,102.8,0.418,Philo T. Farnsworth Elementary powered by UTOPIA Fiber,40.691936,-111.99147,2022-06-11 16:50:00
1654966800,6276,12.6,104.2,0.136,Philo T. Farnsworth Elementary powered by UTOPIA Fiber,40.691936,-111.99147,2022-06-11 17:00:00
1654967400,6276,11.6,105.0,0.12,Philo T. Farnsworth Elementary powered by UTOPIA Fiber,40.691936,-111.99147,2022-06-11 17:10:00
1654968000,6276,11.2,106.0,0.21,Philo T. Farnsworth Elementary powered by UTOPIA Fiber,40.691936,-111.99147,2022-06-11 17:20:00
1654968600,6276,10.8,106.8,0.366,Philo T. Farnsworth Elementary powered by UTOPIA Fiber,40.691936,-111.99147,2022-06-11 17:30:00
1654969200,6276,10.2,107.0,0.086,Philo T. Farnsworth Elementary powered by UTOPIA Fiber,40.691936,-111.99147,2022-06-11 17:40:00
1654969800,6276,10.8,107.8,0.288,Philo T. Farnsworth Elementary powered by UTOPIA Fiber,40.691936,-111.99147,2022-06-11 17:50:00
1654970400,6276,10.6,107.8,0.252,Philo T. Farnsworth Elementary powered by UTOPIA Fiber,40.691936,-111.99147,2022-06-11 18:00:00
1654971000,6276,10.4,108.0,0.212,Philo T. Farnsworth Elementary powered by UTOPIA Fiber,40.691936,-111.99147,2022-06-11 18:10:00
1654971600,6276,10.2,108.6,0.228,Philo T. Farnsworth Elementary powered by UTOPIA Fiber,40.691936,-111.99147,2022-06-11 18:20:00
1654972200,6276,10.2,109.4,4.324,Philo T. Farnsworth Elementary powered by UTOPIA Fiber,40.691936,-111.99147,2022-06-11 18:30:00
1654972800,6276,10.2,110.0,0.494,Philo T. Farnsworth Elementary powered by UTOPIA Fiber,40.691936,-111.99147,2022-06-11 18:40:00
1654973400,6276,10.2,110.6,0.398,Philo T. Farnsworth Elementary powered by UTOPIA Fiber,40.691936,-111.99147,2022-06-11 18:50:00
1654974000,6276,9.8,111.0,0.24,Philo T. Farnsworth Elementary powered by UTOPIA Fiber,40.691936,-111.99147,2022-06-11 19:00:00
1654974600,6276,8.8,110.8,0.168,Philo T. Farnsworth Elementary powered by UTOPIA Fiber,40.691936,-111.99147,2022-06-11 19:10:00
1654975200,6276,8.8,112.2,0.436,Philo T. Farnsworth Elementary powered by UTOPIA Fiber,40.691936,-111.99147,2022-06-11 19:20:00
1654975800,6276,9.0,112.8,0.732,Philo T. Farnsworth Elementary powered by UTOPIA Fiber,40.691936,-111.99147,2022-06-11 19:30:00
1654976400,6276,8.8,112.6,1.03,Philo T. Farnsworth Elementary powered by UTOPIA Fiber,40.691936,-111.99147,2022-06-11 19:40:00
1654977000,6276,7.6,113.6,1.002,Philo T. Farnsworth Elementary powered by UTOPIA Fiber,40.691936,-111.99147,2022-06-11 19:50:00
1654977600,6276,8.0,114.0,1.146,Philo T. Farnsworth Elementary powered by UTOPIA Fiber,40.691936,-111.99147,2022-06-11 20:00:00
1654978200,6276,8.8,113.0,1.204,Philo T. Farnsworth Elementary powered by UTOPIA Fiber,40.691936,-111.99147,2022-06-11 20:10:00
1654978800,6276,9.2,111.0,1.07,Philo T. Farnsworth Elementary powered by UTOPIA Fiber,40.691936,-111.99147,2022-06-11 20:20:00
1654979400,6276,8.8,110.0,1.082,Philo T. Farnsworth Elementary powered by UTOPIA Fiber,40.691936,-111.99147,2022-06-11 20:30:00
1654980000,6276,9.4,110.8,0.816,Philo T. Farnsworth Elementary powered by UTOPIA Fiber,40.691936,-111.99147,2022-06-11 20:40:00
1654980600,6276,9.4,112.2,0.612,Philo T. Farnsworth Elementary powered by UTOPIA Fiber,40.691936,-111.99147,2022-06-11 20:50:00
1654981200,6276,8.8,114.0,0.398,Philo T. Farnsworth Elementary powered by UTOPIA Fiber,40.691936,-111.99147,2022-06-11 21:00:00
1654981800,6276,8.2,114.0,0.248,Philo T. Farnsworth Elementary powered by UTOPIA Fiber,40.691936,-111.99147,2022-06-11 21:10:00
1654982400,6276,7.4,114.8,0.392,Philo T. Farnsworth Elementary powered by UTOPIA Fiber,40.691936,-111.99147,2022-06-11 21:20:00
1654983000,6276,6.8,114.2,0.348,Philo T. Farnsworth Elementary powered by UTOPIA Fiber,40.691936,-111.99147,2022-06-11 21:30:00
1654983600,6276,7.4,114.0,0.416,Philo T. Farnsworth Elementary powered by UTOPIA Fiber,40.691936,-111.99147,2022-06-11 21:40:00
1654984200,6276,7.6,114.2,0.594,Philo T. Farnsworth Elementary powered by UTOPIA Fiber,40.691936,-111.99147,2022-06-11 21:50:00
1654984800,6276,7.0,114.0,0.416,Philo T. Farnsworth Elementary powered by UTOPIA Fiber,40.691936,-111.99147,2022-06-11 22:00:00
1654985400,6276,7.6,114.0,0.442,Philo T. Farnsworth Elementary powered by UTOPIA Fiber,40.691936,-111.99147,2022-06-11 22:10:00
1654986000,6276,7.2,112.8,0.594,Philo T. Farnsworth Elementary powered by UTOPIA Fiber,40.691936,-111.99147,2022-06-11 22:20:00
1654986600,6276,7.4,112.2,0.498,Philo T. Farnsworth Elementary powered by UTOPIA Fiber,40.691936,-111.99147,2022-06-11 22:30:00
1654987200,6276,7.8,112.2,0.46,Philo T. Farnsworth Elementary powered by UTOPIA Fiber,40.691936,-111.99147,2022-06-11 22:40:00
1654987800,6276,7.6,112.0,0.38,Philo T. Farnsworth Elementary powered by UTOPIA Fiber,40.691936,-111.99147,2022-06-11 22:50:00
1654988400,6276,6.8,111.2,0.49,Philo T. Farnsworth Elementary powered by UTOPIA Fiber,40.691936,-111.99147,2022-06-11 23:00:00
1654989000,6276,7.6,109.8,1.788,Philo T. Farnsworth Elementary powered by UTOPIA Fiber,40.691936,-111.99147,2022-06-11 23:10:00
1654989600,6276,8.0,109.0,0.726,Philo T. Farnsworth Elementary powered by UTOPIA Fiber,40.691936,-111.99147,2022-06-11 23:20:00
1654990200,6276,8.0,107.6,0.966,Philo T. Farnsworth Elementary powered by UTOPIA Fiber,40.691936,-111.99147,2022-06-11 23:30:00
1654990800,6276,8.6,106.0,1.48,Philo T. Farnsworth Elementary powered by UTOPIA Fiber,40.691936,-111.99147,2022-06-11 23:40:00
1654991400,6276,10.6,104.6,0.284,Philo T. Farnsworth Elementary powered by UTOPIA Fiber,40.691936,-111.99147,2022-06-11 23:50:00
1654992000,6276,10.6,103.4,0.606,Philo T. Farnsworth Elementary powered by UTOPIA Fiber,40.691936,-111.99147,2022-06-12 00:00:00
1654992600,6276,10.2,102.2,0.466,Philo T. Farnsworth Elementary powered by UTOPIA Fiber,40.691936,-111.99147,2022-06-12 00:10:00
1654993200,6276,10.8,101.2,0.54,Philo T. Farnsworth Elementary powered by UTOPIA Fiber,40.691936,-111.99147,2022-06-12 00:20:00
1654993800,6276,10.6,100.2,0.496,Philo T. Farnsworth Elementary powered by UTOPIA Fiber,40.691936,-111.99147,2022-06-12 00:30:00
1654994400,6276,11.2,100.0,0.786,Philo T. Farnsworth Elementary powered by UTOPIA Fiber,40.691936,-111.99147,2022-06-12 00:40:00
1654995000,6276,11.0,99.2,0.736,Philo T. Farnsworth Elementary powered by UTOPIA Fiber,40.691936,-111.99147,2022-06-12 00:50:00
1654995600,6276,11.8,99.0,0.556,Philo T. Farnsworth Elementary powered by UTOPIA Fiber,40.691936,-111.99147,2022-06-12 01:00:00
1654996200,6276,12.2,98.2,0.422,Philo T. Farnsworth Elementary powered by UTOPIA Fiber,40.691936,-111.99147,2022-06-12 01:10:00
1654996800,6276,12.4,98.0,0.392,Philo T. Farnsworth Elementary powered by UTOPIA Fiber,40.691936,-111.99147,2022-06-12 01:20:00
1654997400,6276,11.0,97.2,0.532,Philo T. Farnsworth Elementary powered by UTOPIA Fiber,40.691936,-111.99147,2022-06-12 01:30:00
1654998000,6276,11.6,97.0,0.874,Philo T. Farnsworth Elementary powered by UTOPIA Fiber,40.691936,-111.99147,2022-06-12 01:40:00
1654998600,6276,12.4,96.0,0.72,Philo T. Farnsworth Elementary powered by UTOPIA Fiber,40.691936,-111.99147,2022-06-12 01:50:00
1654999200,6276,11.6,95.8,0.516,Philo T. Farnsworth Elementary powered by UTOPIA Fiber,40.691936,-111.99147,2022-06-12 02:00:00
1654999800,6276,13.6,94.4,0.906,Philo T. Farnsworth Elementary powered by UTOPIA Fiber,40.691936,-111.99147,2022-06-12 02:10:00
1655000400,6276,16.2,93.6,1.394,Philo T. Farnsworth Elementary powered by UTOPIA Fiber,40.691936,-111.99147,2022-06-12 02:20:00
1655001000,6276,18.6,92.0,3.498,Philo T. Farnsworth Elementary powered by UTOPIA Fiber,40.691936,-111.99147,2022-06-12 02:30:00
1655001600,6276,20.0,90.6,9.156,Philo T. Farnsworth Elementary powered by UTOPIA Fiber,40.691936,-111.99147,2022-06-12 02:40:00
1655002200,6276,21.8,89.6,12.064,Philo T. Farnsworth Elementary powered by UTOPIA Fiber,40.691936,-111.99147,2022-06-12 02:50:00
1655002800,6276,22.4,88.4,8.47,Philo T. Farnsworth Elementary powered by UTOPIA Fiber,40.691936,-111.99147,2022-06-12 03:00:00
1655003400,6276,22.8,88.0,10.204,Philo T. Farnsworth Elementary powered by UTOPIA Fiber,40.691936,-111.99147,2022-06-12 03:10:00
1655004000,6276,22.6,87.4,7.958,Philo T. Farnsworth Elementary powered by UTOPIA Fiber,40.691936,-111.99147,2022-06-12 03:20:00
1655004600,6276,24.2,86.2,8.072,Philo T. Farnsworth Elementary powered by UTOPIA Fiber,40.691936,-111.99147,2022-06-12 03:30:00
1655005200,6276,22.4,86.0,8.62,Philo T. Farnsworth Elementary powered by UTOPIA Fiber,40.691936,-111.99147,2022-06-12 03:40:00
1655005800,6276,23.4,85.6,8.722,Philo T. Farnsworth Elementary powered by UTOPIA Fiber,40.691936,-111.99147,2022-06-12 03:50:00
1655006400,6276,23.8,85.0,8.606,Philo T. Farnsworth Elementary powered by UTOPIA Fiber,40.691936,-111.99147,2022-06-12 04:00:00
1655007000,6276,25.2,84.0,9.05,Philo T. Farnsworth Elementary powered by UTOPIA Fiber,40.691936,-111.99147,2022-06-12 04:10:00
1655007600,6276,26.4,83.2,10.036,Philo T. Farnsworth Elementary powered by UTOPIA Fiber,40.691936,-111.99147,2022-06-12 04:20:00
1655008200,6276,28.2,82.4,11.702,Philo T. Farnsworth Elementary powered by UTOPIA Fiber,40.691936,-111.99147,2022-06-12 04:30:00
1655008800,6276,28.6,81.6,20.382,Philo T. Farnsworth Elementary powered by UTOPIA Fiber,40.691936,-111.99147,2022-06-12 04:40:00
1655009400,6276,29.6,81.0,16.212,Philo T. Farnsworth Elementary powered by UTOPIA Fiber,40.691936,-111.99147,2022-06-12 04:50:00
1655010000,6276,37.4,79.6,16.402,Philo T. Farnsworth Elementary powered by UTOPIA Fiber,40.691936,-111.99147,2022-06-12 05:00:00
1655010600,6276,40.4,77.4,11.674,Philo T. Farnsworth Elementary powered by UTOPIA Fiber,40.691936,-111.99147,2022-06-12 05:10:00
1655011200,6276,45.2,75.0,12.358,Philo T. Farnsworth Elementary powered by UTOPIA Fiber,40.691936,-111.99147,2022-06-12 05:20:00
1655011800,6276,45.2,73.4,13.756,Philo T. Farnsworth Elementary powered by UTOPIA Fiber,40.691936,-111.99147,2022-06-12 05:30:00
1655012400,6276,49.2,71.8,14.312,Philo T. Farnsworth Elementary powered by UTOPIA Fiber,40.691936,-111.99147,2022-06-12 05:40:00
1655013000,6276,49.2,71.0,15.068,Philo T. Farnsworth Elementary powered by UTOPIA Fiber,40.691936,-111.99147,2022-06-12 05:50:00
1655013600,6276,48.8,70.2,9.266,Philo T. Farnsworth Elementary powered by UTOPIA Fiber,40.691936,-111.99147,2022-06-12 06:00:00
1655014200,6276,49.6,70.0,7.712,Philo T. Farnsworth Elementary powered by UTOPIA Fiber,40.691936,-111.99147,2022-06-12 06:10:00
1655014800,6276,51.4,69.0,9.094,Philo T. Farnsworth Elementary powered by UTOPIA Fiber,40.691936,-111.99147,2022-06-12 06:20:00
1655015400,6276,50.2,69.0,11.226,Philo T. Farnsworth Elementary powered by UTOPIA Fiber,40.691936,-111.99147,2022-06-12 06:30:00
1655016000,6276,46.8,69.6,9.974,Philo T. Farnsworth Elementary powered by UTOPIA Fiber,40.691936,-111.99147,2022-06-12 06:40:00
1655016600,6276,42.4,70.8,8.822,Philo T. Farnsworth Elementary powered by UTOPIA Fiber,40.691936,-111.99147,2022-06-12 06:50:00
1655017200,6276,38.8,72.0,7.456,Philo T. Farnsworth Elementary powered by UTOPIA Fiber,40.691936,-111.99147,2022-06-12 07:00:00
1655017800,6276,38.8,72.2,7.04,Philo T. Farnsworth Elementary powered by UTOPIA Fiber,40.691936,-111.99147,2022-06-12 07:10:00
1655018400,6276,37.6,72.6,6.522,Philo T. Farnsworth Elementary powered by UTOPIA Fiber,40.691936,-111.99147,2022-06-12 07:20:00
1655019000,6276,37.2,72.2,6.384,Philo T. Farnsworth Elementary powered by UTOPIA Fiber,40.691936,-111.99147,2022-06-12 07:30:00
1655019600,6276,36.6,72.8,7.122,Philo T. Farnsworth Elementary powered by UTOPIA Fiber,40.691936,-111.99147,2022-06-12 07:40:00
1655020200,6276,35.2,73.0,7.1,Philo T. Farnsworth Elementary powered by UTOPIA Fiber,40.691936,-111.99147,2022-06-12 07:50:00
1655020800,6276,35.4,73.2,8.192,Philo T. Farnsworth Elementary powered by UTOPIA Fiber,40.691936,-111.99147,2022-06-12 08:00:00
1655021400,6276,35.0,73.8,7.582,Philo T. Farnsworth Elementary powered by UTOPIA Fiber,40.691936,-111.99147,2022-06-12 08:10:00
1655022000,6276,35.2,73.2,7.49,Philo T. Farnsworth Elementary powered by UTOPIA Fiber,40.691936,-111.99147,2022-06-12 08:20:00
1655022600,6276,34.0,73.8,6.952,Philo T. Farnsworth Elementary powered by UTOPIA Fiber,40.691936,-111.99147,2022-06-12 08:30:00
1655023200,6276,33.6,74.0,6.472,Philo T. Farnsworth Elementary powered by UTOPIA Fiber,40.691936,-111.99147,2022-06-12 08:40:00
1655023800,6276,33.2,74.0,7.206,Philo T. Farnsworth Elementary powered by UTOPIA Fiber,40.691936,-111.99147,2022-06-12 08:50:00
1655024400,6276,33.2,74.0,7.49,Philo T. Farnsworth Elementary powered by UTOPIA Fiber,40.691936,-111.99147,2022-06-12 09:00:00
1655025000,6276,33.0,74.0,8.13,Philo T. Farnsworth Elementary powered by UTOPIA Fiber,40.691936,-111.99147,2022-06-12 09:10:00
1655025600,6276,31.2,74.0,10.486,Philo T. Farnsworth Elementary powered by UTOPIA Fiber,40.691936,-111.99147,2022-06-12 09:20:00
1655026200,6276,31.0,74.0,10.614,Philo T. Farnsworth Elementary powered by UTOPIA Fiber,40.691936,-111.99147,2022-06-12 09:30:00
1655026800,6276,32.0,73.0,10.328,Philo T. Farnsworth Elementary powered by UTOPIA Fiber,40.691936,-111.99147,2022-06-12 09:40:00
1655027400,6276,33.0,73.0,10.524,Philo T. Farnsworth Elementary powered by UTOPIA Fiber,40.691936,-111.99147,2022-06-12 09:50:00
1655028000,6276,35.0,72.0,9.65,Philo T. Farnsworth Elementary powered by UTOPIA Fiber,40.691936,-111.99147,2022-06-12 10:00:00
1655028600,6276,34.4,72.0,7.476,Philo T. Farnsworth Elementary powered by UTOPIA Fiber,40.691936,-111.99147,2022-06-12 10:10:00
1655029200,6276,34.6,72.0,7.358,Philo T. Farnsworth Elementary powered by UTOPIA Fiber,40.691936,-111.99147,2022-06-12 10:20:00
1655029800,6276,35.6,72.0,6.822,Philo T. Farnsworth Elementary powered by UTOPIA Fiber,40.691936,-111.99147,2022-06-12 10:30:00
1655030400,6276,36.2,71.4,6.312,Philo T. Farnsworth Elementary powered by UTOPIA Fiber,40.691936,-111.99147,2022-06-12 10:40:00
1655031000,6276,35.4,71.6,5.984,Philo T. Farnsworth Elementary powered by UTOPIA Fiber,40.691936,-111.99147,2022-06-12 10:50:00
1655031600,6276,35.6,71.0,6.048,Philo T. Farnsworth Elementary powered by UTOPIA Fiber,40.691936,-111.99147,2022-06-12 11:00:00
1655032200,6276,33.6,71.0,6.004,Philo T. Farnsworth Elementary powered by UTOPIA Fiber,40.691936,-111.99147,2022-06-12 11:10:00
1655032800,6276,31.8,71.0,4.552,Philo T. Farnsworth Elementary powered by UTOPIA Fiber,40.691936,-111.99147,2022-06-12 11:20:00
1655033400,6276,31.8,71.0,4.616,Philo T. Farnsworth Elementary powered by UTOPIA Fiber,40.691936,-111.99147,2022-06-12 11:30:00
1655034000,6276,31.0,71.0,4.608,Philo T. Farnsworth Elementary powered by UTOPIA Fiber,40.691936,-111.99147,2022-06-12 11:40:00
1655034600,6276,31.6,71.0,3.804,Philo T. Farnsworth Elementary powered by UTOPIA Fiber,40.691936,-111.99147,2022-06-12 11:50:00
1655035200,6276,32.2,71.0,3.154,Philo T. Farnsworth Elementary powered by UTOPIA Fiber,40.691936,-111.99147,2022-06-12 12:00:00
1655035800,6276,34.4,70.4,3.358,Philo T. Farnsworth Elementary powered by UTOPIA Fiber,40.691936,-111.99147,2022-06-12 12:10:00
1655036400,6276,35.2,70.0,3.178,Philo T. Farnsworth Elementary powered by UTOPIA Fiber,40.691936,-111.99147,2022-06-12 12:20:00
1655037000,6276,36.6,70.2,3.698,Philo T. Farnsworth Elementary powered by UTOPIA Fiber,40.691936,-111.99147,2022-06-12 12:30:00
1655037600,6276,36.8,71.0,4.192,Philo T. Farnsworth Elementary powered by UTOPIA Fiber,40.691936,-111.99147,2022-06-12 12:40:00
1655038200,6276,37.8,71.0,4.416,Philo T. Farnsworth Elementary powered by UTOPIA Fiber,40.691936,-111.99147,2022-06-12 12:50:00
1655038800,6276,37.8,72.0,4.384,Philo T. Farnsworth Elementary powered by UTOPIA Fiber,40.691936,-111.99147,2022-06-12 13:00:00
1655039400,6276,37.4,73.0,4.476,Philo T. Farnsworth Elementary powered by UTOPIA Fiber,40.691936,-111.99147,2022-06-12 13:10:00
1655040000,6276,36.8,74.4,4.332,Philo T. Farnsworth Elementary powered by UTOPIA Fiber,40.691936,-111.99147,2022-06-12 13:20:00
1655040600,6276,34.0,75.8,4.312,Philo T. Farnsworth Elementary powered by UTOPIA Fiber,40.691936,-111.99147,2022-06-12 13:30:00
1655041200,6276,33.0,77.0,4.1,Philo T. Farnsworth Elementary powered by UTOPIA Fiber,40.691936,-111.99147,2022-06-12 13:40:00
1655041800,6276,32.4,78.2,4.092,Philo T. Farnsworth Elementary powered by UTOPIA Fiber,40.691936,-111.99147,2022-06-12 13:50:00
1655042400,6276,30.8,79.2,4.066,Philo T. Farnsworth Elementary powered by UTOPIA Fiber,40.691936,-111.99147,2022-06-12 14:00:00
1655043000,6276,29.4,80.2,2.96,Philo T. Farnsworth Elementary powered by UTOPIA Fiber,40.691936,-111.99147,2022-06-12 14:10:00
1655043600,6276,28.4,81.2,2.796,Philo T. Farnsworth Elementary powered by UTOPIA Fiber,40.691936,-111.99147,2022-06-12 14:20:00
1655044200,6276,27.4,82.6,2.416,Philo T. Farnsworth Elementary powered by UTOPIA Fiber,40.691936,-111.99147,2022-06-12 14:30:00
1655044800,6276,25.2,83.8,2.142,Philo T. Farnsworth Elementary powered by UTOPIA Fiber,40.691936,-111.99147,2022-06-12 14:40:00
1655045400,6276,24.2,84.8,2.244,Philo T. Farnsworth Elementary powered by UTOPIA Fiber,40.691936,-111.99147,2022-06-12 14:50:00
1655046000,6276,24.2,86.2,2.03,Philo T. Farnsworth Elementary powered by UTOPIA Fiber,40.691936,-111.99147,2022-06-12 15:00:00
1655046600,6276,23.0,87.8,2.446,Philo T. Farnsworth Elementary powered by UTOPIA Fiber,40.691936,-111.99147,2022-06-12 15:10:00
1655047200,6276,21.2,90.8,2.61,Philo T. Farnsworth Elementary powered by UTOPIA Fiber,40.691936,-111.99147,2022-06-12 15:20:00
1655047800,6276,19.8,93.0,2.892,Philo T. Farnsworth Elementary powered by UTOPIA Fiber,40.691936,-111.99147,2022-06-12 15:30:00
1655048400,6276,16.6,94.6,1.894,Philo T. Farnsworth Elementary powered by UTOPIA Fiber,40.691936,-111.99147,2022-06-12 15:40:00
1655049000,6276,15.6,96.2,2.156,Philo T. Farnsworth Elementary powered by UTOPIA Fiber,40.691936,-111.99147,2022-06-12 15:50:00
1655049600,6276,12.6,97.6,1.31,Philo T. Farnsworth Elementary powered by UTOPIA Fiber,40.691936,-111.99147,2022-06-12 16:00:00
1655050200,6276,11.2,97.8,2.414,Philo T. Farnsworth Elementary powered by UTOPIA Fiber,40.691936,-111.99147,2022-06-12 16:10:00
1655050800,6276,11.2,98.0,2.638,Philo T. Farnsworth Elementary powered by UTOPIA Fiber,40.691936,-111.99147,2022-06-12 16:20:00
1655051400,6276,12.2,98.6,3.258,Philo T. Farnsworth Elementary powered by UTOPIA Fiber,40.691936,-111.99147,2022-06-12 16:30:00
1655052000,6276,11.2,99.0,3.494,Philo T. Farnsworth Elementary powered by UTOPIA Fiber,40.691936,-111.99147,2022-06-12 16:40:00
1655052600,6276,10.6,99.4,3.368,Philo T. Farnsworth Elementary powered by UTOPIA Fiber,40.691936,-111.99147,2022-06-12 16:50:00
1655053200,6276,10.6,100.0,3.302,Philo T. Farnsworth Elementary powered by UTOPIA Fiber,40.691936,-111.99147,2022-06-12 17:00:00
1655053800,6276,10.6,101.0,3.13,Philo T. Farnsworth Elementary powered by UTOPIA Fiber,40.691936,-111.99147,2022-06-12 17:10:00
1655054400,6276,10.4,102.0,3.176,Philo T. Farnsworth Elementary powered by UTOPIA Fiber,40.691936,-111.99147,2022-06-12 17:20:00
1655055000,6276,9.6,102.8,3.378,Philo T. Farnsworth Elementary powered by UTOPIA Fiber,40.691936,-111.99147,2022-06-12 17:30:00
1655055600,6276,9.2,102.6,4.066,Philo T. Farnsworth Elementary powered by UTOPIA Fiber,40.691936,-111.99147,2022-06-12 17:40:00
1655056200,6276,8.6,102.2,3.682,Philo T. Farnsworth Elementary powered by UTOPIA Fiber,40.691936,-111.99147,2022-06-12 17:50:00
1655056800,6276,8.2,103.0,3.048,Philo T. Farnsworth Elementary powered by UTOPIA Fiber,40.691936,-111.99147,2022-06-12 18:00:00
1655057400,6276,7.6,103.6,3.02,Philo T. Farnsworth Elementary powered by UTOPIA Fiber,40.691936,-111.99147,2022-06-12 18:10:00
1655058000,6276,7.4,104.2,3.46,Philo T. Farnsworth Elementary powered by UTOPIA Fiber,40.691936,-111.99147,2022-06-12 18:20:00
1655058600,6276,7.0,104.2,4.072,Philo T. Farnsworth Elementary powered by UTOPIA Fiber,40.691936,-111.99147,2022-06-12 18:30:00
1655059200,6276,6.6,104.8,4.152,Philo T. Farnsworth Elementary powered by UTOPIA Fiber,40.691936,-111.99147,2022-06-12 18:40:00
1655059800,6276,6.0,105.2,4.1,Philo T. Farnsworth Elementary powered by UTOPIA Fiber,40.691936,-111.99147,2022-06-12 18:50:00
1655060400,6276,7.2,105.6,5.036,Philo T. Farnsworth Elementary powered by UTOPIA Fiber,40.691936,-111.99147,2022-06-12 19:00:00
1655061000,6276,7.2,105.8,4.848,Philo T. Farnsworth Elementary powered by UTOPIA Fiber,40.691936,-111.99147,2022-06-12 19:10:00
1655061600,6276,6.4,108.2,4.684,Philo T. Farnsworth Elementary powered by UTOPIA Fiber,40.691936,-111.99147,2022-06-12 19:20:00
1655062200,6276,6.0,109.2,4.876,Philo T. Farnsworth Elementary powered by UTOPIA Fiber,40.691936,-111.99147,2022-06-12 19:30:00
1655062800,6276,5.4,109.4,5.364,Philo T. Farnsworth Elementary powered by UTOPIA Fiber,40.691936,-111.99147,2022-06-12 19:40:00
1655063400,6276,5.8,109.4,4.358,Philo T. Farnsworth Elementary powered by UTOPIA Fiber,40.691936,-111.99147,2022-06-12 19:50:00
1655064000,6276,4.6,109.4,2.908,Philo T. Farnsworth Elementary powered by UTOPIA Fiber,40.691936,-111.99147,2022-06-12 20:00:00
1655064600,6276,3.8,108.8,2.19,Philo T. Farnsworth Elementary powered by UTOPIA Fiber,40.691936,-111.99147,2022-06-12 20:10:00
1655065200,6276,4.2,108.6,2.5,Philo T. Farnsworth Elementary powered by UTOPIA Fiber,40.691936,-111.99147,2022-06-12 20:20:00
1655065800,6276,3.4,108.2,2.99,Philo T. Farnsworth Elementary powered by UTOPIA Fiber,40.691936,-111.99147,2022-06-12 20:30:00
1655066400,6276,4.0,109.8,2.916,Philo T. Farnsworth Elementary powered by UTOPIA Fiber,40.691936,-111.99147,2022-06-12 20:40:00
1655067000,6276,3.8,111.2,3.156,Philo T. Farnsworth Elementary powered by UTOPIA Fiber,40.691936,-111.99147,2022-06-12 20:50:00
1655067600,6276,3.2,111.8,4.038,Philo T. Farnsworth Elementary powered by UTOPIA Fiber,40.691936,-111.99147,2022-06-12 21:00:00
1655068200,6276,3.0,110.8,4.09,Philo T. Farnsworth Elementary powered by UTOPIA Fiber,40.691936,-111.99147,2022-06-12 21:10:00
1655068800,6276,3.2,108.2,4.47,Philo T. Farnsworth Elementary powered by UTOPIA Fiber,40.691936,-111.99147,2022-06-12 21:20:00
1655069400,6276,4.0,108.2,4.922,Philo T. Farnsworth Elementary powered by UTOPIA Fiber,40.691936,-111.99147,2022-06-12 21:30:00
1655070000,6276,3.2,108.6,5.094,Philo T. Farnsworth Elementary powered by UTOPIA Fiber,40.691936,-111.99147,2022-06-12 21:40:00
1655070600,6276,3.2,109.4,5.34,Philo T. Farnsworth Elementary powered by UTOPIA Fiber,40.691936,-111.99147,2022-06-12 21:50:00
1655071200,6276,2.8,108.0,4.704,Philo T. Farnsworth Elementary powered by UTOPIA Fiber,40.691936,-111.99147,2022-06-12 22:00:00
1655071800,6276,2.6,108.0,4.536,Philo T. Farnsworth Elementary powered by UTOPIA Fiber,40.691936,-111.99147,2022-06-12 22:10:00
1655072400,6276,2.6,109.4,4.75,Philo T. Farnsworth Elementary powered by UTOPIA Fiber,40.691936,-111.99147,2022-06-12 22:20:00
1655073000,6276,2.4,109.4,4.714,Philo T. Farnsworth Elementary powered by UTOPIA Fiber,40.691936,-111.99147,2022-06-12 22:30:00
1655073600,6276,2.4,108.6,4.808,Philo T. Farnsworth Elementary powered by UTOPIA Fiber,40.691936,-111.99147,2022-06-12 22:40:00
1655074200,6276,2.0,108.6,4.994,Philo T. Farnsworth Elementary powered by UTOPIA Fiber,40.691936,-111.99147,2022-06-12 22:50:00
1655074800,6276,1.8,108.6,4.248,Philo T. Farnsworth Elementary powered by UTOPIA Fiber,40.691936,-111.99147,2022-06-12 23:00:00
1655075400,6276,2.0,107.8,3.81,Philo T. Farnsworth Elementary powered by UTOPIA Fiber,40.691936,-111.99147,2022-06-12 23:10:00
1655076000,6276,2.6,107.8,4.376,Philo T. Farnsworth Elementary powered by UTOPIA Fiber,40.691936,-111.99147,2022-06-12 23:20:00
1655076600,6276,2.0,106.2,4.378,Philo T. Farnsworth Elementary powered by UTOPIA Fiber,40.691936,-111.99147,2022-06-12 23:30:00
1655077200,6276,2.2,105.4,4.312,Philo T. Farnsworth Elementary powered by UTOPIA Fiber,40.691936,-111.99147,2022-06-12 23:40:00
1655077800,6276,2.8,105.0,4.06,Philo T. Farnsworth Elementary powered by UTOPIA Fiber,40.691936,-111.99147,2022-06-12 23:50:00
